week,bank_name,review_count,avg_rating,positive_count,negative_count,positive_ratio,negative_ratio,avg_close,week_open,week_close,avg_volume,trading_days,weekly_return
2024-01-01,ACB,5,2.8,1,4,20.0,80.0,17275.0,16516.56886827627,17551.009765625,18766738.0,4,6.263
2024-01-01,HDBank,3,4.0,3,0,100.0,0.0,12181.0,12060.64410499184,12362.1591796875,13089754.0,4,2.5
2024-01-01,MSB,6,4.5,5,1,83.33,16.67,8502.0,8333.3330078125,8685.8974609375,20623473.0,4,4.231
2024-01-01,Sacombank,4,2.75,0,4,0.0,100.0,28538.0,28000.0,29300.0,24419875.0,4,4.643
2024-01-01,TPBank,8,2.875,2,6,25.0,75.0,12578.0,12426.463557351059,12818.1279296875,18089946.0,4,3.152
2024-01-01,Techcombank,2,2.0,0,2,0.0,100.0,14989.0,14600.457177278038,15195.4599609375,15929700.0,4,4.075
2024-01-01,Vietcombank,1,4.0,1,0,100.0,0.0,56461.0,55049.68169520333,57241.046875,2796472.0,4,3.981
2024-01-01,VietinBank,14,2.857,4,10,28.57,71.43,19202.0,18552.57172560951,19816.744140625,10975464.0,4,6.814
2024-01-08,ACB,4,2.5,1,3,25.0,75.0,17468.0,17723.418433435276,17792.37890625,21544503.0,5,0.389
2024-01-08,HDBank,1,2.0,0,1,0.0,100.0,12483.0,12392.3115234375,12603.373046875,11069010.0,5,1.703
2024-01-08,MSB,9,4.444,7,2,77.78,22.22,8859.0,8717.9482421875,8942.3076171875,18695258.0,5,2.574
2024-01-08,Sacombank,6,3.5,4,2,66.67,33.33,29450.0,29600.0,29900.0,24789260.0,5,1.014
2024-01-08,TPBank,4,2.5,0,4,0.0,100.0,12996.0,12960.551487144461,13209.7939453125,26486914.0,5,1.923
2024-01-08,Techcombank,1,2.0,0,1,0.0,100.0,15726.0,15332.768024880865,15859.1171875,20211360.0,5,3.433
2024-01-08,VietinBank,21,2.81,5,16,23.81,76.19,20917.0,20158.41154825523,21525.08203125,19800232.0,5,6.78
2024-01-15,ACB,29,2.931,10,19,34.48,65.52,17606.0,17930.30579959792,17895.82421875,16311318.0,5,-0.192
2024-01-15,HDBank,4,3.25,2,2,50.0,50.0,12615.0,12633.524139515197,12633.5244140625,13276447.0,5,0.0
2024-01-15,MSB,3,4.667,3,0,100.0,0.0,8885.0,9006.41015625,9006.41015625,9803820.0,5,0.0
2024-01-15,Sacombank,8,2.875,2,6,25.0,75.0,29925.0,30100.0,30300.0,15302325.0,4,0.664
2024-01-15,TPBank,6,2.833,2,4,33.33,66.67,13146.0,13352.216625541,13245.3984375,10637147.0,5,-0.8
2024-01-15,Techcombank,2,2.0,0,2,0.0,100.0,15731.0,15882.001657024417,15996.42578125,13224400.0,5,0.72
2024-01-15,Vietcombank,3,4.0,3,0,100.0,0.0,60375.0,59100.382235368816,61490.9609375,2455478.0,5,4.045
2024-01-15,VietinBank,5,2.6,1,4,20.0,80.0,21600.0,21559.251664545816,22276.751953125,12969363.0,5,3.328
2024-01-22,ACB,2,4.0,2,0,100.0,0.0,17965.0,18068.233581546086,18137.1953125,12704993.0,5,0.382
2024-01-22,HDBank,1,4.0,1,0,100.0,0.0,12748.0,12663.675660770714,12844.5859375,17124931.0,5,1.429
2024-01-22,MSB,1,5.0,1,0,100.0,0.0,8910.0,9070.5126953125,8878.205078125,9208430.0,5,-2.12
2024-01-22,Sacombank,11,3.727,8,3,72.73,27.27,30460.0,30500.0,30300.0,18874160.0,5,-0.656
2024-01-22,TPBank,3,3.333,2,1,66.67,33.33,13103.0,13245.398901123519,13031.763671875,9766915.0,5,-1.613
2024-01-22,Techcombank,7,2.0,0,7,0.0,100.0,16115.0,16156.618886355507,16202.3876953125,13272560.0,5,0.283
2024-01-22,Vietcombank,3,4.0,3,0,100.0,0.0,60774.0,62088.604412499495,61092.53125,1464591.0,5,-1.604
2024-01-22,VietinBank,9,3.222,4,5,44.44,55.56,22003.0,22242.586766775272,21935.0859375,10875365.0,5,-1.382
2024-01-29,ACB,6,2.833,1,5,16.67,83.33,17917.0,18275.11905171882,18102.712890625,16376134.0,5,-0.943
2024-01-29,HDBank,2,2.5,0,2,0.0,100.0,13170.0,12844.585389542095,13477.76953125,12514047.0,5,4.93
2024-01-29,MSB,1,5.0,1,0,100.0,0.0,8763.0,8910.2568359375,8653.845703125,11737128.0,5,-2.878
2024-01-29,Sacombank,22,2.864,7,15,31.82,68.18,30130.0,30300.0,29900.0,15501320.0,5,-1.32
2024-01-29,TPBank,4,2.5,1,3,25.0,75.0,12768.0,13031.764236996396,12462.068359375,10128442.0,5,-4.372
2024-01-29,Techcombank,3,2.0,0,3,0.0,100.0,15864.0,16225.273293439715,15630.26953125,17410200.0,5,-3.667
2024-01-29,Vietcombank,5,4.0,5,0,100.0,0.0,59871.0,60959.72063682894,59963.64453125,1277866.0,5,-1.634
2024-01-29,VietinBank,7,2.714,1,6,14.29,85.71,21846.0,21935.085642897535,21661.75,10707232.0,5,-1.246
2024-02-05,ACB,5,3.6,4,1,80.0,20.0,19229.0,18102.712045812932,19309.560546875,25911257.0,3,6.667
2024-02-05,HDBank,2,2.5,0,2,0.0,100.0,13910.0,13477.769828541605,14201.408203125,12906904.0,3,5.369
2024-02-05,MSB,2,4.5,2,0,100.0,0.0,8964.0,8717.9482421875,9038.4619140625,10176920.0,3,3.676
2024-02-05,Sacombank,15,2.6,4,11,26.67,73.33,30833.0,30000.0,31100.0,15963767.0,3,3.667
2024-02-05,TPBank,4,2.75,1,3,25.0,75.0,12996.0,12462.069390921557,13174.1875,22954428.0,3,5.714
2024-02-05,Techcombank,2,2.0,0,2,0.0,100.0,16546.0,15767.578875990317,17072.0078125,17922000.0,3,8.273
2024-02-05,Vietcombank,6,4.0,6,0,100.0,0.0,59654.0,59897.24150469248,59764.4296875,2435205.0,3,-0.222
2024-02-05,VietinBank,14,2.786,3,11,21.43,78.57,23643.0,21695.917376527996,24258.427734375,21322250.0,3,11.811
2024-02-12,ACB,3,3.667,2,1,66.67,33.33,18896.0,19344.040967302662,19033.708984375,16425251.0,2,-1.604
2024-02-12,HDBank,4,4.75,4,0,100.0,0.0,14156.0,14261.7109375,14050.6494140625,10107882.0,2,-1.48
2024-02-12,MSB,4,5.0,4,0,100.0,0.0,9696.0,9102.564453125,9743.58984375,43505280.0,2,7.042
2024-02-12,Sacombank,7,2.857,2,5,28.57,71.43,31025.0,31200.0,30800.0,19036000.0,2,-1.282
2024-02-12,TPBank,6,2.833,1,5,16.67,83.33,13441.0,13281.00478522806,13459.03515625,25362729.0,2,1.34
2024-02-12,Techcombank,5,2.0,0,5,0.0,100.0,17598.0,17163.54751586914,17621.2421875,24387330.0,2,2.667
2024-02-12,Vietcombank,5,4.0,5,0,100.0,0.0,59598.0,59764.43325631165,59498.8125,1451869.0,2,-0.444
2024-02-12,VietinBank,5,3.0,1,4,20.0,80.0,24002.0,24326.76061149949,24087.59375,11914430.0,2,-0.983
2024-02-19,ACB,5,3.0,2,3,40.0,60.0,19020.0,19102.673828125,18826.822265625,18404333.0,5,-1.444
2024-02-19,HDBank,4,3.5,2,2,50.0,50.0,13972.0,14050.650114690097,13568.224609375,13678300.0,5,-3.433
2024-02-19,MSB,5,4.0,3,2,60.0,40.0,10019.0,9775.640625,9871.794921875,50561347.0,5,0.984
2024-02-19,Sacombank,7,2.429,1,6,14.29,85.71,30920.0,30950.0,30650.0,25469460.0,5,-0.969
2024-02-19,TPBank,2,3.5,1,1,50.0,50.0,13630.0,13459.034226012242,13601.458984375,27971018.0,5,1.058
2024-02-19,Techcombank,2,2.0,0,2,0.0,100.0,18051.0,17644.12526359656,18353.552734375,33023400.0,5,4.021
2024-02-19,Vietcombank,2,4.0,2,0,100.0,0.0,59911.0,59698.02445944027,59033.9765625,2185630.0,5,-1.112
2024-02-19,VietinBank,4,2.75,1,3,25.0,75.0,24197.0,23985.092344056982,24053.42578125,17672202.0,5,0.285
2024-02-26,ACB,2,3.0,1,1,50.0,50.0,19158.0,18826.822807336583,19171.634765625,14265400.0,5,1.831
2024-02-26,HDBank,9,3.778,5,4,55.56,44.44,13894.0,13568.224484480046,14050.6494140625,10779916.0,5,3.556
2024-02-26,MSB,5,5.0,5,0,100.0,0.0,10064.0,9807.6923828125,10096.154296875,44651599.0,5,2.941
2024-02-26,Sacombank,5,3.2,2,3,40.0,60.0,31230.0,30650.0,31950.0,23920680.0,5,4.241
2024-02-26,TPBank,4,2.75,1,3,25.0,75.0,13958.0,13565.853462497598,14135.546875,23705411.0,5,4.199
2024-02-26,Techcombank,3,2.0,0,3,0.0,100.0,19168.0,18399.321070995145,19154.517578125,22576640.0,5,4.104
2024-02-26,Vietcombank,1,4.0,1,0,100.0,0.0,62766.0,59033.97856749325,64611.9921875,3360580.0,5,9.449
2024-02-26,VietinBank,7,3.143,3,4,42.86,57.14,24450.0,24053.42661046368,24326.76171875,13748089.0,5,1.136
2024-03-04,ACB,2,3.0,1,1,50.0,50.0,19020.0,19171.634765625,18654.4140625,17291290.0,5,-2.698
2024-03-04,HDBank,2,3.5,1,1,50.0,50.0,14039.0,14050.6494140625,13869.7412109375,10363299.0,5,-1.288
2024-03-04,MSB,6,3.833,4,2,66.67,33.33,9865.0,10096.154296875,9519.23046875,23583759.0,5,-5.714
2024-03-04,Sacombank,8,3.125,4,4,50.0,50.0,31430.0,32100.0,30650.0,20087180.0,5,-4.517
2024-03-04,TPBank,3,2.333,0,3,0.0,100.0,13680.0,14171.152590786905,13245.3984375,20575523.0,5,-6.533
2024-03-04,Techcombank,3,2.0,0,3,0.0,100.0,19260.0,19108.748121546447,18765.478515625,23947440.0,5,-1.796
2024-03-04,Vietcombank,5,4.0,5,0,100.0,0.0,63483.0,65076.82147777029,63151.08203125,3012126.0,5,-2.959
2024-03-04,VietinBank,13,2.923,4,9,30.77,69.23,24443.0,24326.76115627951,23575.08984375,19247775.0,5,-3.09
2024-03-11,ACB,4,3.25,2,2,50.0,50.0,18723.0,18654.414305565628,18861.302734375,12574542.0,5,1.109
2024-03-11,BIDV,2,4.0,2,0,100.0,0.0,42339.0,42338.905808009025,42665.84765625,1827753.0,5,0.772
2024-03-11,HDBank,3,4.0,2,1,66.67,33.33,13882.0,13869.740601478801,13869.7412109375,12337073.0,5,0.0
2024-03-11,MSB,6,4.667,5,1,83.33,16.67,9455.0,9519.23046875,9423.0771484375,22821583.0,5,-1.01
2024-03-11,Sacombank,12,2.75,2,10,16.67,83.33,30450.0,30600.0,30500.0,16809160.0,5,-0.327
2024-03-11,TPBank,2,2.5,0,2,0.0,100.0,13324.0,13209.793480840372,13387.822265625,11696606.0,5,1.348
2024-03-11,Techcombank,3,2.0,0,3,0.0,100.0,18894.0,18719.706644492573,18948.556640625,22406720.0,5,1.223
2024-03-11,Vietcombank,4,4.0,4,0,100.0,0.0,62885.0,63151.08262958986,62420.62890625,3361328.0,5,-1.157
2024-03-11,VietinBank,13,2.615,1,12,7.69,92.31,23643.0,23575.08985927047,23745.92578125,10912104.0,5,0.725
2024-03-18,ACB,2,3.0,1,1,50.0,50.0,18951.0,18757.85962855928,19413.00390625,57434323.0,5,3.493
2024-03-18,BIDV,2,4.0,2,0,100.0,0.0,43124.0,42502.375,44300.55078125,2813202.0,5,4.231
2024-03-18,HDBank,6,4.5,5,1,83.33,16.67,13864.0,13869.741167629536,14352.166015625,14777252.0,5,3.478
2024-03-18,MSB,4,3.75,2,2,50.0,50.0,9397.0,9455.1279296875,9647.435546875,31594309.0,5,2.034
2024-03-18,Sacombank,3,3.0,1,2,33.33,66.67,30990.0,30500.0,31650.0,23346440.0,5,3.77
2024-03-18,TPBank,4,3.0,2,2,50.0,50.0,13188.0,13530.246531043906,13352.216796875,17272722.0,5,-1.316
2024-03-18,Techcombank,2,2.0,0,2,0.0,100.0,19470.0,18857.016774470074,20550.486328125,29469040.0,5,8.981
2024-03-18,Vietcombank,4,3.5,3,1,75.0,25.0,62460.0,62619.843362418644,64014.34765625,2236998.0,5,2.227
2024-03-18,VietinBank,7,2.857,1,6,14.29,85.71,23445.0,23745.924369871955,24395.09375,15893216.0,5,2.734
2024-03-25,ACB,4,3.75,3,1,75.0,25.0,19351.0,19344.042900933753,19654.373046875,27300151.0,5,1.604
2024-03-25,BIDV,2,4.0,2,0,100.0,0.0,43025.0,44300.54942302759,42584.109375,1816646.0,5,-3.875
2024-03-25,HDBank,1,5.0,1,0,100.0,0.0,14503.0,14352.16641738694,14533.076171875,14113405.0,5,1.261
2024-03-25,MSB,4,4.25,3,1,75.0,25.0,9455.0,9615.384765625,9326.9228515625,23198729.0,5,-3.0
2024-03-25,Sacombank,6,3.0,1,5,16.67,83.33,31270.0,31600.0,31600.0,25325040.0,5,0.0
2024-03-25,TPBank,4,2.75,1,3,25.0,75.0,13609.0,13387.823140233653,13601.458984375,13088427.0,5,1.596
2024-03-25,Techcombank,3,2.0,0,3,0.0,100.0,21223.0,20870.872453962053,21763.375,28812088.0,5,4.276
2024-03-25,Vietcombank,3,4.0,3,0,100.0,0.0,63536.0,63084.68199556119,63018.2734375,1727054.0,5,-0.105
2024-03-25,VietinBank,1,2.0,0,1,0.0,100.0,24149.0,24258.426880923344,24292.59375,8810629.0,5,0.141
2024-04-01,ACB,5,2.4,0,5,0.0,100.0,19247.0,19447.484545114217,18723.376953125,15249218.0,5,-3.723
2024-04-01,BIDV,2,4.0,2,0,100.0,0.0,41881.0,42665.84461329648,41031.13671875,1855245.0,5,-3.831
2024-04-01,HDBank,2,5.0,2,0,100.0,0.0,14232.0,14533.075744442862,14080.8017578125,10590454.0,5,-3.112
2024-04-01,MSB,8,4.75,7,1,87.5,12.5,9250.0,9326.9228515625,9102.564453125,14743092.0,5,-2.405
2024-04-01,Sacombank,16,3.125,5,11,31.25,68.75,30200.0,31500.0,29600.0,43081480.0,5,-6.032
2024-04-01,TPBank,2,3.0,1,1,50.0,50.0,13203.0,13530.246704662362,12960.5517578125,14833274.0,5,-4.211
2024-04-01,Techcombank,11,2.0,0,11,0.0,100.0,21338.0,21763.37687903385,20687.794921875,32208712.0,5,-4.942
2024-04-01,Vietcombank,3,3.333,2,1,66.67,33.33,63005.0,63018.274427858785,63018.2734375,2053891.0,5,-0.0
2024-04-01,VietinBank,3,3.0,1,2,33.33,66.67,23343.0,24190.092375925255,22686.75390625,11914025.0,5,-6.215
2024-04-08,ACB,5,3.0,2,3,40.0,60.0,18854.0,18723.376953125,19309.560546875,64465447.0,5,3.131
2024-04-08,BIDV,1,4.0,1,0,100.0,0.0,42813.0,41031.1393541694,43646.66796875,2551769.0,5,6.374
2024-04-08,HDBank,13,4.231,9,4,69.23,30.77,14485.0,14080.801654646108,14653.6826171875,16598348.0,5,4.069
2024-04-08,MSB,8,4.125,6,2,75.0,25.0,9231.0,9102.564453125,9391.025390625,6526822.0,5,3.169
2024-04-08,Sacombank,14,2.714,2,12,14.29,85.71,29040.0,29300.0,29100.0,17293960.0,5,-0.683
2024-04-08,TPBank,6,3.0,2,4,33.33,66.67,13139.0,12960.552220620717,13316.6103515625,9633708.0,5,2.747
2024-04-08,Techcombank,8,2.0,0,8,0.0,100.0,21004.0,20596.256224244506,21694.72265625,21201600.0,5,5.333
2024-04-08,Vietcombank,4,3.5,3,1,75.0,25.0,62726.0,63018.2734375,62819.0625,1314972.0,5,-0.316
2024-04-08,VietinBank,12,3.167,5,7,41.67,58.33,23370.0,22755.08954763344,24531.76171875,14568950.0,5,7.808
2024-04-15,ACB,2,2.0,0,2,0.0,100.0,18508.0,19171.6353461231,18344.08203125,20499212.0,4,-4.317
2024-04-15,BIDV,1,4.0,1,0,100.0,0.0,40142.0,43564.933462374574,39519.03515625,2732966.0,4,-9.287
2024-04-15,HDBank,7,4.571,6,1,85.71,14.29,13907.0,14623.530479791725,13417.4658203125,25385288.0,4,-8.247
2024-04-15,MSB,6,4.167,5,1,83.33,16.67,8662.0,9391.025390625,8621.794921875,23059647.0,4,-8.191
2024-04-15,Sacombank,4,2.25,0,4,0.0,100.0,27100.0,29000.0,26800.0,20755900.0,4,-7.586
2024-04-15,TPBank,5,2.2,0,5,0.0,100.0,12231.0,13138.581097385453,11821.1630859375,14993465.0,4,-10.027
2024-04-15,Techcombank,4,2.0,0,4,0.0,100.0,20510.0,21603.18552927928,20367.408203125,28161500.0,4,-5.72
2024-04-15,Vietcombank,7,2.857,3,4,42.86,57.14,60428.0,62819.06168441344,60096.45703125,2599618.0,4,-4.334
2024-04-15,VietinBank,9,3.111,3,6,33.33,66.67,22516.0,24463.426607998954,21593.41796875,27920499.0,4,-11.732
2024-04-22,ACB,4,3.25,1,3,25.0,75.0,18503.0,18550.97131917413,18516.48828125,8880512.0,5,-0.186
2024-04-22,BIDV,5,4.0,5,0,100.0,0.0,40590.0,39886.84420443194,40213.78515625,1893190.0,5,0.82
2024-04-22,HDBank,7,3.857,4,3,57.14,42.86,13641.0,13447.617614677252,14231.5595703125,19535360.0,5,5.83
2024-04-22,MSB,7,4.714,6,1,85.71,14.29,8724.0,8653.845703125,8717.9482421875,17638109.0,5,0.741
2024-04-22,OCB,1,2.0,0,1,0.0,100.0,9962.0,10056.236259475274,9946.9287109375,4139592.0,5,-1.087
2024-04-22,Sacombank,3,3.333,1,2,33.33,66.67,28140.0,27400.0,28200.0,13585600.0,5,2.92
2024-04-22,TPBank,10,3.2,4,6,40.0,60.0,12619.0,12106.009438640696,12746.9169921875,11649403.0,5,5.294
2024-04-22,Techcombank,6,2.0,0,6,0.0,100.0,21164.0,20756.449145372928,21328.568359375,21658806.0,5,2.756
2024-04-22,Vietcombank,3,4.0,3,0,100.0,0.0,60229.0,60096.45737042402,60561.2890625,2396245.0,5,0.773
2024-04-22,VietinBank,8,3.0,2,6,25.0,75.0,22215.0,21900.91906534067,22413.419921875,12047586.0,5,2.34
2024-04-29,ACB,5,2.4,0,5,0.0,100.0,18792.0,18516.48922134377,18964.748046875,8955904.0,2,2.421
2024-04-29,BIDV,3,4.0,3,0,100.0,0.0,40214.0,40295.52039770729,40213.78515625,1462527.0,2,-0.203
2024-04-29,HDBank,7,3.429,3,4,42.86,57.14,14503.0,14231.559295813215,14744.13671875,13824512.0,2,3.602
2024-04-29,MSB,3,4.0,2,1,66.67,33.33,8702.0,8717.9482421875,8685.8974609375,8841846.0,2,-0.368
2024-04-29,OCB,2,3.0,1,1,50.0,50.0,9965.0,9946.9287109375,9983.3642578125,1460786.0,2,0.366
2024-04-29,Sacombank,4,2.75,1,3,25.0,75.0,27575.0,28350.0,27550.0,9452800.0,2,-2.822
2024-04-29,TPBank,4,2.5,1,3,25.0,75.0,12515.0,12746.916623189776,12462.068359375,6058458.0,2,-2.235
2024-04-29,Techcombank,2,2.0,0,2,0.0,100.0,21752.0,21420.10550627001,22060.87890625,19187260.0,2,2.991
2024-04-29,Vietcombank,3,4.0,3,0,100.0,0.0,61225.0,61158.93682250026,61424.5546875,2068407.0,2,0.434
2024-04-29,VietinBank,7,2.714,2,5,28.57,71.43,22123.0,22413.419089369305,22140.0859375,9142332.0,2,-1.22
2024-05-06,ACB,5,2.8,1,4,20.0,80.0,19048.0,18964.747258130123,19102.673828125,10706854.0,5,0.727
2024-05-06,BIDV,2,4.0,2,0,100.0,0.0,40680.0,40295.52088366213,40091.18359375,1238372.0,5,-0.507
2024-05-06,HDBank,9,3.889,6,3,66.67,33.33,14485.0,14774.288270223404,14291.86328125,18366195.0,5,-3.265
2024-05-06,MSB,5,4.6,4,1,80.0,20.0,9045.0,8782.0517578125,9038.4619140625,15505464.0,5,2.92
2024-05-06,OCB,4,2.5,0,4,0.0,100.0,10202.0,10092.672010331009,10129.107421875,1624172.0,5,0.361
2024-05-06,Sacombank,9,2.556,0,9,0.0,100.0,27950.0,27950.0,27600.0,8271100.0,5,-1.252
2024-05-06,TPBank,4,3.25,2,2,50.0,50.0,12754.0,12604.493114008012,12889.33984375,8727240.0,5,2.26
2024-05-06,Techcombank,2,2.0,0,2,0.0,100.0,22097.0,22198.185431747672,22198.185546875,23248052.0,5,0.0
2024-05-06,Vietcombank,3,3.333,2,1,66.67,33.33,61544.0,61690.17612025429,61092.53125,1599783.0,5,-0.969
2024-05-06,VietinBank,11,3.091,3,8,27.27,72.73,22461.0,22276.753050632815,22447.587890625,9692384.0,5,0.767
2024-05-13,ACB,3,2.333,0,3,0.0,100.0,19261.0,19309.56258395577,19481.966796875,15809469.0,5,0.893
2024-05-13,BIDV,3,4.0,3,0,100.0,0.0,39928.0,40213.78646470045,40336.390625,2412970.0,5,0.305
2024-05-13,HDBank,7,4.429,5,2,71.43,28.57,14298.0,14291.862826756764,14653.6826171875,16665953.0,5,2.532
2024-05-13,MSB,8,5.0,8,0,100.0,0.0,9064.0,8974.359375,9166.6669921875,9371669.0,5,2.143
2024-05-13,OCB,4,2.5,0,4,0.0,100.0,10275.0,10165.542832441875,10566.3349609375,2516131.0,5,3.943
2024-05-13,Sacombank,1,4.0,1,0,100.0,0.0,27840.0,27700.0,28500.0,10029020.0,5,2.888
2024-05-13,TPBank,7,2.571,0,7,0.0,100.0,12918.0,12889.339892690974,13102.9755859375,11615310.0,5,1.657
2024-05-13,Techcombank,4,2.0,0,4,0.0,100.0,22340.0,22198.18742736312,22770.306640625,23792220.0,5,2.577
2024-05-13,Vietcombank,8,3.5,6,2,75.0,25.0,60694.0,61158.93777631164,60959.72265625,1822727.0,5,-0.326
2024-05-13,VietinBank,13,3.231,5,8,38.46,61.54,22311.0,22447.58816709889,22618.419921875,11978766.0,5,0.761
2024-05-20,ACB,5,3.6,4,1,80.0,20.0,19599.0,19654.372889079725,20171.59375,20759832.0,5,2.632
2024-05-20,BIDV,6,4.0,6,0,100.0,0.0,40557.0,40540.7265625,40213.78515625,2576978.0,5,-0.806
2024-05-20,HDBank,6,3.833,4,2,66.67,33.33,14810.0,14683.83410521794,14593.37890625,17418508.0,5,-0.616
2024-05-20,MSB,5,4.6,4,1,80.0,20.0,9192.0,9230.76953125,9134.615234375,15820855.0,5,-1.042
2024-05-20,OCB,2,2.5,0,2,0.0,100.0,10537.0,10930.691663520023,10529.8994140625,2920431.0,5,-3.667
2024-05-20,Sacombank,5,2.8,1,4,20.0,80.0,28370.0,28750.0,28700.0,13437520.0,5,-0.174
2024-05-20,TPBank,4,2.5,0,4,0.0,100.0,12961.0,13102.975075105864,12640.0986328125,11711196.0,5,-3.533
2024-05-20,Techcombank,1,3.0,0,1,0.0,100.0,22718.0,22861.843563333125,22601.291015625,29968600.0,5,-1.14
2024-05-20,Vietcombank,2,4.0,2,0,100.0,0.0,60415.0,61291.74476705663,59897.2421875,2370834.0,5,-2.275
2024-05-20,VietinBank,19,2.737,5,14,26.32,73.68,22653.0,22755.0892818387,22208.419921875,14586180.0,5,-2.402
2024-05-27,ACB,8,3.125,3,5,37.5,62.5,20335.0,20344.002349144328,20470.0078125,15624258.0,5,0.619
2024-05-27,BIDV,3,4.0,3,0,100.0,0.0,39462.0,40377.254318923726,38497.34375,1801290.0,5,-4.656
2024-05-27,HDBank,12,4.5,10,2,83.33,16.67,14201.0,14593.379151691795,14020.498046875,18591040.0,5,-3.926
2024-05-27,MSB,3,4.333,3,0,100.0,0.0,9147.0,9070.5126953125,9166.6669921875,38689473.0,5,1.06
2024-05-27,OCB,1,2.0,0,1,0.0,100.0,10661.0,10493.46407076139,10748.513671875,2401746.0,5,2.431
2024-05-27,Sacombank,1,4.0,1,0,100.0,0.0,28300.0,28800.0,27850.0,9590940.0,5,-3.299
2024-05-27,TPBank,7,2.571,1,6,14.29,85.71,12619.0,12640.099146262392,12568.88671875,6763882.0,5,-0.563
2024-05-27,Techcombank,8,2.5,0,8,0.0,100.0,22767.0,22601.290322580648,22893.548828125,13598840.0,5,1.293
2024-05-27,Vietcombank,6,4.0,6,0,100.0,0.0,59300.0,60030.05012826271,57905.09375,3163991.0,5,-3.54
2024-05-27,VietinBank,6,3.5,4,2,66.67,33.33,21860.0,22345.085392645313,21798.416015625,18892038.0,5,-2.446
2024-06-03,ACB,9,3.0,3,6,33.33,66.67,20362.0,20636.091868047355,20428.486328125,12388812.0,5,-1.006
2024-06-03,BIDV,7,4.0,7,0,100.0,0.0,38939.0,39151.22786561982,39028.62109375,1925006.0,5,-0.313
2024-06-03,HDBank,9,4.0,6,3,66.67,33.33,14358.0,14080.80111815265,14291.86328125,10387951.0,5,1.499
2024-06-03,MSB,3,4.333,2,1,66.67,33.33,9462.0,9230.76953125,9487.1796875,30791405.0,5,2.778
2024-06-03,Sacombank,22,2.409,2,20,9.09,90.91,30150.0,28100.0,30750.0,22453440.0,5,9.431
2024-06-03,TPBank,10,2.9,3,7,30.0,70.0,12882.0,12640.099354520065,12889.33984375,8706096.0,5,1.972
2024-06-03,Techcombank,6,2.167,0,6,0.0,100.0,23317.0,23137.09715502386,23916.453125,27833360.0,5,3.368
2024-06-03,Vietcombank,11,2.909,5,6,45.45,54.55,58861.0,58436.332709955954,58768.359375,2861807.0,5,0.568
2024-06-03,VietinBank,11,2.727,2,9,18.18,81.82,22304.0,22037.58399478799,22413.419921875,13694023.0,5,1.705
2024-06-10,ACB,12,2.583,2,10,16.67,83.33,20345.0,20428.486618202063,20428.486328125,12909049.0,5,-0.0
2024-06-10,BIDV,5,4.0,5,0,100.0,0.0,39029.0,39110.35720055955,38824.28515625,2929189.0,5,-0.731
2024-06-10,HDBank,4,3.75,2,2,50.0,50.0,14412.0,14322.01479785803,14442.62109375,16015273.0,5,0.842
2024-06-10,MSB,11,4.182,8,3,72.73,27.27,9577.0,9583.3330078125,9487.1796875,17415832.0,5,-1.003
2024-06-10,OCB,4,2.75,1,3,25.0,75.0,11186.0,11258.612170743689,11076.4345703125,4419955.0,5,-1.618
2024-06-10,Sacombank,12,3.333,5,7,41.67,58.33,31170.0,31200.0,30550.0,15274520.0,5,-2.083
2024-06-10,TPBank,7,3.571,5,2,71.43,28.57,13196.0,12996.157181215944,13281.0048828125,20448515.0,5,2.192
2024-06-10,Techcombank,6,2.667,0,6,0.0,100.0,23980.0,24111.291279236964,23916.453125,24076224.0,5,-0.808
2024-06-10,Vietcombank,4,3.5,3,1,75.0,25.0,58410.0,59033.97746424417,58104.3125,3525476.0,5,-1.575
2024-06-10,VietinBank,10,3.0,2,8,20.0,80.0,22810.0,22515.921571661507,22413.419921875,16513172.0,5,-0.455
2024-06-17,ACB,10,3.0,4,6,40.0,60.0,20445.0,20428.48640020117,20386.96484375,8276642.0,5,-0.203
2024-06-17,BIDV,3,4.0,3,0,100.0,0.0,37631.0,38824.28600739491,37271.3125,2684301.0,5,-4.0
2024-06-17,HDBank,5,3.8,3,2,60.0,40.0,14195.0,14442.621345944104,13960.1943359375,18546895.0,5,-3.34
2024-06-17,MSB,8,4.5,6,2,75.0,25.0,9346.0,9487.1796875,9262.8203125,27406723.0,5,-2.365
2024-06-17,OCB,3,3.333,2,1,66.67,33.33,10763.0,11076.43410096685,10566.3349609375,11385076.0,5,-4.605
2024-06-17,Sacombank,12,2.833,4,8,33.33,66.67,30670.0,30400.0,30650.0,15199780.0,5,0.822
2024-06-17,TPBank,5,2.6,1,4,20.0,80.0,13292.0,13316.611015350209,13342.48046875,10584733.0,5,0.194
2024-06-17,Techcombank,9,2.444,0,9,0.0,100.0,23800.0,23892.097855179396,23867.7421875,45732340.0,5,-0.102
2024-06-17,Vietcombank,113,3.035,41,72,36.28,63.72,57480.0,58170.71320508008,57108.234375,3180917.0,5,-1.826
2024-06-17,VietinBank,15,3.333,7,8,46.67,53.33,22140.0,22413.418528959075,22003.41796875,10441474.0,5,-1.829
2024-06-24,ACB,22,2.864,6,16,27.27,72.73,19930.0,20428.48715207856,19764.14453125,12767100.0,5,-3.252
2024-06-24,BIDV,17,4.0,17,0,100.0,0.0,36135.0,37598.25478481131,35350.53125,2474859.0,5,-5.978
2024-06-24,HDBank,10,4.7,9,1,90.0,10.0,13701.0,13960.194894673243,13869.7412109375,20361433.0,5,-0.648
2024-06-24,MSB,6,4.333,5,1,83.33,16.67,9160.0,9262.8203125,9166.6669921875,41012595.0,5,-1.038
2024-06-24,OCB,26,2.846,7,19,26.92,73.08,10428.0,10566.334629715684,10274.8505859375,30142502.0,5,-2.759
2024-06-24,Sacombank,19,3.368,8,11,42.11,57.89,29320.0,30650.0,28800.0,12708980.0,5,-6.036
2024-06-24,TPBank,6,2.833,0,6,0.0,100.0,12849.0,13305.622538560236,12679.04296875,7404594.0,5,-4.709
2024-06-24,Techcombank,15,2.2,0,15,0.0,100.0,23137.0,23867.74199993476,22747.419921875,28986660.0,5,-4.694
2024-06-24,Vietcombank,73,2.89,21,52,28.77,71.23,56657.0,57108.23272811127,56576.99609375,2436454.0,5,-0.93
2024-06-24,VietinBank,14,3.214,7,7,50.0,50.0,21436.0,22003.418258713107,21183.4140625,8565002.0,5,-3.727
2024-07-01,ACB,14,2.786,3,11,21.43,78.57,20022.0,19764.14453125,20179.359375,7783545.0,5,2.101
2024-07-01,BIDV,10,4.0,10,0,100.0,0.0,37835.0,35391.401064865444,38660.81640625,4051137.0,5,9.238
2024-07-01,HDBank,29,4.103,20,9,68.97,31.03,14551.0,13869.740601478801,14713.9853515625,18832264.0,5,6.087
2024-07-01,MSB,16,4.0,10,6,62.5,37.5,9404.0,9166.6669921875,9391.025390625,7634796.0,5,2.448
2024-07-01,OCB,16,2.688,3,13,18.75,81.25,10523.0,10274.84988631138,10675.642578125,1282624.0,5,3.901
2024-07-01,Sacombank,16,2.812,3,13,18.75,81.25,29760.0,29000.0,30100.0,5629540.0,5,3.793
2024-07-01,TPBank,13,2.692,3,10,23.08,76.92,12930.0,12679.042879474664,13047.619140625,3981048.0,5,2.907
2024-07-01,Techcombank,12,2.333,0,12,0.0,100.0,22611.0,22503.87148178808,22893.548828125,8716140.0,5,1.732
2024-07-01,Vietcombank,118,2.72,28,90,23.73,76.27,58277.0,56975.42676811911,58436.33203125,3329009.0,5,2.564
2024-07-01,VietinBank,31,2.871,8,23,25.81,74.19,22092.0,21080.91489725885,22345.0859375,6068660.0,5,5.997
2024-07-08,ACB,8,3.25,4,4,50.0,50.0,20088.0,20179.359448149098,19930.23046875,12087673.0,5,-1.235
2024-07-08,BIDV,7,4.0,7,0,100.0,0.0,38383.0,38865.15126588873,38088.66796875,2251576.0,5,-1.998
2024-07-08,HDBank,11,4.273,8,3,72.73,27.27,15152.0,14774.287717579216,15517.7734375,36398120.0,5,5.032
2024-07-08,MSB,7,4.857,7,0,100.0,0.0,9269.0,9358.974609375,9262.8203125,10296156.0,5,-1.027
2024-07-08,OCB,18,2.444,2,16,11.11,88.89,10610.0,10675.642578125,10529.8994140625,1812040.0,5,-1.365
2024-07-08,Sacombank,12,2.917,4,8,33.33,66.67,29990.0,30000.0,29750.0,13805660.0,5,-0.833
2024-07-08,TPBank,8,2.75,1,7,12.5,87.5,13173.0,13047.619784312332,13231.908203125,9909454.0,5,1.412
2024-07-08,Techcombank,12,2.833,0,12,0.0,100.0,22514.0,22893.549523587422,22211.61328125,10307400.0,5,-2.979
2024-07-08,Vietcombank,36,2.778,9,27,25.0,75.0,58383.0,58436.333284511704,58170.7109375,11431539.0,5,-0.455
2024-07-08,VietinBank,23,3.13,10,13,43.48,56.52,22126.0,22379.251679373407,21866.751953125,6664606.0,5,-2.29
2024-07-15,ACB,7,2.714,1,6,14.29,85.71,20337.0,19930.23063090857,20843.701171875,18715928.0,5,4.583
2024-07-15,BIDV,6,4.0,6,0,100.0,0.0,38890.0,38415.611313511756,38987.7578125,5792581.0,5,1.489
2024-07-15,HDBank,5,2.2,1,4,20.0,80.0,15987.0,15549.9013671875,16031.8193359375,33669700.0,5,3.099
2024-07-15,MSB,12,4.417,10,2,83.33,16.67,9449.0,9294.8720703125,9583.3330078125,15736578.0,5,3.103
2024-07-15,OCB,11,1.636,0,11,0.0,100.0,10639.0,10566.334823807872,11003.5625,3115065.0,5,4.138
2024-07-15,Sacombank,11,2.818,2,9,18.18,81.82,30190.0,29800.0,30300.0,15543360.0,5,1.678
2024-07-15,TPBank,3,3.0,1,2,33.33,66.67,13232.0,13231.908241968069,13563.626953125,16542200.0,5,2.507
2024-07-15,Techcombank,7,2.571,0,7,0.0,100.0,22631.0,22260.323089128036,22796.12890625,15637262.0,5,2.407
2024-07-15,Vietcombank,22,2.955,7,15,31.82,68.18,58290.0,58170.71453451725,58104.3125,3667984.0,5,-0.114
2024-07-15,VietinBank,9,3.444,5,4,55.56,44.44,22475.0,21900.919359484255,22823.421875,15178232.0,5,4.212
2024-07-22,ACB,3,3.0,1,2,33.33,66.67,20113.0,20843.699717962965,20013.2734375,13687921.0,5,-3.984
2024-07-22,BIDV,6,4.0,6,0,100.0,0.0,37933.0,38987.7578125,37802.59375,3648150.0,5,-3.04
2024-07-22,HDBank,9,4.333,8,1,88.89,11.11,16135.0,15967.5634765625,16128.203125,13646179.0,5,1.006
2024-07-22,MSB,5,4.4,4,1,80.0,20.0,9397.0,9615.384765625,9423.0771484375,16148340.0,5,-2.0
2024-07-22,OCB,39,1.231,0,39,0.0,100.0,10734.0,11076.4345703125,10784.94921875,3501480.0,5,-2.632
2024-07-22,Sacombank,6,2.667,0,6,0.0,100.0,29220.0,30300.0,29100.0,12227522.0,5,-3.96
2024-07-22,TPBank,8,2.875,3,5,37.5,62.5,13261.0,13563.626538508624,13158.1923828125,19197845.0,5,-2.989
2024-07-22,Techcombank,15,2.6,0,15,0.0,100.0,22445.0,22698.709987777485,22162.904296875,11562100.0,5,-2.361
2024-07-22,Vietcombank,25,2.44,4,21,16.0,84.0,58078.0,58104.30924795468,57971.5,2564224.0,5,-0.229
2024-07-22,VietinBank,10,3.0,1,9,10.0,90.0,22120.0,22686.75279696654,21900.91796875,14038295.0,5,-3.464
2024-07-29,ACB,7,3.429,4,3,57.14,42.86,20055.0,20179.359595355985,19888.7109375,10568872.0,5,-1.44
2024-07-29,BIDV,5,4.0,5,0,100.0,0.0,38587.0,37884.327528702706,39028.62109375,2972486.0,5,3.02
2024-07-29,HDBank,25,3.32,13,12,52.0,48.0,16546.0,16160.3310546875,16770.76171875,15475866.0,5,3.777
2024-07-29,MSB,12,4.667,11,1,91.67,8.33,9353.0,9455.1279296875,9294.8720703125,13951548.0,5,-1.695
2024-07-29,OCB,23,1.261,0,23,0.0,100.0,10683.0,10748.512957128043,10675.642578125,3302933.0,5,-0.678
2024-07-29,Sacombank,10,2.8,1,9,10.0,90.0,28690.0,29200.0,28400.0,7844080.0,5,-2.74
2024-07-29,TPBank,8,2.875,2,6,25.0,75.0,13225.0,13268.764961716626,13084.4775390625,16873217.0,5,-1.389
2024-07-29,Techcombank,7,2.429,0,7,0.0,100.0,22494.0,22260.323656421704,22893.548828125,11697160.0,5,2.845
2024-07-29,Vietcombank,21,2.905,6,15,28.57,71.43,58888.0,58170.71385711983,58901.171875,2950535.0,5,1.256
2024-07-29,VietinBank,51,2.745,6,45,11.76,88.24,21744.0,21969.252515515745,21559.25,10653083.0,5,-1.866
2024-08-05,ACB,5,3.0,1,4,20.0,80.0,19424.0,19598.05926269432,19598.05859375,12454523.0,5,-0.0
2024-08-05,BIDV,3,4.0,3,0,100.0,0.0,37917.0,38333.87406704254,38170.40234375,2213818.0,5,-0.426
2024-08-05,HDBank,40,3.575,24,16,60.0,40.0,16019.0,16513.73828125,16385.2265625,23570420.0,5,-0.778
2024-08-05,MSB,8,4.375,6,2,75.0,25.0,8923.0,9134.615234375,9038.4619140625,9602611.0,5,-1.053
2024-08-05,OCB,24,1.125,0,24,0.0,100.0,10355.0,10566.334942926367,10529.8994140625,2723984.0,5,-0.345
2024-08-05,Sacombank,14,2.857,3,11,21.43,78.57,28220.0,28200.0,28850.0,11041081.0,5,2.305
2024-08-05,TPBank,3,2.333,0,3,0.0,100.0,12561.0,12752.758198415599,12605.3271484375,15740807.0,5,-1.156
2024-08-05,Techcombank,31,2.484,0,31,0.0,100.0,21111.0,22406.453107483183,20555.484375,24054240.0,5,-8.261
2024-08-05,Vietcombank,18,3.167,7,11,38.89,61.11,58025.0,58768.35795708617,58237.1171875,3144762.0,5,-0.904
2024-08-05,VietinBank,42,2.881,9,33,21.43,78.57,20855.0,21115.08061584165,21525.08203125,10396607.0,5,1.942
2024-08-12,ACB,3,3.0,0,3,0.0,100.0,19673.0,19598.058311295455,19930.23046875,6100769.0,5,1.695
2024-08-12,BIDV,4,4.0,4,0,100.0,0.0,38358.0,38170.40538084244,38824.28515625,1806343.0,5,1.713
2024-08-12,HDBank,22,3.5,13,9,59.09,40.91,16784.0,16449.482421875,17381.19140625,27879013.0,5,5.664
2024-08-12,MSB,12,4.167,8,4,66.67,33.33,9314.0,9134.615234375,9423.0771484375,16026364.0,5,3.158
2024-08-12,OCB,5,1.2,0,5,0.0,100.0,10559.0,10493.46407076139,10529.8994140625,2147316.0,5,0.347
2024-08-12,Sacombank,7,2.857,3,4,42.86,57.14,29170.0,28850.0,29350.0,6973440.0,5,1.733
2024-08-12,TPBank,3,3.0,0,3,0.0,100.0,12723.0,12605.327130791726,12900.1884765625,6771089.0,5,2.339
2024-08-12,Techcombank,20,2.2,0,20,0.0,100.0,20663.0,20652.903602941176,20896.451171875,15757420.0,5,1.179
2024-08-12,Vietcombank,33,3.0,10,23,30.3,69.7,58569.0,58701.951136411735,58502.73828125,1952310.0,5,-0.339
2024-08-12,VietinBank,20,3.0,7,13,35.0,65.0,21826.0,21559.250272496647,22208.419921875,7393881.0,5,3.011
2024-08-19,ACB,3,2.667,1,2,33.33,66.67,20163.0,19930.230394992588,20303.921875,8405152.0,5,1.875
2024-08-19,BIDV,3,4.0,3,0,100.0,0.0,40614.0,39069.491321992195,41276.34765625,4408738.0,5,5.649
2024-08-19,HDBank,7,1.857,0,7,0.0,100.0,17362.0,17445.447265625,17413.318359375,14508954.0,5,-0.184
2024-08-19,MSB,10,5.0,10,0,100.0,0.0,9551.0,9551.2822265625,9551.2822265625,17934718.0,5,0.0
2024-08-19,OCB,9,1.889,0,9,0.0,100.0,10559.0,10639.205918503589,10566.3349609375,3380356.0,5,-0.685
2024-08-19,Sacombank,4,3.0,1,3,25.0,75.0,29820.0,29500.0,29950.0,6514160.0,5,1.525
2024-08-19,TPBank,4,3.0,1,3,25.0,75.0,13099.0,12900.1884765625,13195.05078125,12609758.0,5,2.286
2024-08-19,Techcombank,18,2.444,0,18,0.0,100.0,21530.0,20993.87208369007,21821.935546875,21955240.0,5,3.944
2024-08-19,Vietcombank,18,3.111,6,12,33.33,66.67,60721.0,58967.5703125,61358.1484375,3217237.0,5,4.054
2024-08-19,VietinBank,17,2.588,1,16,5.88,94.12,23179.0,22208.420189225406,23882.591796875,21299044.0,5,7.538
2024-08-26,ACB,4,2.75,1,3,25.0,75.0,20404.0,20386.964988491927,20594.5703125,8646553.0,5,1.018
2024-08-26,BIDV,12,3.833,11,1,91.67,8.33,40475.0,41521.55202058135,39968.578125,2704743.0,5,-3.74
2024-08-26,HDBank,10,3.4,6,4,60.0,40.0,17516.0,17445.447265625,17798.853515625,13198312.0,5,2.026
2024-08-26,MSB,5,4.4,4,1,80.0,20.0,9639.0,9615.384765625,9666.6669921875,27357845.0,5,0.533
2024-08-26,OCB,4,1.75,0,4,0.0,100.0,10454.0,10602.770371157367,10406.0185546875,2685117.0,5,-1.856
2024-08-26,Sacombank,12,2.917,3,9,25.0,75.0,30075.0,30050.0,30550.0,10737650.0,4,1.664
2024-08-26,TPBank,14,3.0,5,9,35.71,64.29,13129.0,13195.050468567746,13195.05078125,9738016.0,5,0.0
2024-08-26,Techcombank,23,2.391,0,23,0.0,100.0,22370.0,21919.35546875,22747.419921875,19263850.0,4,3.778
2024-08-26,Vietcombank,18,3.167,5,13,27.78,72.22,60800.0,61158.93716161834,60893.31640625,2066749.0,5,-0.434
2024-08-26,VietinBank,15,2.667,2,13,13.33,86.67,23835.0,23916.76032840615,23950.92578125,14265177.0,5,0.143
2024-09-02,ACB,8,3.0,3,5,37.5,62.5,20415.0,20345.443144023684,20428.486328125,8266392.0,3,0.408
2024-09-02,BIDV,6,3.333,4,2,66.67,33.33,40037.0,39641.638698400435,40295.51953125,2513568.0,3,1.649
2024-09-02,HDBank,20,2.3,6,14,30.0,70.0,17306.0,17638.21484375,17188.423828125,11915398.0,3,-2.55
2024-09-02,MSB,14,4.214,9,5,64.29,35.71,9472.0,9583.3330078125,9500.0,5010200.0,3,-0.87
2024-09-02,OCB,4,1.75,1,3,25.0,75.0,10217.0,10318.57297762828,10143.6826171875,1172411.0,3,-1.695
2024-09-02,Sacombank,6,2.833,1,5,16.67,83.33,29867.0,30400.0,29900.0,9512100.0,3,-1.645
2024-09-02,TPBank,23,3.087,8,15,34.78,65.22,13011.0,12973.903964880321,13047.619140625,8339942.0,3,0.568
2024-09-02,Techcombank,20,2.4,0,20,0.0,100.0,22277.0,22455.16280570652,22211.61328125,13730867.0,3,-1.085
2024-09-02,Vietcombank,19,2.947,3,16,15.79,84.21,60052.0,60494.886409341816,59897.2421875,2468047.0,3,-0.988
2024-09-02,VietinBank,13,3.0,5,8,38.46,61.54,24099.0,23643.425756422148,24258.427734375,13928590.0,3,2.601
2024-09-09,ACB,6,2.667,0,6,0.0,100.0,20213.0,20386.964988491927,20262.400390625,5324041.0,5,-0.611
2024-09-09,BIDV,7,3.714,6,1,85.71,14.29,39625.0,40213.78452236751,39396.43359375,1660318.0,5,-2.033
2024-09-09,HDBank,14,2.429,4,10,28.57,71.43,16931.0,17220.55078125,16963.529296875,9940116.0,5,-1.493
2024-09-09,MSB,5,4.4,4,1,80.0,20.0,9467.0,9416.6669921875,9500.0,6513936.0,5,0.885
2024-09-09,OCB,35,1.257,0,35,0.0,100.0,10004.0,10143.6826171875,9968.791015625,2544630.0,5,-1.724
2024-09-09,Sacombank,5,3.0,2,3,40.0,60.0,29560.0,29650.0,29800.0,6813060.0,5,0.506
2024-09-09,TPBank,9,2.889,3,6,33.33,66.67,13202.0,13010.762051687847,13379.337890625,14829144.0,5,2.833
2024-09-09,Techcombank,18,2.5,0,18,0.0,100.0,21725.0,22114.19405353201,21627.09765625,16416280.0,5,-2.203
2024-09-09,Vietcombank,27,3.593,17,10,62.96,37.04,59366.0,59830.83627814676,59698.02734375,2410731.0,5,-0.222
2024-09-09,VietinBank,16,3.062,4,12,25.0,75.0,23951.0,24053.42690099178,23848.42578125,8216246.0,5,-0.852
2024-09-16,ACB,6,2.833,1,5,16.67,83.33,20553.0,20262.400845794677,21300.43359375,13069870.0,5,5.123
2024-09-16,BIDV,11,2.909,5,6,45.45,54.55,39854.0,39396.43160129697,40091.18359375,2451142.0,5,1.763
2024-09-16,HDBank,13,2.923,6,7,46.15,53.85,17143.0,16963.529296875,17381.19140625,15615776.0,5,2.462
2024-09-16,MSB,14,3.5,8,6,57.14,42.86,9550.0,9500.0,9625.0,5825376.0,5,1.316
2024-09-16,OCB,17,1.412,1,16,5.88,94.12,10109.0,9968.790695104217,10187.404296875,945474.0,5,2.193
2024-09-16,Sacombank,6,2.667,2,4,33.33,66.67,30200.0,29800.0,30850.0,11993340.0,5,3.523
2024-09-16,TPBank,2,2.5,0,2,0.0,100.0,13379.0,13379.337906376895,13342.48046875,20639347.0,5,-0.275
2024-09-16,Techcombank,12,2.667,0,12,0.0,100.0,22348.0,21627.09765625,22942.2578125,22186622.0,5,6.081
2024-09-16,Vietcombank,18,3.111,6,12,33.33,66.67,60096.0,59498.81016864232,60162.86328125,2366797.0,5,1.116
2024-09-16,VietinBank,12,2.75,3,9,25.0,75.0,24231.0,23882.59125456285,24600.095703125,13989378.0,5,3.004
2024-09-23,ACB,7,3.143,3,4,42.86,57.14,21516.0,21341.955150403355,21508.0390625,19449200.0,5,0.778
2024-09-23,BIDV,6,3.0,3,3,50.0,50.0,40549.0,40091.18465479831,40949.40234375,3709008.0,5,2.141
2024-09-23,HDBank,9,2.333,3,6,33.33,66.67,17715.0,17413.318359375,18184.388671875,19768708.0,5,4.428
2024-09-23,MSB,9,3.889,7,2,77.78,22.22,10033.0,9625.0,10500.0,33086760.0,5,9.091
2024-09-23,OCB,11,1.364,1,10,9.09,90.91,10301.0,10143.682297519324,10537.1865234375,3050135.0,5,3.879
2024-09-23,Sacombank,4,2.5,1,3,25.0,75.0,32340.0,30900.0,33600.0,23027880.0,5,8.738
2024-09-23,TPBank,14,4.286,11,3,78.57,21.43,14118.0,13534.140435884967,14949.4755859375,33144510.0,5,10.458
2024-09-23,Techcombank,16,2.875,0,16,0.0,100.0,23186.0,22942.25863640926,23575.484375,24739060.0,5,2.76
2024-09-23,Vietcombank,24,2.833,7,17,29.17,70.83,61079.0,60627.69789471304,61424.5546875,2355243.0,5,1.314
2024-09-23,VietinBank,17,2.706,3,14,17.65,82.35,24785.0,24565.92829464631,25283.431640625,17283727.0,5,2.921
2024-09-30,ACB,9,2.333,1,8,11.11,88.89,21325.0,21341.955006127337,21092.828125,17076739.0,5,-1.167
2024-09-30,BIDV,6,2.667,2,4,33.33,66.67,40524.0,40949.40189990032,40213.78515625,3027944.0,5,-1.796
2024-09-30,HDBank,35,3.229,19,16,54.29,45.71,17825.0,18248.64453125,17541.830078125,14885663.0,5,-3.873
2024-09-30,MSB,13,3.615,8,5,61.54,38.46,10767.0,10500.0,10541.6669921875,21881976.0,5,0.397
2024-09-30,OCB,13,1.462,1,12,7.69,92.31,10791.0,10624.632548195512,11193.0283203125,8969334.0,5,5.35
2024-09-30,Sacombank,5,3.0,2,3,40.0,60.0,33450.0,33550.0,33100.0,16103220.0,5,-1.341
2024-09-30,TPBank,13,4.462,12,1,92.31,7.69,15312.0,14949.475669986545,15259.0810546875,37634772.0,5,2.071
2024-09-30,Techcombank,25,2.4,0,25,0.0,100.0,23800.0,23526.774696539254,23429.35546875,29106480.0,5,-0.414
2024-09-30,Vietcombank,26,3.038,7,19,26.92,73.08,61305.0,61424.5569301478,61291.7421875,2192020.0,5,-0.216
2024-09-30,VietinBank,17,2.941,5,12,29.41,70.59,24771.0,25215.097095980782,24326.76171875,13686697.0,5,-3.523
2024-10-07,ACB,8,3.125,2,6,25.0,75.0,21508.0,21175.86930155379,21674.125,12047609.0,5,2.353
2024-10-07,BIDV,8,3.25,5,3,62.5,37.5,40304.0,40458.99024287426,40377.25390625,2406414.0,5,-0.202
2024-10-07,HDBank,11,2.727,5,6,45.45,54.55,17458.0,17541.830078125,17573.958984375,20453596.0,5,0.183
2024-10-07,MSB,13,3.0,6,7,46.15,53.85,10683.0,10583.3330078125,10583.3330078125,19277760.0,5,0.0
2024-10-07,OCB,17,1.412,1,16,5.88,94.12,10913.0,11193.02785905093,10712.078125,7604409.0,5,-4.297
2024-10-07,Sacombank,5,3.0,2,3,40.0,60.0,33810.0,33400.0,33800.0,15042660.0,5,1.198
2024-10-07,TPBank,16,4.062,11,5,68.75,31.25,15498.0,15435.996281864784,15480.2255859375,23658707.0,5,0.287
2024-10-07,Techcombank,19,2.526,0,19,0.0,100.0,23809.0,23624.19475042055,23819.033203125,16690720.0,5,0.825
2024-10-07,Vietcombank,26,3.0,8,18,30.77,69.23,60814.0,61291.74510691111,60760.50390625,2079660.0,5,-0.867
2024-10-07,VietinBank,19,2.737,1,18,5.26,94.74,24607.0,24531.762819658372,24770.927734375,9562005.0,5,0.975
2024-10-14,ACB,3,3.667,1,2,33.33,66.67,21558.0,21715.646769468516,21674.125,10177358.0,5,-0.191
2024-10-14,BIDV,9,2.778,3,6,33.33,66.67,40843.0,40458.989144199375,41112.87109375,3725678.0,5,1.616
2024-10-14,HDBank,13,2.462,4,9,30.77,69.23,17323.0,17606.0859375,17349.0625,20483445.0,5,-1.46
2024-10-14,MSB,14,2.357,4,10,28.57,71.43,10733.0,10666.6669921875,10875.0,26465976.0,5,1.953
2024-10-14,OCB,15,1.533,1,14,6.67,93.33,10738.0,10799.523507070644,10799.5234375,4682749.0,5,-0.0
2024-10-14,Sacombank,8,2.75,2,6,25.0,75.0,34270.0,34100.0,35550.0,22799960.0,5,4.252
2024-10-14,TPBank,13,4.231,9,4,69.23,30.77,15586.0,15568.684004351111,15745.6015625,18847095.0,5,1.136
2024-10-14,Techcombank,15,2.533,0,15,0.0,100.0,23692.0,23916.45199403234,23819.033203125,13699300.0,5,-0.407
2024-10-14,Vietcombank,19,2.842,5,14,26.32,73.68,60946.0,61225.341082283834,61358.1484375,1914345.0,5,0.217
2024-10-14,VietinBank,15,3.0,4,11,26.67,73.33,24778.0,24873.42968309206,24770.927734375,9287652.0,5,-0.412
2024-10-21,ACB,5,3.4,3,2,60.0,40.0,21010.0,21591.08240659229,20677.61328125,11259536.0,5,-4.231
2024-10-21,BIDV,7,3.571,5,2,71.43,28.57,39609.0,40867.66514989867,38824.28515625,2742102.0,5,-5.0
2024-10-21,HDBank,9,2.556,3,6,33.33,66.67,17311.0,17349.0625,17284.806640625,11984943.0,5,-0.37
2024-10-21,MSB,8,2.5,3,5,37.5,62.5,10500.0,10791.6669921875,10208.3330078125,22738296.0,5,-5.405
2024-10-21,OCB,8,1.25,0,8,0.0,100.0,10249.0,10799.523507070644,9968.791015625,5226681.0,5,-7.692
2024-10-21,Sacombank,8,2.5,0,8,0.0,100.0,34580.0,35650.0,33450.0,19226420.0,5,-6.171
2024-10-21,TPBank,17,4.176,12,5,70.59,29.41,15312.0,15612.913498155647,15082.1640625,21732929.0,5,-3.399
2024-10-21,Techcombank,12,2.583,0,12,0.0,100.0,23322.0,23819.033470011647,22893.548828125,17852540.0,5,-3.885
2024-10-21,Vietcombank,18,3.167,8,10,44.44,55.56,60880.0,61424.5569301478,60959.72265625,1566341.0,5,-0.757
2024-10-21,VietinBank,20,3.35,11,9,55.0,45.0,23917.0,24668.428584904985,23643.42578125,9624287.0,5,-4.155
2024-10-28,ACB,2,2.5,0,2,0.0,100.0,20885.0,20677.61477701491,20677.61328125,7244821.0,5,-0.0
2024-10-28,BIDV,11,3.545,8,3,72.73,27.27,38947.0,38824.28515625,39028.62109375,2215220.0,5,0.526
2024-10-28,HDBank,38,3.789,24,14,63.16,36.84,17298.0,17252.6796875,17059.912109375,14080287.0,5,-1.117
2024-10-28,MSB,11,2.0,3,8,27.27,72.73,10225.0,10250.0,10041.6669921875,12615240.0,5,-2.033
2024-10-28,OCB,71,1.225,0,71,0.0,100.0,10021.0,10012.513016134528,9750.1767578125,3821687.0,5,-2.62
2024-10-28,Sacombank,5,2.6,1,4,20.0,80.0,34500.0,33300.0,35000.0,13854075.0,4,5.105
2024-10-28,TPBank,25,3.64,11,14,44.0,56.0,15197.0,15082.163581484272,15082.1640625,13152231.0,5,0.0
2024-10-28,Techcombank,14,2.571,0,14,0.0,100.0,23137.0,22893.54870011892,23088.38671875,9423101.0,4,0.851
2024-10-28,Vietcombank,16,2.75,2,14,12.5,87.5,61464.0,60760.5055698522,62088.6015625,2377081.0,5,2.186
2024-10-28,VietinBank,6,2.667,1,5,16.67,83.33,24012.0,23677.59123702655,24326.76171875,7382483.0,5,2.742
2024-11-04,ACB,6,3.0,2,4,33.33,66.67,20694.0,20760.65660658069,20677.61328125,9459089.0,5,-0.4
2024-11-04,BIDV,6,3.0,2,4,33.33,66.67,38931.0,39028.623502932416,38742.55078125,1901636.0,5,-0.733
2024-11-04,HDBank,112,3.911,78,34,69.64,30.36,16835.0,17092.0390625,16867.14453125,14052680.0,5,-1.316
2024-11-04,MSB,11,1.818,1,10,9.09,90.91,9925.0,10041.6669921875,10000.0,10490544.0,5,-0.415
2024-11-04,OCB,73,1.164,1,72,1.37,98.63,9383.0,9793.899342302757,9269.2265625,5765665.0,5,-5.357
2024-11-04,Sacombank,8,2.875,2,6,25.0,75.0,35375.0,35000.0,35500.0,9951600.0,4,1.429
2024-11-04,TPBank,9,4.444,7,2,77.78,22.22,14773.0,15082.164148709971,14728.3291015625,16411153.0,5,-2.346
2024-11-04,Techcombank,27,2.63,0,27,0.0,100.0,23088.0,23137.097922774523,22990.96875,14286725.0,4,-0.632
2024-11-04,Vietcombank,11,2.727,1,10,9.09,90.91,61544.0,62420.62781363226,61225.34375,2260081.0,5,-1.915
2024-11-04,VietinBank,11,2.545,1,10,9.09,90.91,24224.0,24292.594021196543,23916.759765625,6845782.0,5,-1.547
2024-11-11,ACB,8,3.375,4,4,50.0,50.0,20520.0,20677.61335227915,20262.400390625,15054145.0,5,-2.008
2024-11-11,BIDV,7,3.143,2,5,28.57,71.43,37459.0,38742.55076603042,36535.6953125,2542984.0,5,-5.696
2024-11-11,HDBank,18,3.333,10,8,55.56,44.44,16315.0,16867.14453125,15871.1796875,16020564.0,5,-5.905
2024-11-11,MSB,11,2.818,5,6,45.45,54.55,9658.0,9958.3330078125,9416.6669921875,20344687.0,5,-5.439
2024-11-11,OCB,16,1.188,0,16,0.0,100.0,9252.0,9269.22629767378,9050.6123046875,3964593.0,5,-2.358
2024-11-11,Sacombank,5,2.6,1,4,20.0,80.0,33130.0,35400.0,32400.0,16976900.0,5,-8.475
2024-11-11,TPBank,7,4.429,6,1,85.71,14.29,14118.0,14684.10013204743,13799.515625,20060087.0,5,-6.024
2024-11-11,Techcombank,25,2.56,0,25,0.0,100.0,22338.0,23088.38780475485,21870.646484375,18083000.0,5,-5.274
2024-11-11,Vietcombank,13,3.154,5,8,38.46,61.54,61106.0,61623.770787058915,60893.31640625,2447614.0,5,-1.185
2024-11-11,VietinBank,8,2.5,2,6,25.0,75.0,23302.0,23916.760304356296,22618.419921875,11398846.0,5,-5.429
2024-11-18,ACB,2,2.5,0,2,0.0,100.0,20445.0,20262.400246178466,20719.134765625,10484430.0,5,2.254
2024-11-18,BIDV,7,3.286,3,4,42.86,57.14,36797.0,36494.82985845275,37353.046875,2155639.0,5,2.352
2024-11-18,HDBank,31,3.226,16,15,51.61,48.39,15852.0,15839.0517578125,15871.1796875,19878426.0,5,0.203
2024-11-18,MSB,12,2.917,5,7,41.67,58.33,9458.0,9416.6669921875,9541.6669921875,15554969.0,5,1.327
2024-11-18,OCB,11,1.364,1,10,9.09,90.91,9121.0,9006.889844794956,9094.3359375,4283517.0,5,0.971
2024-11-18,Sacombank,5,3.2,2,3,40.0,60.0,32530.0,32550.0,32650.0,10160920.0,5,0.307
2024-11-18,TPBank,12,4.333,11,1,91.67,8.33,14189.0,13799.51614100566,14241.8076171875,10937306.0,5,3.205
2024-11-18,Techcombank,11,2.364,0,11,0.0,100.0,22290.0,21821.936804008907,22893.548828125,15144400.0,5,4.911
2024-11-18,Vietcombank,22,2.864,7,15,31.82,68.18,60083.0,60893.3180051125,60162.86328125,2585273.0,5,-1.2
2024-11-18,VietinBank,7,2.714,2,5,28.57,71.43,23322.0,22618.419658411316,23916.759765625,9030309.0,5,5.74
2024-11-25,ACB,3,2.667,0,3,0.0,100.0,20810.0,20719.13483651152,20926.7421875,5838344.0,5,1.002
2024-11-25,BIDV,46,3.043,13,33,28.26,71.74,37762.0,37353.04623778474,38211.26953125,1667985.0,5,2.298
2024-11-25,HDBank,14,3.0,7,7,50.0,50.0,16135.0,15871.1796875,16288.8427734375,13560894.0,5,2.632
2024-11-25,MSB,5,2.2,1,4,20.0,80.0,9508.0,9541.6669921875,9583.3330078125,9979680.0,5,0.437
2024-11-25,OCB,10,1.3,1,9,10.0,90.0,9217.0,9138.058329538191,9400.3955078125,3299615.0,5,2.871
2024-11-25,Sacombank,3,3.667,2,1,66.67,33.33,33140.0,32700.0,33300.0,8805140.0,5,1.835
2024-11-25,TPBank,15,3.4,6,9,40.0,60.0,14313.0,14286.037109375,14330.2666015625,7597737.0,5,0.31
2024-11-25,Techcombank,16,2.5,0,16,0.0,100.0,22942.0,22893.548828125,22990.96875,11299300.0,5,0.426
2024-11-25,Vietcombank,19,2.789,3,16,15.79,84.21,61398.0,60362.07555410005,61955.796875,2167361.0,5,2.64
2024-11-25,VietinBank,10,3.1,5,5,50.0,50.0,24149.0,23882.59208715855,24429.259765625,5782157.0,5,2.289
2024-12-02,ACB,4,2.25,0,4,0.0,100.0,21018.0,20968.263819655163,21300.43359375,8597263.0,5,1.584
2024-12-02,BIDV,108,3.009,36,72,33.33,66.67,37647.0,38333.874559207965,38088.66796875,2429172.0,5,-0.64
2024-12-02,HDBank,15,2.0,3,12,20.0,80.0,16822.0,16320.970703125,17252.6796875,16368766.0,5,5.709
2024-12-02,MSB,8,2.0,2,6,25.0,75.0,9550.0,9625.0,9625.0,15176785.0,5,0.0
2024-12-02,OCB,8,1.125,0,8,0.0,100.0,9427.0,9444.1179001261,9487.83984375,4683181.0,5,0.463
2024-12-02,Sacombank,7,2.429,0,7,0.0,100.0,33170.0,33400.0,33800.0,11635900.0,5,1.198
2024-12-02,TPBank,11,4.0,7,4,63.64,36.36,14260.0,14462.954134820524,14374.49609375,9248969.0,5,-0.612
2024-12-02,Techcombank,11,2.636,0,11,0.0,100.0,23205.0,23088.38741246036,23526.775390625,12203453.0,5,1.899
2024-12-02,Vietcombank,18,3.111,6,12,33.33,66.67,62275.0,63018.275027903495,62553.44140625,2858619.0,5,-0.738
2024-12-02,VietinBank,7,3.286,3,4,42.86,57.14,24559.0,24531.762257070182,24770.927734375,8736805.0,5,0.975
2024-12-09,ACB,7,3.286,2,5,28.57,71.43,21043.0,21258.91225478205,20885.220703125,10038876.0,5,-1.758
2024-12-09,BIDV,23,3.043,8,15,34.78,65.22,38097.0,38129.532793287115,37925.19921875,2000009.0,5,-0.536
2024-12-09,HDBank,14,1.357,0,14,0.0,100.0,18048.0,17284.806640625,18274.345703125,24655412.0,5,5.725
2024-12-09,MSB,11,2.727,4,7,36.36,63.64,9625.0,9625.0,9625.0,6708816.0,5,0.0
2024-12-09,OCB,8,1.0,0,8,0.0,100.0,9750.0,9487.840295372636,9531.5634765625,6742288.0,5,0.461
2024-12-09,Sacombank,7,3.286,2,5,28.57,71.43,33790.0,33700.0,34000.0,10800200.0,5,0.89
2024-12-09,TPBank,41,3.341,15,26,36.59,63.41,14445.0,14462.954289749605,14374.49609375,9028825.0,5,-0.612
2024-12-09,Techcombank,13,2.615,0,13,0.0,100.0,23566.0,23478.065710727227,23721.61328125,12293580.0,5,1.037
2024-12-09,Vietcombank,15,3.2,7,8,46.67,53.33,62381.0,62553.44114626699,61822.984375,2070963.0,5,-1.168
2024-12-09,VietinBank,12,3.5,7,5,58.33,41.67,24846.0,24702.594319635064,24839.263671875,6235632.0,5,0.553
2024-12-16,ACB,2,2.5,0,2,0.0,100.0,20777.0,20885.220703125,20594.5703125,7316684.0,5,-1.392
2024-12-16,BIDV,32,3.031,11,21,34.38,65.62,38105.0,38415.60956504431,37966.0625,3116089.0,5,-1.17
2024-12-16,HDBank,16,2.812,6,10,37.5,62.5,18236.0,18235.79296875,18043.025390625,14991411.0,5,-1.057
2024-12-16,MSB,5,1.0,0,5,0.0,100.0,9517.0,9625.0,9416.6669921875,10346208.0,5,-2.164
2024-12-16,OCB,40,4.3,33,7,82.5,17.5,9444.0,9531.5634765625,9356.671875,5471063.0,5,-1.835
2024-12-16,Sacombank,6,3.5,4,2,66.67,33.33,34030.0,34000.0,33850.0,10444900.0,5,-0.441
2024-12-16,TPBank,15,4.2,11,4,73.33,26.67,14251.0,14374.495906253682,14064.8916015625,9314530.0,5,-2.154
2024-12-16,Techcombank,22,2.5,0,22,0.0,100.0,23429.0,23672.904296875,23185.806640625,18235338.0,5,-2.058
2024-12-16,Vietcombank,16,2.938,4,12,25.0,75.0,61637.0,61756.58234161446,61424.5546875,2036130.0,5,-0.538
2024-12-16,VietinBank,9,3.111,4,5,44.44,55.56,24750.0,24839.262816548537,24702.595703125,5569623.0,5,-0.55
2024-12-23,ACB,18,3.167,8,10,44.44,55.56,21001.0,20636.09172598848,21217.390625,11519932.0,5,2.817
2024-12-23,BIDV,41,3.268,22,19,53.66,46.34,38274.0,38472.00394672927,38719.25390625,3686480.0,5,0.643
2024-12-23,HDBank,13,2.923,6,7,46.15,53.85,18475.0,18120.1328125,19238.18359375,15986575.0,5,6.17
2024-12-23,MSB,14,3.071,7,7,50.0,50.0,9575.0,9458.3330078125,9750.0,9348984.0,5,3.084
2024-12-23,OCB,41,4.634,37,4,90.24,9.76,9549.0,9356.671750735131,9575.28515625,2581631.0,5,2.336
2024-12-23,Sacombank,15,2.8,4,11,26.67,73.33,35990.0,34150.0,37400.0,19121040.0,5,9.517
2024-12-23,TPBank,10,4.5,8,2,80.0,20.0,14472.0,14286.03673087775,14816.7880859375,14269670.0,5,3.715
2024-12-23,Techcombank,10,2.8,0,10,0.0,100.0,23634.0,23380.64592050209,23965.162109375,15000428.0,5,2.5
2024-12-23,Vietcombank,12,3.083,5,7,41.67,58.33,61252.0,61490.96025514996,61225.34375,2777411.0,5,-0.432
2024-12-23,VietinBank,10,3.0,3,7,30.0,70.0,25646.0,24736.761158500274,26513.435546875,13250007.0,5,7.182
2024-12-30,ACB,8,2.875,2,6,25.0,75.0,21155.0,21051.306567462187,20843.701171875,11863365.0,4,-0.986
2024-12-30,BIDV,50,2.98,15,35,30.0,70.0,37631.0,38669.80416666666,37779.70703125,3571925.0,4,-2.302
2024-12-30,HDBank,27,2.519,10,17,37.04,62.96,19604.0,19238.18359375,18852.6484375,16938065.0,4,-2.004
2024-12-30,MBBank,2,2.0,0,2,0.0,100.0,16235.0,16365.355809131459,16072.537109375,18238382.0,4,-1.789
2024-12-30,MSB,10,2.2,3,7,30.0,70.0,9625.0,9791.6669921875,9416.6669921875,4998450.0,4,-3.83
2024-12-30,OCB,183,4.612,165,18,90.16,9.84,9685.0,9575.285476857573,9487.83984375,2168682.0,4,-0.913
2024-12-30,Sacombank,58,2.81,10,48,17.24,82.76,36962.0,37350.0,36100.0,11953250.0,4,-3.347
2024-12-30,TPBank,13,4.077,9,4,69.23,30.77,14607.0,14861.01701261643,14330.2666015625,7848072.0,4,-3.571
2024-12-30,Techcombank,23,2.565,2,21,8.7,91.3,23624.0,24111.29000304175,22990.96875,16608900.0,4,-4.646
2024-12-30,Vietcombank,20,3.1,6,14,30.0,70.0,60943.0,61225.34307323668,61092.53125,2845060.0,4,-0.217
2024-12-30,VietinBank,25,2.52,2,23,8.0,92.0,25967.0,26308.4349962698,25420.099609375,10661920.0,4,-3.377
2025-01-06,ACB,6,2.833,1,5,16.67,83.33,20669.0,20760.656534689417,20511.529296875,7936420.0,5,-1.2
2025-01-06,BIDV,16,2.625,2,14,12.5,87.5,39283.0,37878.60668693621,38669.8046875,5113600.0,5,2.089
2025-01-06,HDBank,19,3.158,10,9,52.63,47.37,17889.0,18852.6484375,16655.1015625,18798254.0,5,-11.656
2025-01-06,MBBank,9,2.0,0,9,0.0,100.0,16032.0,16072.537664219042,15826.89453125,15395957.0,5,-1.528
2025-01-06,MSB,11,1.636,2,9,18.18,81.82,9242.0,9416.6669921875,9041.6669921875,6852024.0,5,-3.982
2025-01-06,OCB,103,4.65,93,10,90.29,9.71,9330.0,9487.839969756897,9225.50390625,1237960.0,5,-2.765
2025-01-06,Sacombank,16,2.938,3,13,18.75,81.25,36290.0,36100.0,35200.0,9703800.0,5,-2.493
2025-01-06,TPBank,11,3.727,6,5,54.55,45.45,14215.0,14330.266033816624,14064.8916015625,6517773.0,5,-1.852
2025-01-06,Techcombank,25,2.84,4,21,16.0,84.0,23098.0,22990.96875,22796.12890625,8409360.0,5,-0.847
2025-01-06,Vietcombank,14,2.857,3,11,21.43,78.57,61212.0,61092.53034146064,60694.1015625,1969214.0,5,-0.652
2025-01-06,VietinBank,16,2.938,7,9,43.75,56.25,25605.0,25454.266186784807,25625.09765625,8120986.0,5,0.671
2025-01-13,ACB,6,3.0,2,4,33.33,66.67,20611.0,20345.442914884516,20719.134765625,5813725.0,5,1.837
2025-01-13,BIDV,21,2.619,2,19,9.52,90.48,38848.0,38669.805949825066,39065.40625,1621240.0,5,1.023
2025-01-13,HDBank,20,3.15,10,10,50.0,50.0,16763.0,16346.6728515625,17349.0625,19943670.0,5,6.132
2025-01-13,MBBank,9,2.0,0,9,0.0,100.0,16021.0,15826.89406157643,16088.8046875,11811996.0,5,1.655
2025-01-13,MSB,19,2.842,8,11,42.11,57.89,9042.0,9041.6669921875,9083.3330078125,7295856.0,5,0.461
2025-01-13,OCB,16,3.25,9,7,56.25,43.75,9217.0,9225.503316724249,9312.94921875,3292120.0,5,0.948
2025-01-13,Sacombank,13,3.154,5,8,38.46,61.54,35400.0,35000.0,35750.0,8132040.0,5,2.143
2025-01-13,TPBank,15,4.467,12,3,80.0,20.0,14153.0,13976.43299267635,14286.037109375,5869439.0,5,2.215
2025-01-13,Techcombank,34,2.882,12,22,35.29,64.71,23254.0,22601.29050682773,23770.322265625,7830950.0,5,5.172
2025-01-13,Vietcombank,13,3.231,5,8,38.46,61.54,61119.0,60627.697288387,61424.5546875,2026169.0,5,1.314
2025-01-13,VietinBank,11,2.909,4,7,36.36,63.64,25338.0,25420.099870098416,25420.099609375,8711464.0,5,-0.0
2025-01-20,ACB,4,3.25,2,2,50.0,50.0,20835.0,20719.13469502203,21051.306640625,7022039.0,5,1.603
2025-01-20,BIDV,96,2.979,27,69,28.12,71.88,39382.0,39015.9549900141,39559.90234375,2494840.0,5,1.394
2025-01-20,HDBank,20,3.6,13,7,65.0,35.0,17380.0,17349.0625,17464.72265625,34397170.0,5,0.667
2025-01-20,MBBank,11,2.0,0,11,0.0,100.0,16478.0,16088.804237094406,16762.2890625,15889473.0,5,4.186
2025-01-20,MSB,15,1.933,3,12,20.0,80.0,9167.0,9125.0,9291.6669921875,11869152.0,5,1.826
2025-01-20,OCB,18,2.667,7,11,38.89,61.11,9488.0,9400.395585073142,9793.8994140625,3369275.0,5,4.186
2025-01-20,Sacombank,7,3.286,4,3,57.14,42.86,36470.0,35850.0,37000.0,8424220.0,5,3.208
2025-01-20,TPBank,14,4.143,10,4,71.43,28.57,14419.0,14374.495681748815,14551.4130859375,6927669.0,5,1.231
2025-01-20,Techcombank,33,3.061,12,21,36.36,63.64,23800.0,23770.322265625,24111.291015625,14838120.0,5,1.434
2025-01-20,Vietcombank,12,2.75,2,10,16.67,83.33,61013.0,61291.7441136153,61490.9609375,2286452.0,5,0.325
2025-01-20,VietinBank,22,2.955,6,16,27.27,72.73,25693.0,25454.26506472131,25966.765625,7939781.0,5,2.013
2025-02-03,ACB,2,3.5,1,1,50.0,50.0,21085.0,20802.179613287604,21341.955078125,9489986.0,5,2.595
2025-02-03,BIDV,16,2.688,2,14,12.5,87.5,39352.0,39263.2031745717,40054.40234375,4472960.0,5,2.015
2025-02-03,HDBank,28,3.179,14,14,50.0,50.0,17496.0,17349.0625,17657.490234375,14103657.0,5,1.778
2025-02-03,MBBank,10,2.0,0,10,0.0,100.0,16815.0,16500.37890625,17024.19921875,19479170.0,5,3.175
2025-02-03,MSB,4,3.0,2,2,50.0,50.0,9408.0,9375.0,9458.3330078125,12709368.0,5,0.889
2025-02-03,OCB,4,2.75,2,2,50.0,50.0,9908.0,9619.009054179594,10056.236328125,9832859.0,5,4.545
2025-02-03,Sacombank,8,3.125,3,5,37.5,62.5,37180.0,36800.0,37450.0,10758520.0,5,1.766
2025-02-03,TPBank,6,4.333,4,2,66.67,33.33,14578.0,14507.183629928477,14639.87109375,10441980.0,5,0.915
2025-02-03,Techcombank,15,3.333,8,7,53.33,46.67,24267.0,23867.741744523195,25085.484375,22031956.0,5,5.102
2025-02-03,Vietcombank,6,2.833,1,5,16.67,83.33,61371.0,61291.743771563364,61756.58203125,2421571.0,5,0.758
2025-02-03,VietinBank,5,3.0,1,4,20.0,80.0,26937.0,26137.60185788444,27880.107421875,14900147.0,5,6.667
2025-02-10,BIDV,25,2.92,6,19,24.0,76.0,39847.0,40054.40041240706,40202.75,3988880.0,5,0.37
2025-02-10,HDBank,14,1.929,2,12,14.29,85.71,17465.0,17349.0625,17618.9375,13502881.0,5,1.556
2025-02-10,MBBank,6,2.167,0,6,0.0,100.0,17114.0,16986.783498946206,17099.03125,13698065.0,5,0.661
2025-02-10,MSB,10,2.8,4,6,40.0,60.0,9475.0,9416.6669921875,9500.0,8812848.0,5,0.885
2025-02-10,OCB,9,2.778,4,5,44.44,55.56,9934.0,10012.513085118842,9968.791015625,4646958.0,5,-0.437
2025-02-10,Sacombank,10,3.0,1,9,10.0,90.0,38530.0,37400.0,38250.0,10667820.0,5,2.273
2025-02-10,TPBank,10,3.8,6,4,60.0,40.0,14932.0,14595.642468931837,14949.4755859375,18504823.0,5,2.424
2025-02-10,Techcombank,14,3.286,8,6,57.14,42.86,25193.0,25085.484375,25329.033203125,16913660.0,5,0.971
2025-02-10,Vietcombank,6,3.5,4,2,66.67,33.33,60933.0,61690.17738057868,60826.91015625,2033529.0,5,-1.399
2025-02-10,VietinBank,6,3.333,4,2,66.67,33.33,27730.0,27880.107139426073,27709.2734375,10336842.0,5,-0.613
2025-02-17,BIDV,8,2.625,1,7,12.5,87.5,40223.0,40202.75204057836,40450.0,3486560.0,5,0.615
2025-02-17,HDBank,18,2.389,6,12,33.33,66.67,17588.0,17696.044921875,17773.150390625,13915010.0,5,0.436
2025-02-17,MBBank,15,2.667,0,15,0.0,100.0,17054.0,17136.44691590212,17136.447265625,17140808.0,5,0.0
2025-02-17,MSB,19,2.0,3,16,15.79,84.21,9575.0,9541.6669921875,9625.0,14135940.0,5,0.873
2025-02-17,OCB,3,2.667,1,2,33.33,66.67,10144.0,10012.513671875,10099.958984375,10875573.0,5,0.873
2025-02-17,Sacombank,7,2.571,0,7,0.0,100.0,38660.0,38250.0,38850.0,7535980.0,5,1.569
2025-02-17,TPBank,13,4.385,10,3,76.92,23.08,15011.0,14949.475396774254,15037.9345703125,11687308.0,5,0.592
2025-02-17,Techcombank,20,3.15,11,9,55.0,45.0,25465.0,25329.033469114784,25816.12890625,17733152.0,5,1.923
2025-02-17,Vietcombank,8,2.625,1,7,12.5,87.5,61053.0,60760.504246078424,61822.984375,2469052.0,5,1.749
2025-02-17,VietinBank,5,3.2,2,3,40.0,60.0,27784.0,27675.107427109207,28358.44140625,9570886.0,5,2.469
2025-02-24,ACB,3,2.667,0,3,0.0,100.0,21624.0,21632.60337416847,21591.08203125,8171990.0,5,-0.192
2025-02-24,BIDV,22,2.864,4,18,18.18,81.82,40638.0,40450.001264066304,40499.44921875,3428280.0,5,0.122
2025-02-24,HDBank,33,3.364,19,14,57.58,42.42,17881.0,17734.59765625,17773.150390625,17297170.0,5,0.217
2025-02-24,MBBank,13,2.692,0,13,0.0,100.0,17331.0,17061.615528910024,17211.279296875,22958087.0,5,0.877
2025-02-24,MSB,21,2.143,5,16,23.81,76.19,9550.0,9583.3330078125,9458.3330078125,16906315.0,5,-1.304
2025-02-24,OCB,6,2.5,2,4,33.33,66.67,9943.0,10099.959379305861,9837.623046875,2045865.0,5,-2.597
2025-02-24,Sacombank,6,2.833,2,4,33.33,66.67,38750.0,38850.0,38250.0,9474180.0,5,-1.544
2025-02-24,TPBank,11,4.455,9,2,81.82,18.18,14958.0,15037.934757256819,14772.55859375,16869449.0,5,-1.765
2025-02-24,Techcombank,20,3.3,9,11,45.0,55.0,25631.0,25718.70955188679,25426.453125,17244980.0,5,-1.136
2025-02-24,Vietcombank,10,2.9,3,7,30.0,70.0,61850.0,61955.79362330339,61955.796875,3674052.0,5,0.0
2025-02-24,VietinBank,1,2.0,0,1,0.0,100.0,28440.0,28358.442792580918,28358.44140625,9935755.0,5,-0.0
2025-03-03,ACB,4,2.75,1,3,25.0,75.0,21815.0,21591.08203125,22130.859375,14874951.0,5,2.5
2025-03-03,BIDV,21,3.0,7,14,33.33,66.67,40420.0,40499.44921875,40697.25,3029780.0,5,0.488
2025-03-03,HDBank,14,2.5,5,9,35.71,64.29,17781.0,17773.150390625,18043.025390625,19210461.0,5,1.518
2025-03-03,MBBank,16,2.375,0,16,0.0,100.0,17758.0,17211.279443504987,18333.75390625,43018557.0,5,6.522
2025-03-03,MSB,14,2.786,6,8,42.86,57.14,9558.0,9458.3330078125,9875.0,21481416.0,5,4.405
2025-03-03,OCB,10,3.8,7,3,70.0,30.0,9908.0,9837.62272690588,10012.513671875,2835690.0,5,1.778
2025-03-03,Sacombank,10,3.1,3,7,30.0,70.0,39220.0,38350.0,39750.0,10363920.0,5,3.651
2025-03-03,TPBank,17,4.118,12,5,70.59,29.41,14339.0,14507.183820327224,14462.9541015625,28562037.0,5,-0.305
2025-03-03,Techcombank,23,3.261,12,11,52.17,47.83,26566.0,25475.16280531609,27033.87109375,31327440.0,5,6.119
2025-03-03,Vietcombank,20,3.05,7,13,35.0,65.0,62142.0,62088.60482116691,63151.08203125,3699826.0,5,1.711
2025-03-03,VietinBank,9,3.222,4,5,44.44,55.56,28440.0,28153.44279804884,28973.4453125,11489188.0,5,2.913
2025-03-10,ACB,3,2.333,0,3,0.0,100.0,21807.0,22172.381314544677,21591.08203125,13445731.0,5,-2.622
2025-03-10,BIDV,75,2.933,24,51,32.0,68.0,40410.0,40845.60024154589,39955.50390625,4036680.0,5,-2.179
2025-03-10,HDBank,11,1.364,1,10,9.09,90.91,18120.0,18158.685546875,17888.8125,14379897.0,5,-1.486
2025-03-10,MBBank,15,2.267,0,15,0.0,100.0,18334.0,18520.833618330154,18184.091796875,33530532.0,5,-1.818
2025-03-10,MSB,24,2.125,7,17,29.17,70.83,9700.0,9958.3330078125,9666.6669921875,22570483.0,5,-2.929
2025-03-10,OCB,8,2.5,3,5,37.5,62.5,9820.0,10099.959379305861,9750.1767578125,3489717.0,5,-3.463
2025-03-10,Sacombank,9,2.889,3,6,33.33,66.67,39500.0,40000.0,38850.0,12569820.0,5,-2.875
2025-03-10,TPBank,23,4.261,16,7,69.57,30.43,14286.0,14462.954515636042,14241.8076171875,10775102.0,5,-1.529
2025-03-10,Techcombank,28,3.357,15,13,53.57,46.43,26936.0,27033.87235133768,26595.484375,17619140.0,5,-1.622
2025-03-10,Vietcombank,33,2.879,8,25,24.24,75.76,65065.0,64014.348980323244,65521.73828125,5910107.0,5,2.355
2025-03-10,VietinBank,25,3.12,7,18,28.0,72.0,29014.0,29178.446167584996,28905.111328125,12798209.0,5,-0.937
2025-03-17,ACB,3,2.333,0,3,0.0,100.0,21765.0,21674.12485881343,21674.125,8921952.0,5,0.0
2025-03-17,BIDV,97,2.825,19,78,19.59,80.41,39441.0,39955.50065830235,39015.953125,2916900.0,5,-2.351
2025-03-17,HDBank,9,2.444,3,6,33.33,66.67,17858.0,17927.365234375,17734.59765625,13128544.0,5,-1.075
2025-03-17,MBBank,8,2.375,0,8,0.0,100.0,18049.0,18258.921751346734,18184.091796875,31207699.0,5,-0.41
2025-03-17,MSB,12,1.833,2,10,16.67,83.33,9975.0,9750.0,9833.3330078125,21856128.0,5,0.855
2025-03-17,OCB,5,3.4,3,2,60.0,40.0,9820.0,9837.623179290422,9619.0087890625,8708320.0,5,-2.222
2025-03-17,Sacombank,2,2.0,0,2,0.0,100.0,38640.0,39000.0,38650.0,8527694.0,5,-0.897
2025-03-17,TPBank,13,3.846,7,6,53.85,46.15,13906.0,14286.036887862909,13047.619140625,33581983.0,5,-8.669
2025-03-17,Techcombank,34,3.353,17,17,50.0,50.0,26673.0,26644.193925034153,26644.193359375,21373582.0,5,-0.0
2025-03-17,Vietcombank,53,2.849,13,40,24.53,75.47,66197.0,65521.74057392274,65521.73828125,3250440.0,5,-0.0
2025-03-17,VietinBank,40,2.975,14,26,35.0,65.0,28618.0,28905.11188533511,28460.943359375,9833871.0,5,-1.537
2025-03-24,ACB,3,2.667,1,2,33.33,66.67,21716.0,21798.69117087881,21549.560546875,9907182.0,5,-1.143
2025-03-24,BIDV,117,2.769,23,94,19.66,80.34,38877.0,39015.95383431905,38669.8046875,2520520.0,5,-0.887
2025-03-24,HDBank,16,3.438,10,6,62.5,37.5,17434.0,17734.59765625,17156.294921875,22417409.0,5,-3.261
2025-03-24,MBBank,19,2.421,0,19,0.0,100.0,18019.0,18184.0919200215,17884.763671875,21806110.0,5,-1.646
2025-03-24,MSB,15,2.067,3,12,20.0,80.0,9875.0,9833.3330078125,9875.0,22199618.0,5,0.424
2025-03-24,OCB,4,3.0,2,2,50.0,50.0,9776.0,9662.731056785662,9706.4541015625,17346311.0,5,0.452
2025-03-24,Sacombank,17,2.765,5,12,29.41,70.59,38470.0,38700.0,38250.0,8066200.0,5,-1.163
2025-03-24,TPBank,15,3.933,8,7,53.33,46.67,12791.0,13003.389870780977,12561.09765625,21352107.0,5,-3.401
2025-03-24,Techcombank,15,3.4,8,7,53.33,46.67,27122.0,26644.194102260048,26839.033203125,19002098.0,5,0.731
2025-03-24,Vietcombank,59,2.644,10,49,16.95,83.05,65283.0,65819.56645911654,64330.43359375,1698840.0,5,-2.262
2025-03-24,VietinBank,38,2.421,3,35,7.89,92.11,28536.0,28290.108816140742,28255.94140625,7685967.0,5,-0.121
2025-03-31,ACB,4,2.5,1,3,25.0,75.0,20918.0,21466.519229931255,19764.14453125,32499736.0,5,-7.93
2025-03-31,BIDV,64,2.906,17,47,26.56,73.44,37275.0,38570.90564516129,35603.9140625,4339180.0,5,-7.692
2025-03-31,HDBank,18,2.944,7,11,38.89,61.11,16763.0,17040.634765625,16038.2451171875,35997739.0,5,-5.882
2025-03-31,MBBank,16,2.375,0,16,0.0,100.0,17683.0,17847.34802812267,16799.705078125,55126048.0,5,-5.87
2025-03-31,MSB,13,2.538,4,9,30.77,69.23,9775.0,9833.3330078125,9125.0,25277227.0,5,-7.203
2025-03-31,OCB,3,3.0,1,2,33.33,66.67,9540.0,9706.453446160542,8963.16796875,6237172.0,5,-7.658
2025-03-31,Sacombank,5,3.2,1,4,20.0,80.0,38240.0,38000.0,37400.0,32294960.0,5,-1.579
2025-03-31,TPBank,7,4.286,5,2,71.43,28.57,12190.0,12561.098031318517,11278.451171875,27492130.0,5,-10.211
2025-03-31,Techcombank,17,3.529,11,6,64.71,35.29,26303.0,26692.904857954545,25036.775390625,35296540.0,5,-6.204
2025-03-31,Vietcombank,59,2.627,4,55,6.78,93.22,62266.0,64231.15798950195,59565.21875,5635120.0,5,-7.264
2025-03-31,VietinBank,59,2.627,7,52,11.86,88.14,27743.0,28153.442507631433,26445.1015625,15259462.0,5,-6.068
2025-04-07,ACB,7,3.286,4,3,57.14,42.86,19121.0,19182.847251860032,20636.091796875,40861196.0,4,7.576
2025-04-07,BIDV,15,2.867,4,11,26.67,73.33,33972.0,34614.91429570896,36345.66015625,4915825.0,4,5.0
2025-04-07,HDBank,7,2.286,2,5,28.57,71.43,14978.0,15729.8173828125,15961.1376953125,33136158.0,4,1.471
2025-04-07,MBBank,27,2.519,0,27,0.0,100.0,16285.0,15826.894161846152,17548.0234375,69889794.0,4,10.875
2025-04-07,MSB,16,2.5,6,10,37.5,62.5,8740.0,8750.0,9208.3330078125,22570042.0,4,5.238
2025-04-07,OCB,5,3.4,3,2,60.0,40.0,8771.0,8919.444445460269,9400.3955078125,5182028.0,4,5.392
2025-04-07,Sacombank,8,2.75,1,7,12.5,87.5,35288.0,36000.0,37850.0,33265100.0,4,5.139
2025-04-07,TPBank,14,3.643,8,6,57.14,42.86,10903.0,10968.845853177074,11676.513671875,25506155.0,4,6.452
2025-04-07,Techcombank,33,3.242,15,18,45.45,54.55,24209.0,24354.838775443633,25913.548828125,34972130.0,4,6.4
2025-04-07,Vietcombank,62,2.726,11,51,17.74,82.26,55644.0,59366.66684867832,59366.66796875,6126775.0,4,0.0
2025-04-07,VietinBank,10,2.4,0,10,0.0,100.0,24660.0,24668.428857230334,26240.1015625,21755446.0,4,6.371
2025-04-14,ACB,5,2.6,1,4,20.0,80.0,20262.0,20636.091868047355,20345.443359375,16769608.0,5,-1.408
2025-04-14,BIDV,22,2.864,4,18,18.18,81.82,35861.0,36592.91015625,35554.46484375,3213100.0,5,-2.838
2025-04-14,HDBank,22,4.273,18,4,81.82,18.18,15992.0,16423.779296875,16038.2451171875,19569806.0,5,-2.347
2025-04-14,MBBank,18,2.5,0,18,0.0,100.0,17301.0,17585.439380904263,17398.359375,36177979.0,5,-1.064
2025-04-14,MSB,21,2.19,6,15,28.57,71.43,9142.0,9250.0,9291.6669921875,17086975.0,5,0.45
2025-04-14,OCB,7,1.429,1,6,14.29,85.71,9234.0,9400.394920188057,9269.2265625,4558398.0,5,-1.395
2025-04-14,Sacombank,40,2.9,11,29,27.5,72.5,38250.0,37950.0,38550.0,13917880.0,5,1.581
2025-04-14,TPBank,9,3.222,3,6,33.33,66.67,11517.0,11720.743395598962,11676.513671875,13254277.0,5,-0.377
2025-04-14,Techcombank,22,3.409,13,9,59.09,40.91,25397.0,25913.549523305086,25329.033203125,21130420.0,5,-2.256
2025-04-14,Vietcombank,38,2.816,7,31,18.42,81.58,58533.0,59565.216589376054,57678.984375,3567540.0,5,-3.167
2025-04-14,VietinBank,5,2.8,1,4,20.0,80.0,25687.0,26376.768968346532,25590.931640625,13116665.0,5,-2.979
2025-04-21,ACB,6,3.5,4,2,66.67,33.33,20071.0,20220.879362181626,19847.1875,12496337.0,5,-1.848
2025-04-21,BIDV,13,2.385,1,12,7.69,92.31,34842.0,35554.462355939715,34614.9140625,2643660.0,5,-2.643
2025-04-21,HDBank,20,3.15,10,10,50.0,50.0,15969.0,16038.2451171875,16385.2265625,20316221.0,5,2.163
2025-04-21,MBBank,25,2.48,0,25,0.0,100.0,17398.0,17585.43864138904,17622.8515625,46310273.0,5,0.213
2025-04-21,MSB,28,2.464,10,18,35.71,64.29,9375.0,9291.6669921875,9416.6669921875,16910751.0,5,1.345
2025-04-21,OCB,7,3.429,4,3,57.14,42.86,9147.0,9269.226030325428,9006.8896484375,4215207.0,5,-2.83
2025-04-21,Sacombank,6,3.0,2,4,33.33,66.67,40130.0,38550.0,39150.0,25398620.0,5,1.556
2025-04-21,TPBank,5,4.8,5,0,100.0,0.0,11907.0,11941.888858722203,11853.4296875,15725325.0,5,-0.741
2025-04-21,Techcombank,26,3.269,13,13,50.0,50.0,25076.0,25329.03276699029,25280.322265625,23664060.0,5,-0.192
2025-04-21,Vietcombank,10,2.7,1,9,10.0,90.0,57659.0,58076.087810083765,57083.33203125,2588220.0,5,-1.709
2025-04-21,VietinBank,4,3.25,1,3,25.0,75.0,25447.0,25659.265084934428,25385.9296875,13424298.0,5,-1.065
2025-04-28,ACB,5,2.8,1,4,20.0,80.0,19930.0,19971.752189532475,19971.751953125,5578822.0,2,-0.0
2025-04-28,BIDV,18,2.944,6,12,33.33,66.67,34170.0,34911.615389833576,34169.8671875,3255200.0,2,-2.125
2025-04-28,HDBank,12,3.083,6,6,50.0,50.0,16559.0,16500.88671875,16539.439453125,14475219.0,2,0.234
2025-04-28,MBBank,29,2.517,0,29,0.0,100.0,17679.0,17809.931489365394,17622.8515625,24022878.0,2,-1.05
2025-04-28,MSB,17,2.412,5,12,29.41,70.59,9354.0,9458.3330078125,9333.3330078125,4234294.0,2,-1.322
2025-04-28,OCB,7,2.143,2,5,28.57,71.43,9094.0,9138.058329538191,9094.3359375,13906846.0,2,-0.478
2025-04-28,Sacombank,8,3.0,2,6,25.0,75.0,39175.0,39250.0,39100.0,10463300.0,2,-0.382
2025-04-28,TPBank,11,3.727,7,4,63.64,36.36,11986.0,12030.347281171536,12030.34765625,8132672.0,2,0.0
2025-04-28,Techcombank,19,3.474,11,8,57.89,42.11,25475.0,25329.033203125,25621.291015625,28496200.0,2,1.154
2025-04-28,Vietcombank,12,2.917,4,8,33.33,66.67,56984.0,57281.882751358695,56884.78125,2140650.0,2,-0.693
2025-04-28,VietinBank,6,3.5,3,3,50.0,50.0,25301.0,25454.26619036608,25420.099609375,7356968.0,2,-0.134
2025-05-05,ACB,5,2.6,1,4,20.0,80.0,19988.0,20137.838185654648,20054.794921875,11753571.0,5,-0.412
2025-05-05,BIDV,21,2.952,8,13,38.1,61.9,34664.0,34268.76688598458,34713.81640625,2935938.0,5,1.299
2025-05-05,HDBank,9,3.111,5,4,55.56,44.44,16324.0,16577.994140625,16346.6728515625,14343387.0,5,-1.395
2025-05-05,MBBank,27,2.444,0,27,0.0,100.0,17570.0,17735.09938104043,17585.439453125,26512075.0,5,-0.844
2025-05-05,MSB,18,1.944,4,14,22.22,77.78,9392.0,9375.0,9416.6669921875,8558760.0,5,0.444
2025-05-05,OCB,6,1.5,0,6,0.0,100.0,9164.0,9138.058329538191,9225.50390625,3386458.0,5,0.957
2025-05-05,Sacombank,3,3.0,1,2,33.33,66.67,39290.0,39200.0,39750.0,12313619.0,5,1.403
2025-05-05,TPBank,12,4.0,8,4,66.67,33.33,12278.0,12118.806268304472,12428.41015625,14820617.0,5,2.555
2025-05-05,Techcombank,21,3.333,10,11,47.62,52.38,26371.0,25962.25793779481,26887.7421875,18707030.0,5,3.565
2025-05-05,Vietcombank,13,2.615,2,11,15.38,84.62,56547.0,57083.33190811077,56189.85546875,3481168.0,5,-1.565
2025-05-05,VietinBank,4,2.25,0,4,0.0,100.0,25611.0,25488.433031606735,25590.931640625,9227035.0,5,0.402
2025-05-12,ACB,4,2.0,0,4,0.0,100.0,20727.0,20137.837585157464,21134.349609375,17862060.0,5,4.948
2025-05-12,BIDV,15,3.0,4,11,26.67,73.33,36098.0,34713.814428191494,36197.3125,6898139.0,5,4.274
2025-05-12,HDBank,11,2.364,4,7,36.36,63.64,16917.0,16308.119140625,16924.974609375,16489541.0,5,3.783
2025-05-12,MBBank,42,2.452,0,42,0.0,100.0,18334.0,17510.60604737464,18446.001953125,55725645.0,5,5.342
2025-05-12,MSB,18,1.444,2,16,11.11,88.89,9692.0,9458.3330078125,9791.6669921875,17767865.0,5,3.524
2025-05-12,OCB,6,3.667,4,2,66.67,33.33,9462.0,9269.2265625,9487.83984375,7159878.0,5,2.358
2025-05-12,Sacombank,5,3.2,2,3,40.0,60.0,40120.0,39800.0,39800.0,15079203.0,5,0.0
2025-05-12,TPBank,8,4.125,5,3,62.5,37.5,13038.0,12516.86840545102,12952.380859375,19009517.0,5,3.479
2025-05-12,Techcombank,37,3.324,20,17,54.05,45.95,28836.0,26936.45226469494,28690.0,30439298.0,5,6.51
2025-05-12,Vietcombank,12,2.5,1,11,8.33,91.67,57242.0,56586.95692082597,57083.33203125,8322254.0,5,0.877
2025-05-12,VietinBank,5,3.2,2,3,40.0,60.0,26732.0,25625.0976658484,26650.103515625,14697233.0,5,4.0
2025-05-19,ACB,7,2.714,1,6,14.29,85.71,21294.0,21134.349682537813,21600.0,20079884.0,5,2.203
2025-05-19,BIDV,2,4.0,2,0,100.0,0.0,35693.0,36098.41019941298,35455.5625,3582906.0,5,-1.781
2025-05-19,HDBank,5,2.8,2,3,40.0,60.0,17095.0,16847.8671875,17040.634765625,22309660.0,5,1.144
2025-05-19,MBBank,28,2.643,0,28,0.0,100.0,18528.0,18333.75405207274,18446.001953125,35125329.0,5,0.612
2025-05-19,MSB,23,2.087,6,17,26.09,73.91,9767.0,9750.0,9666.6669921875,16682879.0,5,-0.855
2025-05-19,OCB,4,2.75,1,3,25.0,75.0,9444.0,9444.1171875,9356.671875,4104842.0,5,-0.926
2025-05-19,Sacombank,6,2.667,1,5,16.67,83.33,40640.0,39500.0,41800.0,19723072.0,5,5.823
2025-05-19,TPBank,2,5.0,2,0,100.0,0.0,12762.0,12857.142578125,12619.0478515625,13705839.0,5,-1.852
2025-05-19,Techcombank,34,3.176,16,18,47.06,52.94,29615.0,28446.45286016949,29371.935546875,31938388.0,5,3.253
2025-05-19,Vietcombank,9,2.889,3,6,33.33,66.67,56567.0,56984.05848410088,56388.40625,4428660.0,5,-1.045
2025-05-19,VietinBank,7,3.143,3,4,42.86,57.14,26746.0,26479.269525672025,26513.435546875,9914386.0,5,0.129
2025-05-26,ACB,12,3.0,3,9,25.0,75.0,21350.0,21600.0,21100.0,9621896.0,5,-2.315
2025-05-26,BIDV,12,3.0,4,8,33.33,66.67,35821.0,35455.5625,35603.9140625,3220983.0,5,0.418
2025-05-26,HDBank,7,3.714,5,2,71.43,28.57,17149.0,17117.7421875,16732.20703125,23131443.0,5,-2.252
2025-05-26,MBBank,37,2.486,2,35,5.41,94.59,18409.0,18483.418113396747,18221.505859375,22096401.0,5,-1.417
2025-05-26,MSB,19,2.053,5,14,26.32,73.68,9708.0,9708.3330078125,9625.0,14894369.0,5,-0.858
2025-05-26,OCB,4,4.0,3,1,75.0,25.0,9444.0,9356.671750735131,9269.2265625,4287321.0,5,-0.935
2025-05-26,Sacombank,9,3.0,2,7,22.22,77.78,41220.0,41500.0,40700.0,8642155.0,5,-1.928
2025-05-26,TPBank,4,4.5,3,1,75.0,25.0,12705.0,12666.6669921875,12619.0478515625,9215891.0,5,-0.376
2025-05-26,Techcombank,17,3.118,7,10,41.18,58.82,29752.0,29371.936673059103,29664.193359375,21214198.0,5,0.995
2025-05-26,Vietcombank,5,3.2,2,3,40.0,60.0,56329.0,56487.68166803729,55991.3046875,5324155.0,5,-0.879
2025-05-26,VietinBank,5,3.0,1,4,20.0,80.0,26732.0,26479.26786092598,26171.767578125,10525280.0,5,-1.161
2025-06-02,ACB,14,2.357,1,13,7.14,92.86,21090.0,21100.0,21000.0,8107829.0,5,-0.474
2025-06-02,BIDV,8,3.125,2,6,25.0,75.0,35228.0,35406.11460521709,34862.1640625,2929846.0,5,-1.536
2025-06-02,HDBank,9,2.778,4,5,44.44,55.56,16771.0,16616.546875,16809.314453125,16098204.0,5,1.16
2025-06-02,MBBank,32,2.812,10,22,31.25,68.75,18319.0,18296.338109359112,18071.84375,21546394.0,5,-1.227
2025-06-02,MSB,15,1.6,2,13,13.33,86.67,9725.0,9625.0,9666.6669921875,12792671.0,5,0.433
2025-06-02,OCB,4,2.25,1,3,25.0,75.0,9514.0,9269.225670171598,9400.3955078125,3157267.0,5,1.415
2025-06-02,Sacombank,19,3.105,7,12,36.84,63.16,41500.0,40700.0,41750.0,14544996.0,5,2.58
2025-06-02,TPBank,9,3.778,5,4,55.56,44.44,12514.0,12285.7138671875,12476.1904296875,10667343.0,5,1.55
2025-06-02,Techcombank,20,3.35,10,10,50.0,50.0,30239.0,29615.483995137765,29518.064453125,20401940.0,5,-0.329
2025-06-02,Vietcombank,12,3.417,6,6,50.0,50.0,55991.0,56090.579994717526,55693.4765625,3078192.0,5,-0.708
2025-06-02,VietinBank,4,3.75,3,1,75.0,25.0,26267.0,26137.601829354797,26103.43359375,6079867.0,5,-0.131
2025-06-09,ACB,10,2.6,2,8,20.0,80.0,20990.0,21000.0,21050.0,7731977.0,5,0.238
2025-06-09,BIDV,15,2.8,4,11,26.67,73.33,34882.0,34862.1640625,35158.86328125,2501549.0,5,0.851
2025-06-09,HDBank,11,1.727,2,9,18.18,81.82,16609.0,16809.314453125,16655.1015625,12165414.0,5,-0.917
2025-06-09,MBBank,52,2.981,16,36,30.77,69.23,18296.0,18071.843897828967,18595.666015625,27560901.0,5,2.899
2025-06-09,MSB,18,1.722,3,15,16.67,83.33,9783.0,9666.6669921875,9958.3330078125,24617707.0,5,3.017
2025-06-09,OCB,9,3.0,4,5,44.44,55.56,9689.0,9400.3955078125,9881.3447265625,6204087.0,5,5.116
2025-06-09,Sacombank,37,2.865,8,29,21.62,78.38,43520.0,41950.0,44900.0,13644617.0,5,7.032
2025-06-09,TPBank,13,4.077,8,5,61.54,38.46,12543.0,12476.1904296875,12571.4287109375,10594165.0,5,0.763
2025-06-09,Techcombank,28,3.107,11,17,39.29,60.71,29625.0,29518.066248686973,30394.83984375,20457292.0,5,2.97
2025-06-09,Vietcombank,12,3.167,5,7,41.67,58.33,55535.0,55792.75185878802,55792.75390625,3029664.0,5,0.0
2025-06-09,VietinBank,4,3.0,2,2,50.0,50.0,26274.0,26103.43385899306,27265.10546875,13536374.0,5,4.45
2025-06-16,ACB,6,2.667,1,5,16.67,83.33,21310.0,21000.0,21450.0,11010694.0,5,2.143
2025-06-16,BIDV,8,2.875,2,6,25.0,75.0,35446.0,35158.863232217576,35603.9140625,3384523.0,5,1.266
2025-06-16,HDBank,11,2.091,2,9,18.18,81.82,16925.0,16616.546875,17079.189453125,17562186.0,5,2.784
2025-06-16,MBBank,45,3.044,15,30,33.33,66.67,18865.0,18595.66443924824,19306.56640625,37171611.0,5,3.823
2025-06-16,MSB,17,2.059,4,13,23.53,76.47,10100.0,9958.3330078125,10041.6669921875,21940367.0,5,0.837
2025-06-16,OCB,1,1.0,0,1,0.0,100.0,10152.0,9881.345571867281,10143.6826171875,6671320.0,5,2.655
2025-06-16,Sacombank,26,2.962,8,18,30.77,69.23,46490.0,44600.0,46600.0,10498971.0,5,4.484
2025-06-16,TPBank,16,4.688,14,2,87.5,12.5,12752.0,12571.4287109375,12714.2861328125,8691128.0,5,1.136
2025-06-16,Techcombank,11,3.091,5,6,45.45,54.55,32246.0,30200.00145123839,33122.58203125,28463256.0,5,9.677
2025-06-16,Vietcombank,6,3.0,3,3,50.0,50.0,56428.0,55792.75401667403,56686.23046875,4794408.0,5,1.601
2025-06-16,VietinBank,3,2.667,0,3,0.0,100.0,27716.0,27299.271493587028,28221.775390625,12297666.0,5,3.379
2025-06-23,ACB,27,4.519,21,6,77.78,22.22,21260.0,21400.0,21200.0,8715827.0,5,-0.935
2025-06-23,BIDV,4,3.0,2,2,50.0,50.0,35505.0,35257.76298814505,35702.8125,4165069.0,5,1.262
2025-06-23,HDBank,13,1.923,3,10,23.08,76.92,16840.0,16963.529296875,16809.314453125,31553984.0,5,-0.909
2025-06-23,MBBank,39,3.154,15,24,38.46,61.54,19307.0,19119.486839603258,19231.734375,33705233.0,5,0.587
2025-06-23,MSB,18,2.667,7,11,38.89,61.11,10000.0,10000.0,10000.0,15580189.0,5,0.0
2025-06-23,OCB,14,4.714,13,1,92.86,7.14,10310.0,10056.236658652546,10231.126953125,5739993.0,5,1.739
2025-06-23,Sacombank,13,4.462,10,3,76.92,23.08,46580.0,46250.0,46350.0,9726317.0,5,0.216
2025-06-23,TPBank,12,4.167,10,2,83.33,16.67,12705.0,12571.4287109375,12761.904296875,8353525.0,5,1.515
2025-06-23,Techcombank,18,3.667,12,6,66.67,33.33,33045.0,32732.90347633136,33073.87109375,28906594.0,5,1.042
2025-06-23,Vietcombank,17,2.824,4,13,23.53,76.47,56170.0,56289.13083176899,56289.12890625,3492172.0,5,-0.0
2025-06-23,VietinBank,10,2.8,4,6,40.0,60.0,28488.0,27982.606871076587,28665.9453125,10339438.0,5,2.442
2025-06-30,ACB,25,4.44,20,5,80.0,20.0,21430.0,21250.0,21850.0,13195963.0,5,2.824
2025-06-30,BIDV,4,3.0,2,2,50.0,50.0,36029.0,35950.06316180268,36147.86328125,5120359.0,5,0.55
2025-06-30,HDBank,39,3.359,22,17,56.41,43.59,17164.0,16809.314453125,17387.6171875,26880105.0,5,3.44
2025-06-30,MBBank,41,3.341,19,22,46.34,53.66,19426.0,19269.150463976534,19456.228515625,26233321.0,5,0.971
2025-06-30,MSB,27,1.704,4,23,14.81,85.19,10133.0,10041.6669921875,10125.0,12741098.0,5,0.83
2025-06-30,OCB,15,3.6,10,5,66.67,33.33,10415.0,10274.850265730305,10580.91015625,4769511.0,5,2.979
2025-06-30,Sacombank,17,4.471,15,2,88.24,11.76,46980.0,46600.0,47050.0,11375460.0,5,0.966
2025-06-30,TPBank,80,4.075,56,24,70.0,30.0,12971.0,12809.5234375,13095.23828125,15863622.0,5,2.23
2025-06-30,Techcombank,28,3.036,11,17,39.29,60.71,33785.0,33220.0025127924,34048.06640625,24141624.0,5,2.493
2025-06-30,Vietcombank,10,3.3,5,5,50.0,50.0,57480.0,56586.95703125,57976.8125,5937874.0,5,2.456
2025-06-30,VietinBank,11,3.182,5,6,45.45,54.55,28823.0,28700.112429360408,29178.4453125,9052320.0,5,1.667
2025-07-07,ACB,29,4.207,22,7,75.86,24.14,22440.0,22050.0,22700.0,16344173.0,5,2.948
2025-07-07,BIDV,8,2.75,1,7,12.5,87.5,37473.0,36246.76225428427,37878.60546875,9375806.0,5,4.502
2025-07-07,HDBank,13,2.846,6,7,46.15,53.85,18475.0,17464.72265625,18852.6484375,31919455.0,5,7.947
2025-07-07,MBBank,40,3.0,10,30,25.0,75.0,19838.0,19531.059046322633,19980.05078125,26339570.0,5,2.299
2025-07-07,MSB,20,2.0,4,16,20.0,80.0,10642.0,10166.6669921875,10750.0,23509458.0,5,5.738
2025-07-07,OCB,85,4.576,76,9,89.41,10.59,11018.0,10624.632294684452,11149.3056640625,7284703.0,5,4.938
2025-07-07,Sacombank,18,4.444,13,5,72.22,27.78,47660.0,47100.0,47650.0,9695721.0,5,1.168
2025-07-07,TPBank,20,3.85,14,6,70.0,30.0,13857.0,13095.23828125,14142.857421875,35314387.0,5,8.0
2025-07-07,Techcombank,22,3.227,12,10,54.55,45.45,34145.0,34291.611898017,34048.06640625,23767650.0,5,-0.71
2025-07-07,Vietcombank,18,2.889,6,12,33.33,66.67,60201.0,58076.08791728882,62245.65234375,11362571.0,5,7.179
2025-07-07,VietinBank,13,2.615,3,10,23.08,76.92,30531.0,29383.447243120987,30476.78515625,10999046.0,5,3.721
2025-07-14,ACB,50,3.78,33,17,66.0,34.0,22540.0,22750.0,22650.0,15430322.0,5,-0.44
2025-07-14,BIDV,16,2.812,6,10,37.5,62.5,37938.0,38076.40817027813,37928.05859375,7312955.0,5,-0.39
2025-07-14,HDBank,13,2.923,6,7,46.15,53.85,18745.0,18891.201171875,18814.095703125,31870163.0,5,-0.408
2025-07-14,MBBank,31,2.968,10,21,32.26,67.74,20062.0,20017.466871177967,20354.208984375,28859851.0,5,1.682
2025-07-14,MSB,18,2.222,5,13,27.78,72.22,10967.0,10791.6669921875,11041.6669921875,17889708.0,5,2.317
2025-07-14,OCB,23,4.261,18,5,78.26,21.74,11586.0,11193.028119053797,11296.2958984375,11035390.0,5,0.923
2025-07-14,Sacombank,6,4.167,4,2,66.67,33.33,48270.0,47750.0,50200.0,13099001.0,5,5.131
2025-07-14,TPBank,15,3.267,7,8,46.67,53.33,14200.0,14142.857421875,14380.9521484375,26436776.0,5,1.683
2025-07-14,Techcombank,13,3.231,6,7,46.15,53.85,34399.0,34048.06627270299,35314.515625,26229152.0,5,3.72
2025-07-14,Vietcombank,13,3.308,6,7,46.15,53.85,61491.0,62444.20495292468,61451.44921875,19735309.0,5,-1.59
2025-07-14,VietinBank,5,2.6,1,4,20.0,80.0,30538.0,30408.449506961875,30784.287109375,11954749.0,5,1.236
2025-07-21,ACB,33,3.97,23,10,69.7,30.3,23110.0,22700.0,23600.0,16381136.0,5,3.965
2025-07-21,BIDV,150,2.927,35,115,23.33,76.67,38254.0,38026.95775406004,38422.5546875,8396929.0,5,1.04
2025-07-21,HDBank,10,2.6,4,6,40.0,60.0,20402.0,18891.201171875,21782.712890625,49504021.0,5,15.306
2025-07-21,MBBank,44,3.182,19,25,43.18,56.82,20706.0,20429.040498089147,21289.60546875,34853863.0,5,4.212
2025-07-21,MSB,18,1.722,3,15,16.67,83.33,11358.0,11041.6669921875,11750.0,18154344.0,5,6.415
2025-07-21,OCB,9,1.778,1,8,11.11,88.89,11574.0,11342.5927734375,11990.7412109375,8598582.0,5,5.714
2025-07-21,Sacombank,18,3.556,9,9,50.0,50.0,49100.0,50700.0,48800.0,11017746.0,5,-3.748
2025-07-21,TPBank,18,2.611,6,12,33.33,66.67,14667.0,14523.8095703125,14857.142578125,28181825.0,5,2.295
2025-07-21,Techcombank,11,3.0,4,7,36.36,63.64,34301.0,35363.22864509873,34291.61328125,24238078.0,5,-3.03
2025-07-21,Vietcombank,9,3.0,2,7,22.22,77.78,61491.0,61749.27513254486,61550.7265625,6286438.0,5,-0.322
2025-07-21,VietinBank,4,3.0,1,3,25.0,75.0,31126.0,31160.119691914304,31160.12109375,8428307.0,5,0.0
2025-07-28,ACB,40,3.875,28,12,70.0,30.0,23120.0,23700.0,23000.0,20019872.0,5,-2.954
2025-07-28,BIDV,53,2.868,13,40,24.53,75.47,37572.0,38669.804637928304,36790.7109375,9974125.0,5,-4.859
2025-07-28,HDBank,15,3.0,6,9,40.0,60.0,20827.0,21859.8203125,20818.875,36884868.0,5,-4.762
2025-07-28,MBBank,37,3.405,19,18,51.35,48.65,20594.0,21289.605881585932,20316.79296875,45516107.0,5,-4.569
2025-07-28,MSB,22,1.727,4,18,18.18,81.82,11633.0,11916.6669921875,11250.0,33200141.0,5,-5.594
2025-07-28,OCB,8,3.0,4,4,50.0,50.0,12204.0,12129.6298828125,11759.2587890625,13588416.0,5,-3.053
2025-07-28,Sacombank,25,3.6,12,13,48.0,52.0,49150.0,48800.0,49400.0,18352162.0,5,1.23
2025-07-28,TPBank,90,3.244,48,42,53.33,46.67,15057.0,14904.76171875,14952.380859375,33836441.0,5,0.319
2025-07-28,Techcombank,29,3.276,13,16,44.83,55.17,33532.0,34340.325200798805,33220.0,36081708.0,5,-3.262
2025-07-28,Vietcombank,7,2.429,0,7,0.0,100.0,60578.0,61749.273624104295,59763.76953125,8026279.0,5,-3.215
2025-07-28,VietinBank,6,2.667,1,5,16.67,83.33,30859.0,31091.78793936576,30271.783203125,24636157.0,5,-2.637
2025-08-04,ACB,51,2.902,24,27,47.06,52.94,23920.0,23000.0,24250.0,22016304.0,5,5.435
2025-08-04,BIDV,37,3.108,15,22,40.54,59.46,38858.0,36790.71139947438,39263.203125,13819065.0,5,6.72
2025-08-04,HDBank,12,2.417,4,8,33.33,66.67,21698.0,20857.4296875,21628.498046875,34968099.0,5,3.697
2025-08-04,MBBank,31,3.258,15,16,48.39,51.61,22360.0,20279.376029332772,22861.068359375,50168962.0,5,12.731
2025-08-04,MSB,20,1.8,4,16,20.0,80.0,12258.0,11208.3330078125,12833.3330078125,38318566.0,5,14.498
2025-08-04,OCB,12,3.0,6,6,50.0,50.0,12498.0,11666.6669921875,13000.0,13485705.0,5,11.429
2025-08-04,Sacombank,9,3.889,6,3,66.67,33.33,52880.0,48900.0,54000.0,18828114.0,5,10.429
2025-08-04,TPBank,76,2.632,26,50,34.21,65.79,17400.0,14761.904296875,18428.572265625,69450950.0,5,24.839
2025-08-04,Techcombank,16,3.5,11,5,68.75,31.25,36396.0,33220.00024310467,36873.2265625,44603486.0,5,10.997
2025-08-04,Vietcombank,12,3.417,6,6,50.0,50.0,61253.0,59664.492475194354,61451.44921875,9742937.0,5,2.995
2025-08-04,VietinBank,15,2.467,1,14,6.67,93.33,32144.0,30066.78236063602,32595.126953125,19285643.0,5,8.409
2025-08-11,ACB,43,3.465,26,17,60.47,39.53,25180.0,24300.0,26550.0,23216716.0,5,9.259
2025-08-11,BIDV,24,2.75,4,20,16.67,83.33,40786.0,39559.90360696518,40548.90234375,13619672.0,5,2.5
2025-08-11,HDBank,14,1.857,3,11,21.43,78.57,22777.0,21859.8203125,23903.154296875,50592084.0,5,9.347
2025-08-11,MBBank,40,3.05,16,24,40.0,60.0,25938.0,23048.147939964896,28250.0,76802745.0,5,22.57
2025-08-11,MSB,18,2.5,6,12,33.33,66.67,13042.0,12875.0,13208.3330078125,36689350.0,5,2.589
2025-08-11,OCB,9,2.778,4,5,44.44,55.56,12930.0,13100.0,13000.0,11228650.0,5,-0.763
2025-08-11,Sacombank,25,4.44,19,6,76.0,24.0,54180.0,53600.0,53900.0,11800130.0,5,0.56
2025-08-11,TPBank,39,2.513,12,27,30.77,69.23,18514.0,18476.19140625,18571.427734375,55636295.0,5,0.515
2025-08-11,Techcombank,39,3.026,11,28,28.21,71.79,36815.0,36970.64731477649,36629.6796875,31357192.0,5,-0.922
2025-08-11,Vietcombank,8,3.0,2,6,25.0,75.0,63040.0,61650.0001125,63834.05859375,12675337.0,5,3.543
2025-08-11,VietinBank,9,3.333,5,4,55.56,44.44,33388.0,32663.460402284258,33483.4609375,21967365.0,5,2.51
2025-08-18,ACB,47,3.404,26,21,55.32,44.68,28160.0,26800.0,27850.0,39946852.0,5,3.918
2025-08-18,BIDV,53,4.453,42,11,79.25,20.75,41123.0,40598.350959329044,42774.14453125,14458619.0,5,5.359
2025-08-18,HDBank,9,2.222,2,7,22.22,77.78,24744.0,24057.3671875,24944.09765625,43666443.0,5,3.686
2025-08-18,MBBank,65,3.154,26,39,40.0,60.0,27780.0,28550.0,26900.0,62606490.0,5,-5.779
2025-08-18,MSB,14,2.643,5,9,35.71,64.29,13867.0,13333.3330078125,15000.0,52422902.0,5,12.5
2025-08-18,OCB,8,2.25,2,6,25.0,75.0,13670.0,13000.0,14550.0,23370428.0,5,11.923
2025-08-18,Sacombank,17,4.294,13,4,76.47,23.53,54680.0,53900.0,55500.0,19607706.0,5,2.968
2025-08-18,TPBank,36,1.917,7,29,19.44,80.56,20133.0,18571.427734375,20571.427734375,78978375.0,5,10.769
2025-08-18,Techcombank,29,2.483,6,23,20.69,79.31,38617.0,37214.19291419631,37993.55078125,48920834.0,5,2.094
2025-08-18,Vietcombank,14,3.0,4,10,28.57,71.43,63636.0,64330.43546511628,64131.8828125,11571279.0,5,-0.309
2025-08-18,VietinBank,9,3.111,3,6,33.33,66.67,34358.0,33517.63116350913,34781.8046875,23952279.0,5,3.772
2025-08-25,ACB,36,3.389,20,16,55.56,44.44,27310.0,28200.0,27800.0,23912114.0,5,-1.418
2025-08-25,BIDV,38,3.895,22,16,57.89,42.11,41726.0,43416.99543635671,42378.546875,10732480.0,5,-2.392
2025-08-25,HDBank,22,1.955,5,17,22.73,77.27,24983.0,25368.185546875,25792.2734375,27662788.0,5,1.672
2025-08-25,MBBank,51,3.098,22,29,43.14,56.86,27220.0,27150.0,27750.0,45303044.0,5,2.21
2025-08-25,MSB,15,2.067,4,11,26.67,73.33,14617.0,15083.3330078125,14750.0,57204838.0,5,-2.21
2025-08-25,OCB,10,2.4,4,6,40.0,60.0,13670.0,14750.0,13650.0,11598085.0,5,-7.458
2025-08-25,Sacombank,21,4.429,17,4,80.95,19.05,54800.0,56200.0,55600.0,15552571.0,5,-1.068
2025-08-25,TPBank,44,2.182,12,32,27.27,72.73,19610.0,20571.427734375,19904.76171875,52641038.0,5,-3.241
2025-08-25,Techcombank,53,1.774,7,46,13.21,86.79,38003.0,38529.35590046604,38578.06640625,29962408.0,5,0.126
2025-08-25,Vietcombank,11,2.909,3,8,27.27,72.73,66495.0,65323.18682439073,68102.8984375,14679779.0,5,4.255
2025-08-25,VietinBank,9,2.778,0,9,0.0,100.0,34754.0,35191.80015673249,35055.13671875,19761668.0,5,-0.388
2025-09-01,ACB,33,3.364,18,15,54.55,45.45,27433.0,27700.0,27150.0,19898930.0,3,-1.986
2025-09-01,BIDV,33,3.758,20,13,60.61,39.39,42477.0,42625.795501077584,41488.44921875,10732361.0,3,-2.668
2025-09-01,HDBank,38,1.711,5,33,13.16,86.84,25330.0,25830.828125,24905.544921875,25533358.0,3,-3.582
2025-09-01,MBBank,49,3.204,20,29,40.82,59.18,28033.0,27800.0,27400.0,47193137.0,3,-1.439
2025-09-01,MSB,21,2.238,6,15,28.57,71.43,15000.0,14791.6669921875,14750.0,51166880.0,3,-0.282
2025-09-01,OCB,5,3.4,3,2,60.0,40.0,13950.0,13750.0,13800.0,11153920.0,3,0.364
2025-09-01,Sacombank,23,4.391,19,4,82.61,17.39,56233.0,56000.0,56000.0,10398903.0,3,0.0
2025-09-01,TPBank,52,2.25,16,36,30.77,69.23,20048.0,19952.380859375,19619.046875,39286621.0,3,-1.671
2025-09-01,Techcombank,42,1.857,7,35,16.67,83.33,38546.0,39016.453524502846,38480.64453125,22407737.0,3,-1.373
2025-09-01,Vietcombank,9,3.222,3,6,33.33,66.67,67309.0,68301.44869402985,67010.8671875,11627567.0,3,-1.89
2025-09-01,VietinBank,11,2.909,3,8,27.27,72.73,34600.0,34918.47042126879,34371.80078125,14774853.0,3,-1.566
2025-09-08,ACB,83,2.361,23,60,27.71,72.29,26430.0,27000.0,26300.0,18357776.0,5,-2.593
2025-09-08,BIDV,37,4.243,27,10,72.97,27.03,40272.0,41241.197416974166,40499.44921875,5581640.0,5,-1.799
2025-09-08,HDBank,16,1.938,3,13,18.75,81.25,24219.0,24597.115234375,24288.6875,22901459.0,5,-1.254
2025-09-08,MBBank,72,3.139,29,43,40.28,59.72,26720.0,27200.0,26600.0,36049706.0,5,-2.206
2025-09-08,MSB,13,1.923,3,10,23.08,76.92,13800.0,14800.0,13850.0,23952789.0,5,-6.419
2025-09-08,OCB,14,3.0,6,8,42.86,57.14,13100.0,13800.0,13100.0,6964717.0,5,-5.072
2025-09-08,Sacombank,21,4.476,18,3,85.71,14.29,54580.0,55700.0,55400.0,11002678.0,5,-0.539
2025-09-08,TPBank,48,1.354,3,45,6.25,93.75,18505.0,19238.095703125,18571.427734375,30158673.0,5,-3.465
2025-09-08,Techcombank,55,1.727,10,45,18.18,81.82,37565.0,38480.64581620066,37603.87109375,27805230.0,5,-2.278
2025-09-08,Vietcombank,11,3.182,4,7,36.36,63.64,65025.0,66613.7690467075,65323.1875,7002799.0,5,-1.937
2025-09-08,VietinBank,43,3.93,30,13,69.77,30.23,34249.0,34166.802458642785,34440.1328125,14356807.0,5,0.8
2025-09-15,ACB,45,2.956,21,24,46.67,53.33,25970.0,26300.0,25350.0,25365732.0,5,-3.612
2025-09-15,BIDV,29,4.103,19,10,65.52,34.48,40717.0,40598.35196515847,39362.10546875,5848528.0,5,-3.045
2025-09-15,HDBank,13,2.308,3,10,23.08,76.92,23803.0,24288.6875,23286.298828125,19492799.0,5,-4.127
2025-09-15,MBBank,36,3.306,18,18,50.0,50.0,26960.0,26750.0,26650.0,24307124.0,5,-0.374
2025-09-15,MSB,16,1.688,2,14,12.5,87.5,13760.0,13850.0,13500.0,16508174.0,5,-2.527
2025-09-15,OCB,4,3.0,2,2,50.0,50.0,13040.0,13200.0,12900.0,4846864.0,5,-2.273
2025-09-15,Sacombank,16,4.688,15,1,93.75,6.25,56100.0,55200.0,55200.0,11096653.0,5,0.0
2025-09-15,TPBank,45,2.244,13,32,28.89,71.11,18324.0,18619.046875,17714.28515625,14785006.0,5,-4.859
2025-09-15,Techcombank,36,2.361,10,26,27.78,72.22,37847.0,37555.163656850964,37409.03125,21636070.0,5,-0.389
2025-09-15,Vietcombank,5,3.0,2,3,40.0,60.0,64152.0,65521.738221884494,62543.4765625,8218972.0,5,-4.545
2025-09-15,VietinBank,15,3.4,7,8,46.67,53.33,35246.0,34576.80128951606,34986.80078125,16233701.0,5,1.186
2025-09-22,ACB,40,3.175,21,19,52.5,47.5,25560.0,25450.0,25650.0,12057968.0,5,0.786
2025-09-22,BIDV,77,3.688,48,29,62.34,37.66,40450.0,39757.7042492378,40103.8515625,4099187.0,5,0.871
2025-09-22,HDBank,9,1.667,1,8,11.11,88.89,23063.0,23286.298828125,23247.744140625,22369935.0,5,-0.166
2025-09-22,MBBank,48,3.188,20,28,41.67,58.33,26420.0,26550.0,26250.0,17985342.0,5,-1.13
2025-09-22,MSB,13,2.077,3,10,23.08,76.92,13210.0,13500.0,13100.0,9409948.0,5,-2.963
2025-09-22,OCB,7,3.0,3,4,42.86,57.14,12760.0,12900.0,12750.0,3187983.0,5,-1.163
2025-09-22,Sacombank,11,4.182,9,2,81.82,18.18,56120.0,55500.0,56500.0,9799803.0,5,1.802
2025-09-22,TPBank,41,2.073,9,32,21.95,78.05,18295.0,17809.5234375,17904.76171875,20671845.0,5,0.535
2025-09-22,Techcombank,44,2.386,15,29,34.09,65.91,37292.0,37311.61264583334,37701.29296875,16368082.0,5,1.044
2025-09-22,Vietcombank,4,2.5,0,4,0.0,100.0,62127.0,62543.48021673387,62543.4765625,4392124.0,5,-0.0
2025-09-22,VietinBank,27,3.741,18,9,66.67,33.33,34276.0,34645.13285643514,34645.1328125,10562549.0,5,-0.0
2025-09-29,ACB,36,2.778,14,22,38.89,61.11,25660.0,25550.0,25650.0,10609954.0,5,0.391
2025-09-29,BIDV,50,3.18,25,25,50.0,50.0,39609.0,39807.151684630895,39362.10546875,2710102.0,5,-1.118
2025-09-29,HDBank,7,1.857,1,6,14.29,85.71,23726.0,23247.744140625,23286.298828125,16385168.0,5,0.166
2025-09-29,MBBank,48,3.333,27,21,56.25,43.75,26420.0,26250.0,26550.0,22173646.0,5,1.143
2025-09-29,MSB,21,1.857,4,17,19.05,80.95,13190.0,13100.0,13100.0,14400673.0,5,0.0
2025-09-29,OCB,3,3.0,1,2,33.33,66.67,12810.0,12750.0,12900.0,3935007.0,5,1.176
2025-09-29,Sacombank,23,3.913,15,8,65.22,34.78,57800.0,56500.0,57000.0,14308945.0,5,0.885
2025-09-29,TPBank,25,2.12,7,18,28.0,72.0,18000.0,17904.76171875,17809.5234375,12442839.0,5,-0.532
2025-09-29,Techcombank,54,1.889,11,43,20.37,79.63,38270.0,37603.87096774194,38350.0,13963778.0,5,1.984
2025-09-29,Vietcombank,25,2.76,7,18,28.0,72.0,61799.0,62444.20107827476,61700.0,3518995.0,5,-1.192
2025-09-29,VietinBank,84,4.56,73,11,86.9,13.1,34932.0,34645.1333936152,34713.46484375,10137607.0,5,0.197
2025-10-06,ACB,64,2.875,29,35,45.31,54.69,26780.0,26150.0,26950.0,17639728.0,5,3.059
2025-10-06,BIDV,101,3.188,50,51,49.5,50.5,40292.0,39856.603422162574,40746.69921875,4248683.0,5,2.233
2025-10-06,HDBank,14,2.214,4,10,28.57,71.43,24327.0,23517.619140625,24558.5625,28500630.0,5,4.426
2025-10-06,MBBank,58,3.069,22,36,37.93,62.07,27170.0,26950.0,27450.0,38483476.0,5,1.855
2025-10-06,MSB,17,2.471,6,11,35.29,64.71,13590.0,13150.0,13700.0,19980592.0,5,4.183
2025-10-06,OCB,11,3.182,5,6,45.45,54.55,13120.0,12900.0,13350.0,4922754.0,5,3.488
2025-10-06,Sacombank,34,3.971,21,13,61.76,38.24,59720.0,58000.0,60400.0,10701334.0,5,4.138
2025-10-06,TPBank,52,2.038,10,42,19.23,80.77,18714.0,18142.857421875,18666.666015625,27888638.0,5,2.887
2025-10-06,Techcombank,41,1.732,6,35,14.63,85.37,39060.0,38950.0,39350.0,21277360.0,5,1.027
2025-10-06,Vietcombank,65,3.2,33,32,50.77,49.23,64060.0,62800.0,64200.0,6329157.0,5,2.229
2025-10-06,VietinBank,88,3.784,51,37,57.95,42.05,36504.0,35055.13612550167,37720.1484375,19388594.0,5,7.602
2025-10-13,ACB,67,2.254,18,49,26.87,73.13,26280.0,26550.0,25750.0,17175216.0,5,-3.013
2025-10-13,BIDV,63,3.111,32,31,50.79,49.21,39640.0,40548.899755501225,39050.0,4925809.0,5,-3.697
2025-10-13,HDBank,15,2.067,4,11,26.67,73.33,25337.0,24250.134765625,25059.7578125,40306009.0,5,3.339
2025-10-13,MBBank,53,3.019,21,32,39.62,60.38,27190.0,27150.0,27100.0,42358092.0,5,-0.184
2025-10-13,MSB,13,2.692,5,8,38.46,61.54,13250.0,13450.0,13050.0,14437495.0,5,-2.974
2025-10-13,OCB,9,3.111,5,4,55.56,44.44,13020.0,13050.0,12900.0,6558065.0,5,-1.149
2025-10-13,Sacombank,31,3.452,15,16,48.39,51.61,60020.0,59900.0,59000.0,8620880.0,5,-1.503
2025-10-13,TPBank,29,2.483,10,19,34.48,65.52,18543.0,18380.953125,18333.333984375,26267275.0,5,-0.259
2025-10-13,Techcombank,42,2.095,12,30,28.57,71.43,40960.0,39300.0,40650.0,26814982.0,5,3.435
2025-10-13,Vietcombank,58,2.621,21,37,36.21,63.79,62700.0,63400.0,61900.0,6345015.0,5,-2.366
2025-10-13,VietinBank,32,4.156,24,8,75.0,25.0,37410.0,37378.477656519135,36089.6015625,18571666.0,5,-3.448
2025-10-20,ACB,59,2.763,24,35,40.68,59.32,24970.0,25600.0,25000.0,19765412.0,5,-2.344
2025-10-20,BIDV,86,2.349,27,59,31.4,68.6,36910.0,38950.0,36900.0,4419231.0,5,-5.263
2025-10-20,HDBank,7,2.286,2,5,28.57,71.43,24798.0,24674.22265625,25213.97265625,41270538.0,5,2.188
2025-10-20,MBBank,53,3.038,19,34,35.85,64.15,25120.0,26950.0,24400.0,45117018.0,5,-9.462
2025-10-20,MSB,12,1.417,1,11,8.33,91.67,12340.0,13050.0,12300.0,12939420.0,5,-5.747
2025-10-20,OCB,10,2.3,3,7,30.0,70.0,12600.0,12800.0,12900.0,4303200.0,5,0.781
2025-10-20,Sacombank,135,3.178,47,88,34.81,65.19,55200.0,58600.0,54500.0,9710012.0,5,-6.997
2025-10-20,TPBank,31,2.548,11,20,35.48,64.52,17143.0,18333.333984375,17047.619140625,16255332.0,5,-7.013
2025-10-20,Techcombank,34,1.794,5,29,14.71,85.29,37370.0,40650.0,36100.0,26127566.0,5,-11.193
2025-10-20,Vietcombank,38,2.079,9,29,23.68,76.32,59520.0,61800.0,59500.0,6915098.0,5,-3.722
2025-10-20,VietinBank,386,1.487,39,347,10.1,89.9,34410.0,36504.42578125,34430.30859375,20608201.0,5,-5.682
2025-10-27,ACB,64,1.938,13,51,20.31,79.69,25280.0,25300.0,25500.0,16811709.0,5,0.791
2025-10-27,BIDV,75,2.213,19,56,25.33,74.67,37340.0,36950.0,37400.0,2610471.0,5,1.218
2025-10-27,HDBank,15,1.867,3,12,20.0,80.0,24998.0,25406.73828125,24674.22265625,33274768.0,5,-2.883
2025-10-27,MBBank,45,3.067,16,29,35.56,64.44,23940.0,24550.0,23600.0,35735838.0,5,-3.87
2025-10-27,MSB,13,2.0,3,10,23.08,76.92,12250.0,12400.0,12050.0,8163865.0,5,-2.823
2025-10-27,OCB,37,1.676,2,35,5.41,94.59,13110.0,12700.0,12750.0,10598641.0,5,0.394
2025-10-27,Sacombank,18,4.222,13,5,72.22,27.78,56200.0,54500.0,55500.0,6324280.0,5,1.835
2025-10-27,TPBank,24,2.542,8,16,33.33,66.67,16979.0,17142.857421875,16650.0,8729482.0,5,-2.875
2025-10-27,Techcombank,42,2.024,10,32,23.81,76.19,35650.0,36300.0,35100.0,16684094.0,5,-3.306
2025-10-27,Vietcombank,35,2.229,10,25,28.57,71.43,60020.0,60000.0,59600.0,2900047.0,5,-0.667
2025-10-27,VietinBank,85,3.482,53,32,62.35,37.65,33939.0,34430.30859375,33877.2109375,9883915.0,5,-1.606
2025-11-03,ACB,71,2.014,17,54,23.94,76.06,25450.0,25400.0,24900.0,13184805.0,5,-1.969
2025-11-03,BIDV,51,2.647,18,33,35.29,64.71,37930.0,37600.0,37500.0,3186205.0,5,-0.266
2025-11-03,HDBank,11,1.364,1,10,9.09,90.91,23564.0,24674.22265625,23132.083984375,27770233.0,5,-6.25
2025-11-03,MBBank,43,3.233,20,23,46.51,53.49,23600.0,23700.0,23300.0,23525798.0,5,-1.688
2025-11-03,MSB,11,1.727,2,9,18.18,81.82,12140.0,12150.0,12100.0,5538367.0,5,-0.412
2025-11-03,OCB,14,2.286,4,10,28.57,71.43,12380.0,12850.0,12150.0,4745049.0,5,-5.447
2025-11-03,Sacombank,17,4.412,14,3,82.35,17.65,51990.0,55400.0,48350.0,12148431.0,5,-12.726
2025-11-03,TPBank,36,1.667,6,30,16.67,83.33,16840.0,16800.0,16500.0,10901348.0,5,-1.786
2025-11-03,Techcombank,42,2.095,9,33,21.43,78.57,33860.0,35100.0,33000.0,17234394.0,5,-5.983
2025-11-03,Vietcombank,48,1.688,6,42,12.5,87.5,59960.0,60000.0,59300.0,3894837.0,5,-1.167
2025-11-03,VietinBank,54,2.741,21,33,38.89,61.11,34548.0,34084.625,33877.2109375,13569836.0,5,-0.609
2025-11-10,ACB,125,1.92,25,100,20.0,80.0,24980.0,24900.0,24950.0,7221059.0,5,0.201
2025-11-10,BIDV,91,2.78,36,55,39.56,60.44,38060.0,37500.0,38350.0,2189599.0,5,2.267
2025-11-10,HDBank,14,1.714,2,12,14.29,85.71,22978.0,23054.9765625,23016.423828125,23868297.0,5,-0.167
2025-11-10,MBBank,38,3.105,14,24,36.84,63.16,23400.0,23300.0,23500.0,17246062.0,5,0.858
2025-11-10,MSB,11,2.364,4,7,36.36,63.64,12090.0,12050.0,12050.0,4625790.0,5,0.0
2025-11-10,OCB,19,1.474,2,17,10.53,89.47,12300.0,12200.0,12300.0,2410938.0,5,0.82
2025-11-10,Sacombank,20,2.15,4,16,20.0,80.0,49100.0,48500.0,48050.0,14185222.0,5,-0.928
2025-11-10,TPBank,27,2.333,8,19,29.63,70.37,16920.0,16500.0,16950.0,5967531.0,5,2.727
2025-11-10,Techcombank,81,1.852,14,67,17.28,82.72,34450.0,33300.0,35100.0,11176125.0,5,5.405
2025-11-10,Vietcombank,90,2.044,21,69,23.33,76.67,59400.0,59400.0,60000.0,2587332.0,5,1.01
2025-11-10,VietinBank,73,2.192,20,53,27.4,72.6,33614.0,33669.80078125,33566.09375,10440802.0,5,-0.308
2025-11-17,ACB,37,3.162,19,18,51.35,48.65,24930.0,25000.0,24700.0,6172765.0,5,-1.2
2025-11-17,BIDV,55,2.564,20,35,36.36,63.64,38090.0,38350.0,37600.0,1380657.0,5,-1.956
2025-11-17,HDBank,15,2.4,5,10,33.33,66.67,23872.0,23132.083984375,24057.3671875,35331698.0,5,4.0
2025-11-17,MBBank,48,2.396,9,39,18.75,81.25,23510.0,23600.0,23200.0,19249458.0,5,-1.695
2025-11-17,MSB,14,2.929,7,7,50.0,50.0,12230.0,12100.0,12150.0,14880753.0,5,0.413
2025-11-17,OCB,8,2.75,3,5,37.5,62.5,12310.0,12350.0,12150.0,4337189.0,5,-1.619
2025-11-17,Sacombank,29,3.69,19,10,65.52,34.48,49740.0,48100.0,51300.0,11097539.0,5,6.653
2025-11-17,TPBank,27,2.296,7,20,25.93,74.07,17280.0,17000.0,17250.0,6602211.0,5,1.471
2025-11-17,Techcombank,66,1.742,13,53,19.7,80.3,34830.0,35100.0,34250.0,11047290.0,5,-2.422
2025-11-17,Vietcombank,63,2.397,20,43,31.75,68.25,59580.0,60000.0,59000.0,3333735.0,5,-1.667
2025-11-17,VietinBank,42,3.167,21,21,50.0,50.0,33988.0,33704.37109375,33946.34765625,8149302.0,5,0.718
2025-11-24,ACB,30,2.3,8,22,26.67,73.33,24320.0,24700.0,24250.0,9087189.0,5,-1.822
2025-11-24,BIDV,53,2.887,24,29,45.28,54.72,37330.0,37600.0,37100.0,1218474.0,5,-1.33
2025-11-24,HDBank,7,3.286,4,3,57.14,42.86,24551.0,24134.474609375,24674.22265625,30347083.0,5,2.236
2025-11-24,MBBank,52,2.558,16,36,30.77,69.23,23200.0,23250.0,23250.0,17201164.0,5,0.0
2025-11-24,MSB,13,2.538,5,8,38.46,61.54,12520.0,12150.0,13150.0,11319597.0,5,8.23
2025-11-24,OCB,7,2.714,3,4,42.86,57.14,12260.0,12200.0,12300.0,2653275.0,5,0.82
2025-11-24,Sacombank,48,2.875,20,28,41.67,58.33,49570.0,51500.0,48600.0,8896468.0,5,-5.631
2025-11-24,TPBank,29,2.379,9,20,31.03,68.97,17250.0,17250.0,17300.0,6951151.0,5,0.29
2025-11-24,Techcombank,43,1.86,7,36,16.28,83.72,33750.0,34300.0,33750.0,14988822.0,5,-1.603
2025-11-24,Vietcombank,63,2.429,20,43,31.75,68.25,58080.0,59000.0,57400.0,3982079.0,5,-2.712
2025-11-24,VietinBank,37,3.432,21,16,56.76,43.24,33697.0,33946.34765625,33877.2109375,8566881.0,5,-0.204
2025-12-01,ACB,29,3.517,19,10,65.52,34.48,24330.0,24300.0,24350.0,14297308.0,5,0.206
2025-12-01,BIDV,72,2.528,27,45,37.5,62.5,37640.0,37200.0,37800.0,2151233.0,5,1.613
2025-12-01,HDBank,7,1.571,1,6,14.29,85.71,24929.0,24712.77734375,25406.73828125,17669625.0,5,2.808
2025-12-01,MBBank,88,1.886,15,73,17.05,82.95,24430.0,23300.0,25150.0,39359148.0,5,7.94
2025-12-01,MSB,9,3.111,5,4,55.56,44.44,12950.0,13250.0,13150.0,18786738.0,5,-0.755
2025-12-01,OCB,9,2.556,3,6,33.33,66.67,12420.0,12300.0,12400.0,2025650.0,5,0.813
2025-12-01,Sacombank,640,2.759,223,417,34.84,65.16,49500.0,48700.0,49200.0,7303551.0,5,1.027
2025-12-01,TPBank,28,2.321,7,21,25.0,75.0,17290.0,17200.0,17400.0,11219340.0,5,1.163
2025-12-01,Techcombank,48,1.875,11,37,22.92,77.08,34480.0,33700.0,34700.0,13159083.0,5,2.967
2025-12-01,Vietcombank,56,2.679,20,36,35.71,64.29,58240.0,57600.0,58300.0,3859752.0,5,1.215
2025-12-01,VietinBank,96,3.958,71,25,73.96,26.04,34976.0,33808.07421875,35605.640625,14522228.0,5,5.317
2025-12-08,ACB,29,3.0,14,15,48.28,51.72,23970.0,24250.0,23500.0,9096435.0,5,-3.093
2025-12-08,BIDV,80,2.975,39,41,48.75,51.25,37450.0,37800.0,37000.0,1979425.0,5,-2.116
2025-12-08,HDBank,6,2.333,2,4,33.33,66.67,24420.0,25329.6328125,23286.298828125,21614259.0,5,-8.067
2025-12-08,MBBank,160,1.5,12,148,7.5,92.5,24800.0,25000.0,24000.0,24654252.0,5,-4.0
2025-12-08,MSB,2,4.0,1,1,50.0,50.0,12760.0,13250.0,12400.0,20193705.0,5,-6.415
2025-12-08,OCB,8,2.375,3,5,37.5,62.5,12200.0,12400.0,11900.0,1645506.0,5,-4.032
2025-12-08,Sacombank,169,1.941,31,138,18.34,81.66,47910.0,49200.0,46000.0,9208562.0,5,-6.504
2025-12-08,TPBank,31,2.323,9,22,29.03,70.97,16830.0,17350.0,16350.0,8041925.0,5,-5.764
2025-12-08,Techcombank,53,1.736,7,46,13.21,86.79,33420.0,34650.0,32000.0,13295130.0,5,-7.648
2025-12-08,Vietcombank,102,2.029,25,77,24.51,75.49,57700.0,58200.0,56800.0,4653463.0,5,-2.405
2025-12-08,VietinBank,71,3.535,44,27,61.97,38.03,34748.0,35536.50390625,34222.8984375,10155395.0,5,-3.696
2025-12-15,ACB,34,2.765,15,19,44.12,55.88,23860.0,23500.0,23900.0,9599626.0,5,1.702
2025-12-15,BIDV,79,2.759,34,45,43.04,56.96,37620.0,37050.0,37700.0,2156228.0,5,1.754
2025-12-15,HDBank,7,1.143,0,7,0.0,100.0,24837.0,23324.8515625,25950.0,29015931.0,5,11.255
2025-12-15,MBBank,132,1.523,10,122,7.58,92.42,24390.0,24000.0,24700.0,14757848.0,5,2.917
2025-12-15,MSB,9,3.0,5,4,55.56,44.44,12480.0,12300.0,12700.0,5393643.0,5,3.252
2025-12-15,OCB,4,4.0,3,1,75.0,25.0,11910.0,11900.0,12000.0,1045548.0,5,0.84
2025-12-15,Sacombank,79,2.544,25,54,31.65,68.35,47610.0,46050.0,49000.0,6121979.0,5,6.406
2025-12-15,TPBank,41,2.098,10,31,24.39,75.61,16640.0,16300.0,16850.0,7170809.0,5,3.374
2025-12-15,Techcombank,77,3.143,41,36,53.25,46.75,32840.0,32000.0,33600.0,15120815.0,5,5.0
2025-12-15,Vietcombank,64,2.859,29,35,45.31,54.69,56940.0,56800.0,57500.0,4092562.0,5,1.232
2025-12-15,VietinBank,62,4.016,47,15,75.81,24.19,34624.0,34292.03515625,34450.0,11261756.0,5,0.461
2025-12-22,ACB,36,3.25,18,18,50.0,50.0,24140.0,24000.0,23900.0,8663361.0,5,-0.417
2025-12-22,BIDV,56,3.268,30,26,53.57,46.43,38480.0,37700.0,38800.0,2603662.0,5,2.918
2025-12-22,HDBank,23,2.87,11,12,47.83,52.17,27500.0,26000.0,27600.0,29462136.0,5,6.154
2025-12-22,MBBank,139,2.029,29,110,20.86,79.14,25100.0,24850.0,24850.0,24054340.0,5,0.0
2025-12-22,MSB,10,1.8,2,8,20.0,80.0,12560.0,12750.0,12300.0,18228446.0,5,-3.529
2025-12-22,OCB,23,4.696,22,1,95.65,4.35,12180.0,12100.0,12050.0,3378283.0,5,-0.413
2025-12-22,Sacombank,44,2.023,10,34,22.73,77.27,56100.0,49300.0,57500.0,16955546.0,5,16.633
2025-12-22,TPBank,39,1.795,6,33,15.38,84.62,17200.0,16950.0,16950.0,9325700.0,5,0.0
2025-12-22,Techcombank,129,3.907,92,37,71.32,28.68,34570.0,33850.0,33900.0,14836746.0,5,0.148
2025-12-22,Vietcombank,188,4.005,140,48,74.47,25.53,57240.0,57700.0,57100.0,3686464.0,5,-1.04
2025-12-22,VietinBank,43,3.302,24,19,55.81,44.19,35130.0,34500.0,35200.0,11515828.0,5,2.029
2025-12-29,ACB,29,2.966,14,15,48.28,51.72,24033.0,23850.0,24000.0,11145870.0,3,0.629
2025-12-29,BIDV,52,2.865,23,29,44.23,55.77,39033.0,38800.0,38900.0,2888308.0,3,0.258
2025-12-29,HDBank,16,2.312,5,11,31.25,68.75,28417.0,27700.0,29700.0,36915957.0,3,7.22
2025-12-29,MBBank,149,2.597,56,93,37.58,62.42,25050.0,24850.0,25300.0,17268330.0,3,1.811
2025-12-29,MSB,6,2.833,3,3,50.0,50.0,12400.0,12300.0,12400.0,8452157.0,3,0.813
2025-12-29,OCB,10,4.0,7,3,70.0,30.0,11967.0,12150.0,11950.0,1033620.0,3,-1.646
2025-12-29,Sacombank,53,1.83,8,45,15.09,84.91,59300.0,58200.0,58000.0,21761320.0,3,-0.344
2025-12-29,TPBank,29,2.172,7,22,24.14,75.86,17050.0,17000.0,17100.0,6995810.0,3,0.588
2025-12-29,Techcombank,124,4.008,91,33,73.39,26.61,34433.0,33950.0,34900.0,17218317.0,3,2.798
2025-12-29,Vietcombank,170,3.971,124,46,72.94,27.06,57300.0,57400.0,57500.0,3201087.0,3,0.174
2025-12-29,VietinBank,62,2.952,29,33,46.77,53.23,35567.0,35000.0,35750.0,8663055.0,3,2.143
2026-01-05,ACB,41,3.512,25,16,60.98,39.02,24350.0,24000.0,24550.0,21272625.0,5,2.292
2026-01-05,BIDV,61,2.492,21,40,34.43,65.57,41480.0,38850.0,46050.0,14576529.0,5,18.533
2026-01-05,HDBank,10,1.2,0,10,0.0,100.0,28760.0,29500.0,27900.0,24055620.0,5,-5.424
2026-01-05,MBBank,234,3.547,148,86,63.25,36.75,26520.0,25350.0,27300.0,53340650.0,5,7.692
2026-01-05,MSB,5,1.2,0,5,0.0,100.0,12490.0,12400.0,12500.0,11502626.0,5,0.806
2026-01-05,OCB,5,2.6,2,3,40.0,60.0,11870.0,12000.0,11800.0,3109970.0,5,-1.667
2026-01-05,Sacombank,51,2.039,8,43,15.69,84.31,54660.0,58200.0,51800.0,25276140.0,5,-10.997
2026-01-05,TPBank,40,2.125,10,30,25.0,75.0,17270.0,17150.0,17600.0,20062554.0,5,2.624
2026-01-05,Techcombank,169,4.107,130,39,76.92,23.08,36000.0,34650.0,36650.0,26977126.0,5,5.772
2026-01-05,Vietcombank,130,3.169,67,63,51.54,48.46,61140.0,57500.0,68000.0,16176196.0,5,18.261
2026-01-05,VietinBank,43,3.0,22,21,51.16,48.84,37620.0,35800.0,40750.0,23891662.0,5,13.827
2026-01-12,ACB,30,3.2,16,14,53.33,46.67,24960.0,24650.0,24850.0,18531374.0,5,0.811
2026-01-12,BIDV,78,2.282,23,55,29.49,70.51,51310.0,47900.0,51100.0,17458573.0,5,6.681
2026-01-12,HDBank,11,2.364,4,7,36.36,63.64,28460.0,27700.0,28450.0,27608558.0,5,2.708
2026-01-12,MBBank,238,3.723,160,78,67.23,32.77,27440.0,27550.0,27050.0,40712326.0,5,-1.815
2026-01-12,MSB,14,2.714,5,9,35.71,64.29,12700.0,12550.0,12550.0,15014756.0,5,0.0
2026-01-12,OCB,6,1.833,1,5,16.67,83.33,12160.0,12050.0,12100.0,4125123.0,5,0.415
2026-01-12,Sacombank,129,1.798,17,112,13.18,86.82,55640.0,51500.0,58400.0,21940236.0,5,13.398
2026-01-12,TPBank,37,2.054,8,29,21.62,78.38,17680.0,17600.0,17400.0,18846655.0,5,-1.136
2026-01-12,Techcombank,153,4.144,119,34,77.78,22.22,36650.0,36700.0,35800.0,22582990.0,5,-2.452
2026-01-12,Vietcombank,152,3.178,80,72,52.63,47.37,73520.0,69900.0,73000.0,21721448.0,5,4.435
2026-01-12,VietinBank,46,2.63,18,28,39.13,60.87,40770.0,42000.0,39600.0,30316720.0,5,-5.714
2026-01-19,ACB,34,2.676,13,21,38.24,61.76,24980.0,24900.0,25050.0,13764892.0,5,0.602
2026-01-19,BIDV,136,2.735,54,82,39.71,60.29,52200.0,51100.0,50800.0,13354552.0,5,-0.587
2026-01-19,HDBank,7,1.0,0,7,0.0,100.0,29110.0,28500.0,29600.0,80463428.0,5,3.86
2026-01-19,MBBank,254,4.004,190,64,74.8,25.2,27160.0,27200.0,26950.0,25067814.0,5,-0.919
2026-01-19,MSB,13,3.154,7,6,53.85,46.15,12550.0,12600.0,12450.0,9197963.0,5,-1.19
2026-01-19,OCB,4,2.75,2,2,50.0,50.0,11970.0,12100.0,11900.0,2792178.0,5,-1.653
2026-01-19,Sacombank,66,2.212,17,49,25.76,74.24,60920.0,58000.0,62600.0,17546277.0,5,7.931
2026-01-19,TPBank,25,2.0,6,19,24.0,76.0,17330.0,17400.0,17250.0,9462856.0,5,-0.862
2026-01-19,Techcombank,138,3.971,103,35,74.64,25.36,36110.0,35900.0,36500.0,18474212.0,5,1.671
2026-01-19,Vietcombank,77,2.961,36,41,46.75,53.25,71720.0,73000.0,68600.0,25736194.0,5,-6.027
2026-01-19,VietinBank,41,3.22,22,19,53.66,46.34,39750.0,39650.0,39000.0,18992438.0,5,-1.639
2026-01-26,ACB,13,3.769,9,4,69.23,30.77,24260.0,25050.0,24100.0,22897926.0,5,-3.792
2026-01-26,BIDV,39,2.923,18,21,46.15,53.85,52560.0,51000.0,53900.0,12948232.0,5,5.686
2026-01-26,HDBank,4,3.75,3,1,75.0,25.0,28400.0,29400.0,28300.0,40404650.0,5,-3.741
2026-01-26,MBBank,92,4.022,69,23,75.0,25.0,26610.0,26750.0,27200.0,23552724.0,5,1.682
2026-01-26,MSB,7,3.286,4,3,57.14,42.86,12230.0,12450.0,12400.0,12272131.0,5,-0.402
2026-01-26,OCB,2,1.0,0,2,0.0,100.0,11740.0,11950.0,11800.0,1759817.0,5,-1.255
2026-01-26,Sacombank,19,2.895,7,12,36.84,63.16,62580.0,63000.0,63000.0,12697719.0,5,0.0
2026-01-26,TPBank,33,3.242,17,16,51.52,48.48,17020.0,17150.0,17200.0,8286115.0,5,0.292
2026-01-26,Techcombank,52,3.808,35,17,67.31,32.69,35180.0,36700.0,35900.0,14977958.0,5,-2.18
2026-01-26,Vietcombank,37,2.973,17,20,45.95,54.05,70020.0,68900.0,70500.0,11531888.0,5,2.322
2026-01-26,VietinBank,25,2.48,9,16,36.0,64.0,38380.0,39050.0,38750.0,16974686.0,5,-0.768
