date,ticker,bank_name,open,high,low,close,volume,pct_change
2024-01-02,BID,BIDV,35473.13626893266,35636.606747148995,34900.9895951755,35146.1953125,1527020,
2024-01-03,BID,BIDV,35473.1371603515,36045.28384848637,35146.19619570301,35800.078125,1886753,1.8604654264452902
2024-01-04,BID,BIDV,35881.81268692307,36780.90032268679,35636.60696807841,35677.47265625,3960572,-0.3424726290314539
2024-01-05,BID,BIDV,35718.34460175378,36740.037097055734,35718.34460175378,36372.2265625,1609058,1.9473181661265881
2024-01-08,BID,BIDV,36617.43146377166,38006.934461981655,36494.83053056012,37925.19921875,2418790,4.269666179444531
2024-01-09,BID,BIDV,38415.60777745573,38415.60777745573,37639.12109375,37639.12109375,2106731,-0.7543220098856218
2024-01-10,BID,BIDV,37639.123090760004,39069.4917468364,37598.2535384258,38742.55078125,2652078,2.931603224080659
2024-01-11,BID,BIDV,38579.08028330144,38619.945972347785,37761.724006384735,38006.93359375,4096576,-1.8987319437315242
2024-01-12,BID,BIDV,37516.51866405379,38579.08067587644,36821.771037021856,37598.25390625,3720145,-1.0752766636432987
2024-01-15,BID,BIDV,37639.12221983476,38415.60892677137,37639.12221983476,38088.66796875,1616197,1.304353291838578
2024-01-16,BID,BIDV,37639.12350877715,38374.74068951626,37639.12350877715,38333.875,1368147,0.6437794869885716
2024-01-17,BID,BIDV,38047.798189204375,38415.60869640866,37843.45816003051,38293.00390625,1770230,-0.10661873799608923
2024-01-18,BID,BIDV,38293.00416739219,39110.35656311828,38129.533688246964,38824.28515625,2756743,1.387410742966777
2024-01-19,BID,BIDV,39151.227256460894,40745.06640625,38579.08056276487,40745.06640625,3695340,4.947370549823993
2024-01-22,BID,BIDV,40826.80010242873,41031.13626794771,39805.1076850188,40704.1953125,2862134,-0.10030930700294372
2024-01-23,BID,BIDV,40458.989144199375,40704.19485804749,39764.241553265514,40377.25390625,2640462,-0.8032130441099739
2024-01-24,BID,BIDV,39641.637169861024,40213.783841354234,39600.77148210449,39968.578125,2261127,-1.0121435751893504
2024-01-25,BID,BIDV,39968.57854193688,40663.33001049042,39559.90234375,39559.90234375,1632169,-1.0224926690458824
2024-01-26,BID,BIDV,39559.90345646407,40009.44921875,39559.90345646407,40009.44921875,983004,1.1363700321950443
2024-01-29,BID,BIDV,39968.57985966422,40213.78558666055,39641.63889033578,39805.109375,1191245,-0.5107289596334663
2024-01-30,BID,BIDV,39886.844855736315,39968.58009855696,39396.433398812456,39600.7734375,1356773,-0.5133409773478315
2024-01-31,BID,BIDV,39641.63976559412,39886.84549800441,38824.28732422647,38987.7578125,2025056,-1.5479890208899394
2024-02-01,BID,BIDV,38824.28534405584,39192.09199227593,38538.21007253201,38619.9453125,1902846,-0.9434051113400344
2024-02-02,BID,BIDV,38660.81596921739,38824.28645382608,38170.40451539131,38333.875,2399188,-0.74073204968369
2024-02-05,BID,BIDV,38497.344047442035,40377.25455026195,38456.47449617967,39764.2421875,2722379,3.73133993758783
2024-02-06,BID,BIDV,39886.84375,39886.84375,39232.96182556166,39886.84375,1848154,0.3083211341533776
2024-02-07,BID,BIDV,39886.844424209536,40091.18446068637,39723.3739403368,40009.44921875,2249632,0.30738323021610725
2024-02-15,BID,BIDV,40009.44921875,40254.65494455911,39600.77300906816,40009.44921875,1966976,0.0
2024-02-16,BID,BIDV,40050.31446551336,40050.31446551336,39478.16777828119,39682.5078125,1637130,-0.817160477422374
2024-02-19,BID,BIDV,39845.977644537095,41112.87192824776,39437.2975827665,40295.51953125,3972793,1.5447907719100984
2024-02-20,BID,BIDV,40458.989144199375,41031.135809844985,40377.25390625,40377.25390625,1898853,0.2028373773332648
2024-02-21,BID,BIDV,40663.33203125,40704.19772146365,39968.58052817086,40663.33203125,2239589,0.7085130793298422
2024-02-22,BID,BIDV,40704.19772146365,40785.93296516284,40458.99199036605,40663.33203125,1931402,0.0
2024-02-23,BID,BIDV,40704.19585768157,43483.197879480016,40295.51965789823,42502.375,8691309,4.522607658754296
2024-02-26,BID,BIDV,43156.25867869455,44545.76167786552,42502.376732389086,43810.140625,2484130,3.0769236425023383
2024-02-27,BID,BIDV,43891.87323114109,44137.078946272995,43319.7265625,43319.7265625,2810467,-1.1194076428509558
2024-02-28,BID,BIDV,43483.1970808121,44790.964759370385,42747.579934713365,44055.34375,3621651,1.698111336041519
2024-02-29,BID,BIDV,44055.34370789569,44137.078946272995,43319.7265625,43319.7265625,2102133,-1.6697570030877351
2024-03-01,BID,BIDV,43564.9357601777,44382.28820928919,42829.31855597736,43728.40625,1780031,0.9434032020270822
2024-03-04,BID,BIDV,43810.14149491115,44545.76256238345,42911.05380088851,43728.40625,2863344,0.0
2024-03-05,BID,BIDV,43728.40623357596,44464.0234375,43237.99476429326,44464.0234375,1925594,1.6822410203893412
2024-03-06,BID,BIDV,44137.082457978206,44790.96828029376,43728.40623357596,44464.0234375,1918213,0.0
2024-03-07,BID,BIDV,44464.02124306217,44464.02124306217,43483.19835290344,43564.93359375,2571492,-2.0220613751110283
2024-03-08,BID,BIDV,43646.66833024805,43646.66833024805,40540.725350696935,41766.7578125,3400947,-4.127576086809359
2024-03-11,BID,BIDV,42338.905808009025,42829.317262667035,41276.34765625,41276.34765625,1789227,-1.1741638133645815
2024-03-12,BID,BIDV,41358.081640606644,42584.110239956666,41276.34640064997,42502.375,1887721,2.970290283337018
2024-03-13,BID,BIDV,42665.84808272841,42992.7890625,42338.907102956815,42992.7890625,1933338,1.153850961269809
2024-03-14,BID,BIDV,43728.406284563556,43728.406284563556,42011.96614007274,42257.171875,1793704,-1.7110245777044342
2024-03-15,BID,BIDV,42175.43619149466,43156.25912100534,41685.02472673931,42665.84765625,1734777,0.9671157891467441
2024-03-18,BID,BIDV,42502.375,43156.256919653344,40785.93109763823,42502.375,1792010,-0.38314639279422025
2024-03-19,BID,BIDV,42584.10978920754,42584.10978920754,41685.022159200955,42175.43359375,926013,-0.7692309106255846
2024-03-20,BID,BIDV,42175.433225217814,43401.4618008773,41276.34560306752,43319.7265625,3790446,2.713174166203647
2024-03-21,BID,BIDV,43483.1970392546,43646.6675160092,43156.2560857454,43319.7265625,2280487,0.0
2024-03-22,BID,BIDV,43564.933613300826,46343.93566660281,43564.933613300826,44300.55078125,5277052,2.264151453806851
2024-03-25,BID,BIDV,44300.54942302759,45363.11138520413,43074.520847368105,43319.7265625,1560658,-2.2140226282810205
2024-03-26,BID,BIDV,43319.7265625,44055.34370789569,43319.7265625,43319.7265625,1705495,0.0
2024-03-27,BID,BIDV,43564.932694525705,43564.932694525705,42911.05078125,42911.05078125,1978955,-0.9433941847725613
2024-03-28,BID,BIDV,43483.20053215739,44055.34724675767,42911.0538175571,42992.7890625,1644027,0.1904830568393301
2024-03-29,BID,BIDV,43483.19699626133,43483.19699626133,42502.37413670351,42584.109375,2194093,-0.9505772861255646
2024-04-01,BID,BIDV,42665.84461329648,43074.520804778906,42257.16842181406,42584.109375,1679359,0.0
2024-04-02,BID,BIDV,42420.640625,42829.31683311625,42093.699658507,42420.640625,1907323,-0.38387265202726173
2024-04-03,BID,BIDV,42502.37585347974,42747.58157827366,41685.0234375,41685.0234375,2238863,-1.7341020235947968
2024-04-04,BID,BIDV,42338.90537028379,42338.90537028379,41685.0234375,41685.0234375,1323135,0.0
2024-04-05,BID,BIDV,41603.28726034129,41603.28726034129,41031.13671875,41031.13671875,2127543,-1.5686370423430351
2024-04-08,BID,BIDV,41031.1393541694,42175.43664757818,40867.668864149855,41521.5546875,1760308,1.1952336882879777
2024-04-09,BID,BIDV,41766.75954482552,43074.5234375,41521.55381494906,43074.5234375,2663210,3.740150776356943
2024-04-10,BID,BIDV,43156.256919653344,43156.256919653344,42420.639760043334,42502.375,1498222,-1.3282757227254582
2024-04-11,BID,BIDV,42093.69798684052,43646.6675160092,41930.22751008592,43319.7265625,2754444,1.9230726812325294
2024-04-12,BID,BIDV,43319.72701184949,44545.75946349809,43156.25653339924,43646.66796875,4082661,0.7547171512689577
2024-04-15,BID,BIDV,43564.933462374574,44545.76021284727,40622.4609375,40622.4609375,3075215,-6.928838264160875
2024-04-16,BID,BIDV,40622.45966550558,41848.49209938826,40418.12350203956,41112.87109375,2843379,1.2072389139705875
2024-04-17,BID,BIDV,41603.289942865245,41685.025187895364,39232.96397371988,39314.69921875,2387572,-4.373744346143116
2024-04-19,BID,BIDV,39151.228487516164,40458.992399942144,38497.34653130317,39519.03515625,2625700,0.5197443743955921
2024-04-22,BID,BIDV,39886.84420443194,40949.40234375,39886.84420443194,40949.40234375,1571669,3.6194385359982206
2024-04-23,BID,BIDV,40213.78343035125,41276.34538696474,39641.63676470564,40377.25390625,3682393,-1.3972082735105529
2024-04-24,BID,BIDV,40418.12606268158,41194.6089416259,40336.390819462606,40867.66796875,1999888,1.2145800297332476
2024-04-25,BID,BIDV,40663.33135765378,41112.87325891667,40295.52083546429,40540.7265625,1274856,-0.8000001529326339
2024-04-26,BID,BIDV,40540.72612207917,40949.40232936564,40132.049914792704,40213.78515625,937145,-0.806451768312455
2024-05-02,BID,BIDV,40295.52039770729,40622.461363536466,39927.713742785374,40213.78515625,2077086,0.0
2024-05-03,BID,BIDV,40581.59567444372,40785.93184645105,40050.31467333541,40213.78515625,847968,0.0
2024-05-06,BID,BIDV,40295.52088366213,41276.34765625,40295.52088366213,41276.34765625,1442320,2.6422842213719377
2024-05-07,BID,BIDV,41358.08329133573,41685.02426421163,40867.66796875,40867.66796875,1293853,-0.9901062247645753
2024-05-08,BID,BIDV,40949.401029085784,41521.55156439095,40704.1953125,40704.1953125,1279696,-0.40000485561104693
2024-05-09,BID,BIDV,41112.874140279586,41112.874140279586,40458.9921875,40458.9921875,1174427,-0.6024025855750015
2024-05-10,BID,BIDV,40540.72548304317,40663.330274932414,40009.44835358109,40091.18359375,1001564,-0.9090898558358984
2024-05-13,BID,BIDV,40213.78646470045,40458.992197050684,39641.639755883254,39723.375,2013233,-0.9174301199911139
2024-05-14,BID,BIDV,39886.845933960816,40213.78691408129,39273.829664598954,39314.69921875,2357556,-1.0288042777080286
2024-05-15,BID,BIDV,39600.77406546085,40009.450286044565,39519.03495807218,39723.375,1685563,1.0394986846423482
2024-05-16,BID,BIDV,40172.919903582355,41112.87325891667,40091.184661237116,40540.7265625,4171255,2.0576085554160572
2024-05-17,BID,BIDV,40581.596353474786,40622.46204325132,40213.78582912668,40336.390625,1837244,-0.5040263330875039
2024-05-20,BID,BIDV,40540.7265625,41439.81809156946,40458.99132015476,40540.7265625,2652367,0.5065796278097112
2024-05-21,BID,BIDV,40867.66796875,41112.873698406926,40377.25650943615,40867.66796875,2171706,0.8064517683124661
2024-05-22,BID,BIDV,41276.34584780517,41848.49251983866,40663.32962470487,40704.1953125,2937901,-0.40000485561104693
2024-05-23,BID,BIDV,40704.19791979234,41031.138896182136,40377.25694340255,40458.9921875,2164697,-0.6024025855750015
2024-05-24,BID,BIDV,40540.72612207917,41358.08239992391,39641.63846604894,40213.78515625,2958220,-0.6060631221698087
2024-05-27,BID,BIDV,40377.254318923726,40377.254318923726,39682.506720889236,39968.578125,923607,-0.6097586444480441
2024-05-28,BID,BIDV,40050.31553802803,40213.78602447197,39723.37456514015,40132.05078125,1489391,0.40900293159977785
2024-05-29,BID,BIDV,40418.12650662827,40418.12650662827,39723.375,39723.375,1680749,-1.0183276789855311
2024-05-30,BID,BIDV,39559.904521457356,39641.63976559412,38742.55208008971,38987.7578125,2531346,-1.8518496666005801
2024-05-31,BID,BIDV,38987.755181729175,39478.16661345834,38497.34375,38497.34375,2381359,-1.2578668023395911
2024-06-03,BID,BIDV,39151.22786561982,39600.77363501143,38579.0811630217,38660.81640625,2535319,0.42463359890900776
2024-06-04,BID,BIDV,39110.355694004895,39396.43095778769,38865.149980736045,38906.01953125,1346699,0.6342419736391269
2024-06-05,BID,BIDV,39151.22675264782,39396.43247536214,38946.88671875,38946.88671875,2540465,0.10504078287210117
2024-06-06,BID,BIDV,38987.75608148439,39314.69704351561,38987.75608148439,39151.2265625,1709941,0.5246628446212265
2024-06-07,BID,BIDV,39314.696362205614,39478.16684038834,38987.75540584016,39028.62109375,1492607,-0.31315869134846963
2024-06-10,BID,BIDV,39110.35720055955,39682.50775016474,38865.151477845226,38946.88671875,2496115,-0.20942163138090164
2024-06-11,BID,BIDV,39069.490190771394,39110.35587820619,38579.07876192396,38701.6796875,3068174,-0.6295934076084975
2024-06-12,BID,BIDV,38906.020840976584,39192.092251118025,38415.60939792975,39151.2265625,3205532,1.1615694167020685
2024-06-13,BID,BIDV,39519.03515625,39519.03515625,39151.228487516164,39519.03515625,3164634,0.939456119370452
2024-06-14,BID,BIDV,39559.90231240349,39845.97758254347,38824.28515625,38824.28515625,2711489,-1.7580135680264064
2024-06-17,BID,BIDV,38824.28600739491,38824.28600739491,38006.93359375,38006.93359375,3403488,-2.105258497897733
2024-06-18,BID,BIDV,38170.40407647898,38456.4754896188,38006.93359375,38006.93359375,1776280,0.0
2024-06-19,BID,BIDV,38252.138826727445,38252.138826727445,37475.65211209813,37679.98828125,3145633,-0.8602254420066235
2024-06-20,BID,BIDV,37598.2543407034,37761.72482698476,37066.97719192492,37189.578125,3232349,-1.3015135583097637
2024-06-21,BID,BIDV,37271.3125,37966.063982149244,37230.446811017464,37271.3125,1863753,0.21977763427505348
2024-06-24,BID,BIDV,37598.25478481131,37884.33007081873,36780.90234375,36780.90234375,2360875,-1.315784509198592
2024-06-25,BID,BIDV,37107.842437184656,37353.04816366832,35595.73852556614,36127.01953125,3498435,-1.7777780609863458
2024-06-26,BID,BIDV,36167.88651813082,36617.43229777983,35963.550337033616,36372.2265625,2044850,0.6787358448927527
2024-06-27,BID,BIDV,36535.69662101543,36780.90235339814,36045.28515625,36045.28515625,1904293,-0.8988765251646158
2024-06-28,BID,BIDV,36045.282709561856,36453.95890245951,35350.53125,35350.53125,2565844,-1.9274473852498697
2024-07-01,BID,BIDV,35391.401064865444,35881.8125,35146.19534729817,35881.8125,1496705,1.50289467007656
2024-07-02,BID,BIDV,36167.88546478556,37434.783658470486,36004.414979359884,37393.91796875,4371342,4.214127892090169
2024-07-03,BID,BIDV,37598.25522716482,38579.08203125,37230.44855599585,38579.08203125,5568395,3.169403279673544
2024-07-04,BID,BIDV,38415.61067656509,38742.55164947831,38252.14019010848,38660.81640625,3226187,0.21186189690514112
2024-07-05,BID,BIDV,38701.682096228215,39396.433595304734,38497.3459197934,38660.81640625,5593055,0.0
2024-07-08,BID,BIDV,38865.15126588873,39069.491298672154,38211.269342216576,38415.609375,2398031,-0.634252077538533
2024-07-09,BID,BIDV,38824.28515625,39232.961354113046,38333.87371881434,38824.28515625,3112750,1.0638274073974552
2024-07-10,BID,BIDV,39110.357870255364,39151.227423043456,38333.875,38333.875,2444266,-1.2631530864672058
2024-07-11,BID,BIDV,38783.41778038816,38783.41778038816,38252.140625,38252.140625,1565625,-0.21321709584538606
2024-07-12,BID,BIDV,38333.87368726602,38579.07940578205,37802.592698845445,38088.66796875,1737210,-0.42735557691420123
2024-07-15,BID,BIDV,38415.611313511756,38456.47700416754,37843.460738155256,38047.80078125,4259829,-0.10729487188559927
2024-07-16,BID,BIDV,38252.139522827194,39478.16814986455,38006.93379741972,38538.2109375,4936716,1.2889316758924796
2024-07-17,BID,BIDV,39151.22569879533,40867.665711593334,38865.15043169317,39232.9609375,11967134,1.8027562336163427
2024-07-18,BID,BIDV,39723.37195660462,40295.518621586954,39110.35574105916,39641.63671875,4069128,1.0416643849569196
2024-07-19,BID,BIDV,39886.84549800441,40050.31598627794,38824.28732422647,38987.7578125,3730099,-1.6494750478875275
2024-07-22,BID,BIDV,38987.7578125,39805.11025386765,38579.081591816175,38987.7578125,4160101,0.0
2024-07-23,BID,BIDV,39069.49212905374,39437.2987873008,36372.22527330674,37598.25390625,4065237,-3.5639492605150647
2024-07-24,BID,BIDV,36780.90063778391,38293.00451524912,36780.90063778391,37679.98828125,4871339,0.2173887521580209
2024-07-25,BID,BIDV,37966.06442776889,37966.06442776889,37189.57769526892,37598.25390625,1772650,-0.216917198566835
2024-07-26,BID,BIDV,37843.45943925314,38047.799475334316,37475.65278288758,37802.59375,3371423,0.5434822698402897
2024-07-29,BID,BIDV,37884.327528702706,38619.944676296465,37884.327528702706,38497.34375,1264934,1.8378368547793178
2024-07-30,BID,BIDV,38701.682536230604,38701.682536230604,38006.93489252733,38252.140625,2761341,-0.6369351781575827
2024-07-31,BID,BIDV,38415.6081047123,39559.901433300256,38333.87286695602,38906.01953125,3825052,1.7093916721163893
2024-08-01,BID,BIDV,39151.22831073313,39968.580752308706,38252.140625,38252.140625,4628855,-1.6806625661738406
2024-08-02,BID,BIDV,38006.932536743814,39028.62109375,38006.932536743814,39028.62109375,2382248,2.029900695916931
2024-08-05,BID,BIDV,38333.87406704254,38579.07978798784,36780.90063778391,37679.98828125,3294951,-3.455496952506909
2024-08-06,BID,BIDV,37925.1981198641,38946.88669902032,37475.65236347969,38211.26953125,2185381,1.4099825245019293
2024-08-07,BID,BIDV,38742.55165106654,38742.55165106654,37598.2543825515,37925.19921875,2595450,-0.7486543001824275
2024-08-08,BID,BIDV,38006.93398050292,38252.13970709157,37353.04817966135,37598.25390625,1721709,-0.8620793541892824
2024-08-09,BID,BIDV,38415.608056712466,38415.608056712466,37884.32708032465,38170.40234375,1271601,1.521742043996599
2024-08-12,BID,BIDV,38170.40538084244,38701.682536230604,38006.93489252733,38252.140625,1643664,0.21414047594754404
2024-08-13,BID,BIDV,38415.61043740401,38538.21136984725,38006.934223806755,38129.53515625,1228634,-0.3205192356473541
2024-08-14,BID,BIDV,38252.14038502398,39028.62326801352,38252.14038502398,38456.4765625,2061640,0.8574492317051208
2024-08-15,BID,BIDV,38456.476127127804,38783.41709800561,38129.53515625,38129.53515625,1215262,-0.8501595452164001
2024-08-16,BID,BIDV,38211.268927819576,39273.827042263496,38211.268927819576,38824.28515625,2882517,1.8220783367880022
2024-08-19,BID,BIDV,39069.491321992195,39641.63800554683,38906.020840976584,39151.2265625,2549756,0.8421054114305271
2024-08-20,BID,BIDV,39478.1665106406,40213.783656318505,39355.56172139179,40172.91796875,5358411,2.6096025487707175
2024-08-21,BID,BIDV,40418.124831234185,41521.55251270738,40091.18386831942,41358.08203125,8071847,2.950156778310009
2024-08-22,BID,BIDV,41685.02162330679,41930.227337429,40785.93014158706,41112.87109375,3313027,-0.5928972656776499
2024-08-23,BID,BIDV,41031.138065649146,41521.553383579005,40949.40282320615,41276.34765625,2750648,0.3976286699297171
2024-08-26,BID,BIDV,41521.55202058135,41603.28726034129,40949.40147899006,41031.13671875,2754608,-0.5940713057805413
2024-08-27,BID,BIDV,41112.87325891667,41112.87325891667,40132.05035077381,40540.7265625,5093914,-1.1952146478698356
2024-08-28,BID,BIDV,40540.7265625,41112.87325891667,40458.99132015476,40540.7265625,1459396,0.0
2024-08-29,BID,BIDV,40295.51953125,41358.0815106188,40295.51953125,40295.51953125,2040218,-0.6048412350774579
2024-08-30,BID,BIDV,40499.85910873667,40622.46003527795,39968.578125,39968.578125,2175580,-0.8113592033388461
2024-09-04,BID,BIDV,39641.638698400435,40418.12542843184,39355.56341998724,40009.44921875,2384970,0.10225806287673667
2024-09-05,BID,BIDV,39845.978927801974,40458.99131365689,39723.37413266789,39805.109375,2298319,-0.5107289596334663
2024-09-06,BID,BIDV,39805.10809305135,40458.990010649555,39764.24240483732,40295.51953125,2857415,1.2320281590734838
2024-09-09,BID,BIDV,40213.78452236751,40499.85979459458,39968.578801860756,40091.18359375,1454904,-0.5070934433331509
2024-09-10,BID,BIDV,40295.518621586954,40295.518621586954,39600.771031458506,39641.63671875,2903910,-1.1213110582000474
2024-09-11,BID,BIDV,39600.772762527165,39764.2432453822,39232.96224446747,39478.16796875,1701071,-0.41236629849513706
2024-09-12,BID,BIDV,39641.639954675906,39805.11044372916,39519.03515625,39519.03515625,1337347,0.10351844982359193
2024-09-13,BID,BIDV,39396.43359375,39682.50887667371,39396.43359375,39396.43359375,904360,-0.3102341998362568
2024-09-16,BID,BIDV,39396.43160129697,39723.37255766242,39028.62109375,39028.62109375,1900547,-0.9336187731936008
2024-09-17,BID,BIDV,39069.492194011,39805.109375,38824.286467014674,39805.109375,2466349,1.989535524160102
2024-09-18,BID,BIDV,39886.84356169184,40418.12455442567,39641.6378411851,40091.18359375,2221979,0.7186871817256524
2024-09-19,BID,BIDV,40213.78669607053,40377.25718524454,39886.8457177225,40254.65625,1640901,0.40775213300383584
2024-09-20,BID,BIDV,40458.99024287426,40785.93120354992,40091.18359375,40091.18359375,4025933,-0.40609626681386013
2024-09-23,BID,BIDV,40091.18465479831,40377.25607132477,39805.109375,39805.109375,1473417,-0.7135589251962005
2024-09-24,BID,BIDV,40009.45051623898,40254.65625,39641.63998396148,40254.65625,1711189,1.1293697770425881
2024-09-25,BID,BIDV,40622.462239093074,41194.6089416259,40336.390819462606,40867.66796875,6362114,1.5228343149744417
2024-09-26,BID,BIDV,41112.873698406926,41521.55377777368,40745.06703555748,40867.66796875,5121482,0.0
2024-09-27,BID,BIDV,41112.87282672201,42257.170070797874,40867.66710226399,40949.40234375,3876840,0.19999764866078795
2024-09-30,BID,BIDV,40949.40189990032,41031.137140500396,40540.72569689992,40622.4609375,2650658,-0.7984033649758526
2024-10-01,BID,BIDV,40622.4609375,41439.81720677254,40622.4609375,40622.4609375,3409417,0.0
2024-10-02,BID,BIDV,40622.460073638074,41031.13626794771,40540.72483477615,40704.1953125,2220602,0.2012048829974855
2024-10-03,BID,BIDV,40704.19791979234,41521.55422403875,40458.9921875,40458.9921875,4239636,-0.6024025855750015
2024-10-04,BID,BIDV,40458.99088062188,40540.72612207917,40172.919467157255,40213.78515625,2619408,-0.6060631221698087
2024-10-07,BID,BIDV,40458.99024287426,40458.99024287426,40050.31404202968,40091.18359375,1805925,-0.30487446536960894
2024-10-08,BID,BIDV,40091.182914812955,40336.38863116719,39886.84288621526,39968.578125,2504862,-0.30581653560638467
2024-10-09,BID,BIDV,40213.78496568917,40540.72592996907,39886.84400140927,40418.125,2651062,1.124750731922619
2024-10-10,BID,BIDV,40826.802518648394,40826.802518648394,40377.256746666855,40663.33203125,3207033,0.6066759189101489
2024-10-11,BID,BIDV,40745.064408658,40745.064408658,40295.518668300625,40377.25390625,1863187,-0.7035284879757242
2024-10-14,BID,BIDV,40458.989144199375,40663.329170708625,40377.25390625,40377.25390625,1405899,0.0
2024-10-15,BID,BIDV,40458.99175265512,41685.02426421163,40458.99175265512,40867.66796875,8383399,1.2145800297332476
2024-10-16,BID,BIDV,40867.66733754895,41276.347410603645,40704.1968536358,40745.06640625,2167110,-0.29999647299119303
2024-10-17,BID,BIDV,41031.13585570926,41112.87109375,40499.85874008029,41112.87109375,2563890,0.9026974795740772
2024-10-18,BID,BIDV,41439.81590918458,41685.02162330679,41112.87109375,41112.87109375,4108090,0.0
2024-10-21,BID,BIDV,40867.66514989867,41031.13562506122,40581.59375,40581.59375,2571492,-1.2922409202182017
2024-10-22,BID,BIDV,40622.45938692624,40622.45938692624,39805.107012124085,39845.9765625,4079999,-1.8126867861122387
2024-10-23,BID,BIDV,39845.97761411667,39845.97761411667,39232.961385200506,39559.90234375,2900612,-0.7179500753389245
2024-10-24,BID,BIDV,39314.69617620466,39927.7123981255,39232.9609375,39232.9609375,2105642,-0.8264464442027442
2024-10-25,BID,BIDV,39273.827042263496,39478.167072830875,38824.28515625,38824.28515625,2052765,-1.0416643849569196
2024-10-28,BID,BIDV,38824.28515625,39028.62132354567,38660.81467710478,38824.28515625,2693702,0.0
2024-10-29,BID,BIDV,38987.75713947465,39600.77339155417,38824.286654023024,38865.15234375,2633444,0.10526191875916968
2024-10-30,BID,BIDV,38946.888258795654,39396.434033183825,38946.888258795654,38987.7578125,1713118,0.3154637544337646
2024-10-31,BID,BIDV,39232.96112311425,39600.77163066122,38946.885854658634,39028.62109375,2168562,0.10481054449584803
2024-11-01,BID,BIDV,39232.96112311425,39314.696362205614,38865.150615567276,39028.62109375,1867274,0.0
2024-11-04,BID,BIDV,39028.623502932416,39396.434033183825,38865.15301465889,38987.7578125,1617891,-0.10470080700991646
2024-11-05,BID,BIDV,38987.7565054398,39151.226988233,38701.681228915804,38742.55078125,1846460,-0.6289334011697956
2024-11-06,BID,BIDV,38906.02146841909,39355.56336682596,38906.02146841909,39273.828125,1309946,1.3713019226579082
2024-11-07,BID,BIDV,39559.901433300256,39559.901433300256,38906.01953125,38906.01953125,1528956,-0.9365234083607676
2024-11-08,BID,BIDV,38987.7565054398,39151.226988233,38415.6098156636,38742.55078125,3204927,-0.4201631314884269
2024-11-11,BID,BIDV,38742.55076603042,38824.28600739491,37925.19835238551,38006.93359375,3329073,-1.8987319437315242
2024-11-12,BID,BIDV,38006.93529080008,38293.006716713295,37843.4609375,37843.4609375,2040302,-0.4301127210033173
2024-11-13,BID,BIDV,37843.460308848466,38006.93465943293,37475.65364403116,37720.859375,2197844,-0.32397026979767984
2024-11-14,BID,BIDV,37802.59438019104,37802.59438019104,37189.578125,37189.578125,2418185,-1.4084547881539344
2024-11-15,BID,BIDV,37271.31248330222,37271.31248330222,36535.6953125,36535.6953125,2729518,-1.758242081429906
2024-11-18,BID,BIDV,36494.82985845275,37271.31272321742,36331.359375,36331.359375,2316303,-0.5592775387255111
2024-11-19,BID,BIDV,36944.37239635438,36944.37239635438,36453.9609375,36453.9609375,1763454,0.3374538266915694
2024-11-20,BID,BIDV,36535.69661143161,37475.65385028807,36372.22612321935,36780.90234375,2648448,0.896861130702753
2024-11-21,BID,BIDV,36862.63652648221,37312.18228775826,36862.63652648221,37066.9765625,1781604,0.7777792292216867
2024-11-22,BID,BIDV,37434.78211434138,37434.78211434138,36985.240229599636,37353.046875,2268387,0.7717659734606253
2024-11-25,BID,BIDV,37353.04623778474,37434.78147573178,37189.575761890665,37230.4453125,1343584,-0.3282237267291155
2024-11-26,BID,BIDV,37189.5775050283,37802.59375,37189.5775050283,37802.59375,2225553,1.5367757025132933
2024-11-27,BID,BIDV,37802.59288509196,37966.063364908034,37639.12240527589,37884.328125,1470029,0.21621366920094864
2024-11-28,BID,BIDV,38006.93310578215,38047.798794303824,37679.98828125,37679.98828125,1554487,-0.5393782966818805
2024-11-29,BID,BIDV,37679.98853400222,38211.26953125,37475.65236347969,38211.26953125,1746272,1.4099825245019293
2024-12-02,BID,BIDV,38333.874559207965,38497.34504193695,38006.93359375,38006.93359375,1590061,-0.53475307155888
2024-12-03,BID,BIDV,38006.931592155765,38006.931592155765,37639.12109375,37639.12109375,1694121,-0.9677510528249611
2024-12-04,BID,BIDV,37679.99071398977,37720.86026842186,36903.5078125,36903.5078125,2902911,-1.9543848524458451
2024-12-05,BID,BIDV,37026.107210876486,38252.13970709157,37026.107210876486,37598.25390625,2937154,1.8826017767196612
2024-12-06,BID,BIDV,37925.197489739316,38374.739375382844,37925.197489739316,38088.66796875,3021612,1.304353291838578
2024-12-09,BID,BIDV,38129.532793287115,38415.608056712466,38088.66710609585,38170.40234375,2078417,0.21458974377119855
2024-12-10,BID,BIDV,38252.13908331757,38701.68097643021,38211.26953125,38211.26953125,2351393,0.1070651211165119
2024-12-11,BID,BIDV,38374.739375382844,38415.60892677137,38006.932729244654,38088.66796875,1556786,-0.3208518429353213
2024-12-12,BID,BIDV,38170.40320825534,38538.20985439353,38088.66796875,38088.66796875,2340140,0.0
2024-12-13,BID,BIDV,38047.80015196154,38252.14019167662,37925.19921875,37925.19921875,1673309,-0.4291794875423749
2024-12-16,BID,BIDV,38415.60956504431,38619.94573556684,38170.4038424542,38211.26953125,3929112,0.7543014101256684
2024-12-17,BID,BIDV,38415.60892677137,38538.20985439353,38088.66796875,38088.66796875,2721048,-0.3208518429353213
2024-12-18,BID,BIDV,38293.00390625,38415.60869640866,38170.40297936303,38293.00390625,2009931,0.5364743594279853
2024-12-19,BID,BIDV,38129.53297609204,38211.26821413806,37925.19681261281,37966.0625,3298339,-0.8537888723758158
2024-12-20,BID,BIDV,38006.93205065883,38170.40252675087,37884.32726195398,37966.0625,3622014,0.0
2024-12-23,BID,BIDV,38472.00394672927,38570.9036998057,38076.404934423575,38175.3046875,2895400,0.5511295449719178
2024-12-24,BID,BIDV,38274.207154281496,38422.55679441437,37631.35871370571,37680.80859375,3216000,-1.2953297892391524
2024-12-25,BID,BIDV,37779.70888583441,39362.10506953428,37680.80912435317,38224.7578125,5277300,1.4435709822857135
2024-12-26,BID,BIDV,38521.45637019231,38917.05540865385,38373.106730769236,38570.90625,4184200,0.9055608388624181
2024-12-27,BID,BIDV,38818.153660799806,39065.40304717433,38669.80402897509,38719.25390625,2859500,0.3846102429859277
2024-12-30,BID,BIDV,38669.80416666666,38719.254044117646,37829.15625,37829.15625,4011800,-2.298850226828164
2024-12-31,BID,BIDV,38076.407082223704,38323.65647886152,37136.859375,37136.859375,3416900,-1.830061634007496
2025-01-02,BID,BIDV,37779.70703125,38224.75593606839,37483.007761371075,37779.70703125,3160500,1.731023212702687
2025-01-03,BID,BIDV,37779.70703125,38175.30605775523,37779.70703125,37779.70703125,3698500,0.0
2025-01-06,BID,BIDV,37878.60668693621,38719.25461601965,37779.706930573455,38373.10546875,5010800,1.5706803576035266
2025-01-07,BID,BIDV,38669.80699837562,40054.40366839418,38620.35711730352,39955.50390625,10448400,4.123717427010587
2025-01-08,BID,BIDV,39955.50065830235,39955.50065830235,39213.75250251704,39906.05078125,3295200,-0.12377049508882632
2025-01-09,BID,BIDV,39461.00324624531,39609.35288250939,38917.05457994368,39510.453125,3699100,-0.9913224899615325
2025-01-10,BID,BIDV,39461.002737372124,39461.002737372124,38669.8046875,38669.8046875,3114500,-2.127660836590317
2025-01-13,BID,BIDV,38669.805949825066,38917.05534848123,37977.50763358779,38867.60546875,2461400,0.5115122324730548
2025-01-14,BID,BIDV,38768.70576923077,38768.70576923077,38472.006490384614,38570.90625,957600,-0.7633586251886593
2025-01-15,BID,BIDV,38768.70703125,38768.70703125,38175.30845424107,38768.70703125,1485800,0.5128237847665362
2025-01-16,BID,BIDV,38768.704394035536,39065.40366235723,38620.35475987468,38966.50390625,1628500,0.5101972444955694
2025-01-17,BID,BIDV,38768.70696202532,39065.40625,38620.357318037975,39065.40625,1572900,0.25381374728394857
2025-01-20,BID,BIDV,39015.9549900141,39658.80342457707,38966.50511043233,39461.00390625,2854300,1.012654658493406
2025-01-21,BID,BIDV,39609.35487496074,39609.35487496074,39065.40618129711,39362.10546875,2339600,-0.2506232171258449
2025-01-22,BID,BIDV,39362.10553797468,39362.10553797468,39015.956368670886,39065.40625,2020900,-0.7537686696804213
2025-01-23,BID,BIDV,39065.40486959586,39658.80342457707,39015.9549900141,39461.00390625,2925500,1.012654658493406
2025-01-24,BID,BIDV,39461.00258789062,39559.90234375,39312.65295410156,39559.90234375,2333900,0.250623217125856
2025-02-03,BID,BIDV,39263.2031745717,39461.00268678617,38669.804637928304,38966.50390625,3550500,-1.499999753143344
2025-02-04,BID,BIDV,39065.40426978247,39658.80281565258,38719.25511802491,39213.75390625,4413900,0.6345193312565556
2025-02-05,BID,BIDV,39461.00396543561,39510.45384509154,39114.854807844065,39164.3046875,2370300,-0.1261017215240856
2025-02-06,BID,BIDV,39213.75582502355,39559.90499371859,39164.30594378141,39362.10546875,3976100,0.5050537289715606
2025-02-07,BID,BIDV,39362.104031635805,40351.10162037037,39362.104031635805,40054.40234375,8054000,1.7587902546260414
2025-02-10,BID,BIDV,40054.40041240706,40746.69869114002,39658.80139598822,39906.05078125,4596700,-0.370375174311266
2025-02-11,BID,BIDV,40054.4030052534,40301.6524065204,39658.80396322621,40004.953125,3873800,0.24783796395224655
2025-02-12,BID,BIDV,39906.051489257814,40004.95124511719,39461.00258789062,39559.90234375,4336000,-1.1124891956738159
2025-02-13,BID,BIDV,39559.90234375,39807.15173339844,39461.00258789062,39559.90234375,2430100,0.0
2025-02-14,BID,BIDV,39906.05073800738,40400.54950799508,39708.2512300123,40202.75,4707800,1.6249980868609626
2025-02-17,BID,BIDV,40202.75204057836,40202.75204057836,39708.253245491294,39757.703125,2273100,-1.1070060505811163
2025-02-18,BID,BIDV,39658.803308256174,40202.75198206019,39609.35342881944,40054.40234375,3320100,0.7462685100725341
2025-02-19,BID,BIDV,40054.40163134945,40450.00065980722,39955.50187423501,40400.55078125,5452400,0.8641957369113218
2025-02-20,BID,BIDV,40548.899755501225,40598.34963325183,40202.75061124694,40450.0,3398400,0.12239738764390218
2025-02-21,BID,BIDV,40400.55012224939,40598.34963325183,40202.75061124694,40450.0,2988800,0.0
2025-02-24,BID,BIDV,40450.001264066304,40944.50005702555,40252.2017468826,40647.80078125,4168600,0.4890006953028436
2025-02-25,BID,BIDV,40697.24868371212,40895.048191287875,40548.899053030305,40796.1484375,4348800,0.36495862850820515
2025-02-26,BID,BIDV,40746.69921875,40796.149096442656,40499.449830286714,40746.69921875,3020100,-0.121210507961933
2025-02-27,BID,BIDV,40746.698603479854,40845.5983573718,40449.999341804025,40499.44921875,2552300,-0.6067976173300127
2025-02-28,BID,BIDV,40499.44921875,40499.44921875,40252.199834020146,40499.44921875,3051600,0.0
2025-03-03,BID,BIDV,40499.44921875,40746.698603479854,40400.54946485806,40499.44921875,1966100,0.0
2025-03-04,BID,BIDV,40351.1015625,40450.00132123162,39955.50252757353,40351.1015625,3340100,-0.3662954907083571
2025-03-05,BID,BIDV,40252.19987699877,40697.2487699877,40004.95049200492,40202.75,2829800,-0.36765182796860696
2025-03-06,BID,BIDV,40202.751924402575,40450.00132123162,40103.852165670956,40351.1015625,2390500,0.3690084944437899
2025-03-07,BID,BIDV,40351.10085054678,40697.25,40252.20109356015,40697.25,4622400,0.8578413577231547
2025-03-10,BID,BIDV,40845.60024154589,41537.89855072464,40746.70048309179,40944.5,4881700,0.6075349071497538
2025-03-11,BID,BIDV,40499.45108695652,40944.5,40301.65157004831,40944.5,3352200,0.0
2025-03-12,BID,BIDV,40895.0488997555,40944.498777506116,40400.55012224939,40450.0,3968100,-1.2077324182735216
2025-03-13,BID,BIDV,40450.00143812189,40450.00143812189,39658.80336598259,39757.703125,5683300,-1.7114879480840561
2025-03-14,BID,BIDV,39757.70438196163,39955.50390625,39609.35473874536,39955.50390625,2298100,0.4975156150950344
2025-03-17,BID,BIDV,39955.50065830235,40103.85028945941,39708.25127304058,39906.05078125,3319900,-0.12377049508882632
2025-03-18,BID,BIDV,40054.401123046875,40153.30087890625,39559.90234375,39559.90234375,3419200,-0.8674084022933126
2025-03-19,BID,BIDV,39757.704518687184,39757.704518687184,39114.85606253926,39362.10546875,3182000,-0.49999333487042996
2025-03-20,BID,BIDV,39114.85606253926,39461.005231234296,39114.85606253926,39362.10546875,2255800,0.0
2025-03-21,BID,BIDV,39164.302756654,39362.10226552599,39015.953125,39015.953125,2407600,-0.8794050511978124
2025-03-24,BID,BIDV,39015.95383431905,39065.40371243606,38570.904931265984,38669.8046875,3733500,-0.8871971841646453
2025-03-25,BID,BIDV,38768.70434508816,39263.203125,38768.70434508816,39263.203125,2966500,1.5345265958682575
2025-03-26,BID,BIDV,39164.30534924146,39411.5547516988,38966.5058272756,39114.85546875,2603800,-0.37782871605690493
2025-03-27,BID,BIDV,39213.75334678708,39213.75334678708,38669.8046875,38669.8046875,1862400,-1.1378049999585582
2025-03-28,BID,BIDV,38719.25456561701,38818.15432185102,38620.354809382996,38669.8046875,1436400,0.0
2025-03-31,BID,BIDV,38570.90564516129,38570.90564516129,38076.40685483871,38323.65625,2899600,-0.8951388306646768
2025-04-01,BID,BIDV,38472.006490384614,38570.90625,38274.20697115385,38570.90625,1367000,0.645162868561111
2025-04-02,BID,BIDV,38818.15570998869,38818.15570998869,38274.20703125,38274.20703125,3026000,-0.7692306134238214
2025-04-03,BID,BIDV,36592.91167534722,37483.00952690972,35603.9140625,35603.9140625,7520100,-6.976742761959165
2025-04-04,BID,BIDV,33180.8699110243,35603.9140625,33180.8699110243,35603.9140625,6883200,0.0
2025-04-08,BID,BIDV,34614.91429570896,35109.41307136194,33131.41796875,33131.41796875,5560900,-6.944450234908772
2025-04-09,BID,BIDV,30856.723757704163,34120.41569361518,30856.723757704163,32092.970703125,6519100,-3.134327865485498
2025-04-10,BID,BIDV,34318.21484375,34318.21484375,34318.21484375,34318.21484375,635800,6.933743096610012
2025-04-11,BID,BIDV,36494.00978954082,36494.00978954082,35158.86308992347,36345.66015625,6947500,5.9077819803008635
2025-04-14,BID,BIDV,36592.91015625,36592.91015625,35603.91258445946,36592.91015625,3547400,0.6802737904252343
2025-04-15,BID,BIDV,36197.30991010274,36345.65954088185,35603.9113869863,36098.41015625,2999100,-1.351354669220095
2025-04-16,BID,BIDV,35702.81382378472,35999.513107638886,35307.21477864583,35603.9140625,2914600,-1.3698556019769326
2025-04-17,BID,BIDV,34812.71408647141,35455.5625,34565.46469665272,35455.5625,3126800,-0.4166720609413366
2025-04-18,BID,BIDV,35801.71425156468,35851.16413312761,35455.56508062413,35554.46484375,3477600,0.27894732667124167
2025-04-21,BID,BIDV,35554.462355939715,35603.91223404255,34713.814428191494,34862.1640625,2105600,-1.947155678738044
2025-04-22,BID,BIDV,34763.26628717058,34812.71616809117,32439.12188390313,34713.81640625,3799900,-0.4255262409529337
2025-04-23,BID,BIDV,35356.661509900994,35356.661509900994,34614.91336633664,34961.0625,1849600,0.7122411746853796
2025-04-24,BID,BIDV,34961.06508396509,35059.96484375,34516.016164933004,35059.96484375,2778700,0.2828928432881517
2025-04-25,BID,BIDV,34911.61332589286,35010.513080357145,34614.9140625,34614.9140625,2684500,-1.269398823511192
2025-04-28,BID,BIDV,34911.615389833576,34911.615389833576,34021.51754703328,34169.8671875,4070200,-1.2857084498214655
2025-04-29,BID,BIDV,34219.317067655575,34367.666708122284,33972.067666877716,34169.8671875,2440200,0.0
2025-05-05,BID,BIDV,34268.76688598458,34466.56640625,33922.61772552009,34466.56640625,1838148,0.8683066197533673
2025-05-06,BID,BIDV,34516.01496557582,34812.714234620886,34169.86581835658,34565.46484375,2976723,0.28694020847421786
2025-05-07,BID,BIDV,34417.11586676218,34516.015625,34219.316350286535,34516.015625,2131802,-0.14305960869767098
2025-05-08,BID,BIDV,34516.016164933004,35158.86460353491,34318.21664536319,35059.96484375,4670498,1.5759328210409596
2025-05-09,BID,BIDV,35158.86533453526,35307.21497729701,34713.81640625,34713.81640625,3062519,-0.9873040062722938
2025-05-12,BID,BIDV,34713.814428191494,34911.61394060284,34614.91467198582,34862.1640625,3140235,0.42734470481122777
2025-05-13,BID,BIDV,35059.96412905901,35406.11328125,34911.61449240572,35406.11328125,6596159,1.5602852931757782
2025-05-14,BID,BIDV,35554.46450475634,37087.41081859145,35505.01462366489,37037.9609375,11864500,4.608943216351791
2025-05-15,BID,BIDV,37087.40756600936,37285.207073028076,36741.25842872661,36988.5078125,6631081,-0.133520106799212
2025-05-16,BID,BIDV,36988.510587431694,37037.96046789617,36147.86261953552,36197.3125,6258719,-2.1390300914832294
2025-05-19,BID,BIDV,36098.41019941298,36147.86007639848,35702.811183529004,35801.7109375,2746755,-1.092903133347256
2025-05-20,BID,BIDV,35851.1608144855,35999.51044544199,35455.56179860152,35801.7109375,4654483,0.0
2025-05-21,BID,BIDV,35950.060568456494,36444.55933831146,35603.91142955801,35801.7109375,3688255,0.0
2025-05-22,BID,BIDV,35801.71358506945,35801.71358506945,35455.56442057292,35603.9140625,3484285,-0.5524788336102149
2025-05-23,BID,BIDV,35603.912133891215,35603.912133891215,35109.41335425384,35455.5625,3340754,-0.4166720609413366
2025-05-26,BID,BIDV,35455.5625,35505.012377963736,34614.91457461646,35455.5625,2515946,0.0
2025-05-27,BID,BIDV,35603.91399793388,35999.51304235537,35406.11447572314,35900.61328125,3541667,1.2552354267401533
2025-05-28,BID,BIDV,36543.45904858733,36543.45904858733,35653.36126391267,36098.41015625,4676435,0.5509568136077059
2025-05-29,BID,BIDV,36098.41081532922,36098.41081532922,35702.81179269547,36048.9609375,3032836,-0.13698447808632164
2025-05-30,BID,BIDV,35999.513107638886,35999.513107638886,35406.11453993055,35603.9140625,2338029,-1.234562282590057
2025-06-02,BID,BIDV,35406.11460521709,35455.56448595063,35109.415320815824,35307.21484375,2800372,-0.8333331504765673
2025-06-03,BID,BIDV,35505.01171875,35752.26110397806,35406.111964658776,35505.01171875,2731965,0.5602165899387446
2025-06-04,BID,BIDV,35603.91346153846,35702.81322115385,35257.764302884614,35356.6640625,3013267,-0.41782173577388226
2025-06-05,BID,BIDV,35505.013094190144,35505.013094190144,35059.96418353873,35109.4140625,3306175,-0.6993023990129132
2025-06-06,BID,BIDV,35109.41345301418,35257.763087322695,34812.71418439716,34862.1640625,2797449,-0.7042270758488289
2025-06-09,BID,BIDV,34862.1640625,34961.063818705676,34614.91467198582,34862.1640625,1663178,0.0
2025-06-10,BID,BIDV,34862.16472278942,35059.96423894709,34812.71484375,34812.71484375,1867776,-0.14184208031764456
2025-06-11,BID,BIDV,34911.61266271398,35010.51241529957,34614.9134049572,34664.36328125,1241099,-0.4261418943217965
2025-06-12,BID,BIDV,34713.813772574365,35010.51303558782,34713.813772574365,34911.61328125,1410720,0.7132685461259891
2025-06-13,BID,BIDV,34664.364500922995,35851.16157370781,34614.9146228903,35158.86328125,6324970,0.7082170566227841
2025-06-16,BID,BIDV,35158.863232217576,35505.012377963736,35059.9634762901,35455.5625,2710730,0.8438817159035716
2025-06-17,BID,BIDV,35603.911472841224,35801.71098102367,35455.56184170439,35505.01171875,3749543,0.139468154679534
2025-06-18,BID,BIDV,35505.01503330996,35653.36467829593,35208.31574333801,35257.765625,2599974,-0.6963695596231334
2025-06-19,BID,BIDV,35307.21352348114,35505.01303901886,35109.41400794344,35406.11328125,1874990,0.4207517226922919
2025-06-20,BID,BIDV,35406.11453993055,35999.513107638886,35406.11453993055,35603.9140625,5987380,0.5586627927181897
2025-06-23,BID,BIDV,35257.76298814505,35603.912133891215,35158.863232217576,35455.5625,2362599,-0.4166720609413366
2025-06-24,BID,BIDV,35653.36394314236,35801.71358506945,35307.21477864583,35603.9140625,4419949,0.41841548135077566
2025-06-25,BID,BIDV,35653.36201185495,35851.1615237099,35455.5625,35455.5625,3398132,-0.4166720609413366
2025-06-26,BID,BIDV,35505.014366684176,35554.464247417716,35208.31508228291,35307.21484375,2341386,-0.4184044640386131
2025-06-27,BID,BIDV,35307.21346952909,36246.76116689751,35307.21346952909,35702.8125,8303279,1.1204442434802564
2025-06-30,BID,BIDV,35950.06316180268,35950.06316180268,35801.71352014463,35900.61328125,4553539,0.554020166478475
2025-07-01,BID,BIDV,35950.063097677594,36444.561902322406,35851.163336748636,36197.3125,7019449,0.8264461011449065
2025-07-02,BID,BIDV,36197.31123368819,36246.76111242273,35900.611961280905,35999.51171875,3756213,-0.5464515666736336
2025-07-03,BID,BIDV,36098.41280346074,36395.112086776855,35752.26363959194,35900.61328125,6061507,-0.2747216080947301
2025-07-04,BID,BIDV,36048.9635185106,36296.2129253591,35900.613874401504,36147.86328125,4211085,0.6887068977429855
2025-07-07,BID,BIDV,36246.76225428427,36790.7109375,36246.76225428427,36790.7109375,11244680,1.7783835554768368
2025-07-08,BID,BIDV,36790.710875000004,37087.41015625,36592.91135416667,37087.41015625,7827451,0.8064514416533886
2025-07-09,BID,BIDV,37235.7583698053,38026.95642281577,37087.408734865836,37779.70703125,11224800,1.8666627626014787
2025-07-10,BID,BIDV,38076.4056372549,38274.20514705882,37631.356740196075,37829.15625,7859790,0.1308883065427091
2025-07-11,BID,BIDV,37829.15559215894,38224.7546048874,37730.255838976824,37878.60546875,8722310,0.13071721299626748
2025-07-14,BID,BIDV,38076.40817027813,38917.05614286869,37878.608647315654,38224.7578125,8317344,0.9138465882424729
2025-07-15,BID,BIDV,38175.30739419291,38323.657034325784,37680.80859375,37680.80859375,5792793,-1.423028554996164
2025-07-16,BID,BIDV,37483.00901285807,37977.5078125,37433.559132893875,37977.5078125,7526531,0.7874014115482941
2025-07-17,BID,BIDV,38373.104234660575,38373.104234660575,37730.255838976824,37878.60546875,5885877,-0.26042347022425805
2025-07-18,BID,BIDV,37878.60871292373,38373.10752118644,37581.9094279661,37928.05859375,9042229,0.13055687871297295
2025-07-21,BID,BIDV,38026.95775406004,38224.75727423721,37631.35871370571,37680.80859375,6908093,-0.6518920534486439
2025-07-22,BID,BIDV,37631.3560059849,38867.60291813946,37581.90612949872,38472.00390625,10831700,2.0997301863400875
2025-07-23,BID,BIDV,38669.806070332685,38768.70583010336,38125.85739159399,38274.20703125,6989454,-0.5141319788852128
2025-07-24,BID,BIDV,38570.90431949807,39213.75272482304,38274.20505550193,38422.5546875,10961180,0.3875917171291876
2025-07-25,BID,BIDV,38669.804074163454,38669.804074163454,38323.65493283462,38422.5546875,6294216,0.0
2025-07-28,BID,BIDV,38669.804637928304,39362.102930678935,38472.00512571383,38966.50390625,11431900,1.4157028942350935
2025-07-29,BID,BIDV,39213.752266460564,39213.752266460564,36988.5078125,36988.5078125,15409890,-5.076144625416967
2025-07-30,BID,BIDV,36988.51027312992,38373.10691437008,36889.61051304134,37680.80859375,9678914,1.871664530938566
2025-07-31,BID,BIDV,38076.40702402576,38076.40702402576,37087.40943898613,37433.55859375,6296151,-0.6561695707374193
2025-08-01,BID,BIDV,37433.5593813004,37878.608303931454,36691.811176915326,36790.7109375,7053772,-1.7173030841832193
2025-08-04,BID,BIDV,36790.71139947438,37829.158898653084,36790.71139947438,37631.359375,4471310,2.2849475209329118
2025-08-05,BID,BIDV,37977.50709677419,39757.702741935485,37779.70758064516,38323.65625,28571620,1.8396807516337654
2025-08-06,BID,BIDV,38570.90743670886,39461.00530063291,38521.45755537975,39065.40625,7050744,1.9354886056833331
2025-08-07,BID,BIDV,39263.20492119901,40054.4030052534,39065.40540018542,40004.953125,12295920,2.4050610634568814
2025-08-08,BID,BIDV,40548.89995277078,40548.89995277078,38917.05397906171,39263.203125,16705730,-1.8541454046510641
2025-08-11,BID,BIDV,39559.90360696518,40153.30216106965,39164.304570895525,39757.703125,11402010,1.259448951288289
2025-08-12,BID,BIDV,40054.40088478915,41488.44733621988,40004.95100715361,41043.3984375,15522030,3.2338269352676585
2025-08-13,BID,BIDV,41340.09970148126,41340.09970148126,39856.6033007104,40895.05078125,11838780,-0.36144096711655527
2025-08-14,BID,BIDV,41142.29744958482,42180.7448611729,40697.24855890421,41686.24609375,14951170,1.9346969801606217
2025-08-15,BID,BIDV,42131.29853277439,42131.29853277439,40252.203058307925,40548.90234375,14384370,-2.72834293460289
2025-08-18,BID,BIDV,40598.350959329044,40845.60035615809,40153.30204503676,40351.1015625,7516768,-0.48780797954321997
2025-08-19,BID,BIDV,40450.00065980722,41043.39920249388,40252.201145578336,40400.55078125,9921809,0.1225473824386425
2025-08-20,BID,BIDV,40548.90241093366,41389.5503877457,39164.30574324325,40252.203125,14551910,-0.36719216293171764
2025-08-21,BID,BIDV,40548.9008015662,42131.2969304078,40450.00104351359,41834.59765625,17546720,3.9311998062217857
2025-08-22,BID,BIDV,41933.496604046246,44603.79001986994,41488.447701408964,42774.14453125,22755890,2.2458609085239667
2025-08-25,BID,BIDV,43416.99543635671,43416.99543635671,40548.90234375,40548.90234375,11320760,-5.202306701596992
2025-08-26,BID,BIDV,40548.89961498205,41389.547533829245,40103.85071676884,41340.09765625,11182150,1.951212651313483
2025-08-27,BID,BIDV,41686.24921053592,44010.39359119451,41389.54992789865,42329.09765625,14883930,2.392350420223255
2025-08-28,BID,BIDV,42576.347123161766,42774.14664522059,41785.14903492647,42032.3984375,5846508,-0.7009344285093477
2025-08-29,BID,BIDV,42230.197235997664,43120.29507001167,42032.39771732789,42378.546875,10429050,0.823527684280756
2025-09-03,BID,BIDV,42625.795501077584,43416.993561422416,41587.348046875,43021.39453125,11458500,1.5169176473798007
2025-09-04,BID,BIDV,43268.64525579637,43466.44477696573,42675.24669228831,42922.49609375,7242273,-0.22988198913023172
2025-09-05,BID,BIDV,43120.29525476758,43120.29525476758,41488.44921875,41488.44921875,13496310,-3.3410146322054524
2025-09-08,BID,BIDV,41241.197416974166,41389.54704797048,40202.75,40202.75,9063040,-3.0989329390719966
2025-09-09,BID,BIDV,40202.75,40548.899138991386,39906.05073800738,40202.75,4255722,0.0
2025-09-10,BID,BIDV,40252.203125,40895.05157785627,40103.85348203317,40252.203125,5477094,0.1230093090646811
2025-09-11,BID,BIDV,40351.09963099631,40351.09963099631,39411.55196801968,40202.75,5788567,-0.12285818206378973
2025-09-12,BID,BIDV,40351.09958791209,40796.14848042582,40351.09958791209,40499.44921875,3323775,0.7380072725124531
2025-09-15,BID,BIDV,40598.35196515847,41735.69921875,40598.35196515847,41735.69921875,7336285,3.0525106485340903
2025-09-16,BID,BIDV,42032.39656101367,42230.196074241976,41537.897777942926,41587.34765625,7347121,-0.35545483908737685
2025-09-17,BID,BIDV,41537.899961890245,41933.49900914634,40548.90234375,40548.90234375,3704769,-2.497022221959222
2025-09-18,BID,BIDV,40548.90107996324,40993.94999425551,40103.852165670956,40351.1015625,4689947,-0.48780797954321997
2025-09-19,BID,BIDV,40647.802381045854,40746.70214353015,39362.10546875,39362.10546875,6164516,-2.450976690730833
2025-09-22,BID,BIDV,39757.7042492378,40548.90234375,39164.30567835366,40548.90234375,7999102,3.015074678721663
2025-09-23,BID,BIDV,40252.201145578336,40450.00065980722,40054.40163134945,40400.55078125,3469273,-0.3658583930148396
2025-09-24,BID,BIDV,40400.550074901395,40746.69921875,39757.70166489684,40746.69921875,4717576,0.8567913823111839
2025-09-25,BID,BIDV,40697.24938875306,40697.24938875306,40351.100244498775,40450.0,2011804,-0.7281552234627897
2025-09-26,BID,BIDV,40351.10095561036,40697.250105964864,40103.8515625,40103.8515625,2298181,-0.8557439740420225
2025-09-29,BID,BIDV,39807.151684630895,40103.85095184553,39658.80205102357,39856.6015625,2112994,-0.6165243246391783
2025-09-30,BID,BIDV,39757.70185546875,40103.85100097657,39164.3033203125,39559.90234375,3687433,-0.7444167518516065
2025-10-01,BID,BIDV,39559.90168539326,40202.7500877809,39362.10217696629,39609.3515625,2221536,0.12499833371759639
2025-10-02,BID,BIDV,39708.254568656484,40252.20326137781,39559.90492518703,39658.8046875,3009706,0.1248521448829365
2025-10-03,BID,BIDV,39559.90499371859,39708.25463744504,39362.10546875,39362.10546875,2518841,-0.7481295038715974
2025-10-06,BID,BIDV,39856.603422162574,40450.00198427914,39609.35402128068,40301.65234375,3062236,2.3869324666738523
2025-10-07,BID,BIDV,40548.90113811728,40548.90113811728,40004.95246431327,40054.40234375,2421949,-0.6134984190997894
2025-10-08,BID,BIDV,40450.00204728059,40450.00204728059,39807.1536039864,40004.953125,4608072,-0.1234551406500195
2025-10-09,BID,BIDV,40103.852165670956,40499.451200597425,39955.50252757353,40351.1015625,4351594,0.8652639497374714
2025-10-10,BID,BIDV,40449.99995259405,41043.39848490595,40449.99995259405,40746.69921875,6799562,0.9803887401617972
2025-10-13,BID,BIDV,40548.899755501225,40697.24938875306,40301.65036674817,40450.0,4565180,-0.7281552234627897
2025-10-14,BID,BIDV,40600.0,40750.0,39600.0,39600.0,7731694,-2.1013597033374576
2025-10-15,BID,BIDV,39700.0,40150.0,39350.0,39350.0,4335312,-0.631313131313127
2025-10-16,BID,BIDV,39350.0,39750.0,39200.0,39750.0,3816264,1.016518424396451
2025-10-17,BID,BIDV,39750.0,39800.0,39050.0,39050.0,4180594,-1.7610062893081757
2025-10-20,BID,BIDV,38950.0,39050.0,36500.0,36500.0,7402866,-6.530089628681179
2025-10-21,BID,BIDV,36550.0,37500.0,36550.0,37050.0,4508893,1.5068493150685036
2025-10-22,BID,BIDV,37500.0,37500.0,36500.0,37200.0,3978223,0.4048582995951344
2025-10-23,BID,BIDV,37000.0,37450.0,36850.0,36900.0,2710914,-0.8064516129032251
2025-10-24,BID,BIDV,37000.0,37100.0,36200.0,36900.0,3495261,0.0
2025-10-27,BID,BIDV,36950.0,37200.0,36500.0,36500.0,2067006,-1.0840108401083959
2025-10-28,BID,BIDV,36600.0,37150.0,36600.0,37100.0,2796558,1.6438356164383494
2025-10-29,BID,BIDV,37500.0,37900.0,37300.0,37800.0,3207848,1.8867924528301883
2025-10-30,BID,BIDV,37950.0,38250.0,37600.0,37900.0,2602763,0.2645502645502562
2025-10-31,BID,BIDV,38000.0,38000.0,37400.0,37400.0,2378179,-1.319261213720313
2025-11-03,BID,BIDV,37600.0,37800.0,37100.0,37100.0,2456567,-0.8021390374331583
2025-11-04,BID,BIDV,37100.0,38000.0,36900.0,37900.0,3905758,2.156334231805923
2025-11-05,BID,BIDV,37600.0,38800.0,37600.0,38650.0,3950153,1.978891820580464
2025-11-06,BID,BIDV,38700.0,38900.0,38350.0,38500.0,2395114,-0.38809831824062613
2025-11-07,BID,BIDV,38350.0,38650.0,37450.0,37500.0,3223435,-2.5974025974025983
2025-11-10,BID,BIDV,37500.0,38000.0,37300.0,37400.0,2340902,-0.2666666666666706
2025-11-11,BID,BIDV,37600.0,38150.0,37600.0,38000.0,2395129,1.6042780748663166
2025-11-12,BID,BIDV,38200.0,38400.0,37800.0,38250.0,2032983,0.6578947368421018
2025-11-13,BID,BIDV,38250.0,38450.0,38000.0,38300.0,1944401,0.13071895424836555
2025-11-14,BID,BIDV,38200.0,38500.0,38200.0,38350.0,2234580,0.13054830287206887
2025-11-17,BID,BIDV,38350.0,38550.0,38300.0,38400.0,1427085,0.1303780964797996
2025-11-18,BID,BIDV,38500.0,38500.0,38250.0,38400.0,1453818,0.0
2025-11-19,BID,BIDV,38300.0,38450.0,38100.0,38100.0,1304368,-0.78125
2025-11-20,BID,BIDV,38200.0,38200.0,37900.0,37950.0,1469342,-0.3937007874015741
2025-11-21,BID,BIDV,37900.0,37900.0,37400.0,37600.0,1248672,-0.9222661396574461
2025-11-24,BID,BIDV,37600.0,37950.0,37600.0,37650.0,1099398,0.13297872340425343
2025-11-25,BID,BIDV,37800.0,37800.0,37000.0,37000.0,1800263,-1.726427622841964
2025-11-26,BID,BIDV,37050.0,37550.0,37050.0,37350.0,1238616,0.9459459459459474
2025-11-27,BID,BIDV,37450.0,37700.0,37300.0,37550.0,1072765,0.5354752342704217
2025-11-28,BID,BIDV,37550.0,37600.0,37100.0,37100.0,881329,-1.1984021304926817
2025-12-01,BID,BIDV,37200.0,37300.0,36950.0,36950.0,1461591,-0.40431266846361336
2025-12-02,BID,BIDV,36950.0,37050.0,36650.0,36850.0,1593674,-0.27063599458727605
2025-12-03,BID,BIDV,37000.0,38450.0,37000.0,38400.0,4015986,4.2062415196743475
2025-12-04,BID,BIDV,38500.0,38550.0,38050.0,38200.0,2055885,-0.520833333333337
2025-12-05,BID,BIDV,38300.0,38450.0,37800.0,37800.0,1629030,-1.0471204188481686
2025-12-08,BID,BIDV,37800.0,37950.0,37450.0,37500.0,1709833,-0.7936507936507908
2025-12-09,BID,BIDV,37500.0,37950.0,37100.0,37450.0,3267168,-0.13333333333332975
2025-12-10,BID,BIDV,37500.0,37900.0,37450.0,37700.0,1904108,0.6675567423231055
2025-12-11,BID,BIDV,37700.0,38100.0,37600.0,37600.0,1135317,-0.2652519893899252
2025-12-12,BID,BIDV,37700.0,37700.0,37000.0,37000.0,1880698,-1.5957446808510634
2025-12-15,BID,BIDV,37050.0,37150.0,36900.0,37000.0,1245355,0.0
2025-12-16,BID,BIDV,37100.0,37750.0,36850.0,37400.0,2062304,1.08108108108107
2025-12-17,BID,BIDV,37450.0,38500.0,37450.0,38000.0,4134081,1.6042780748663166
2025-12-18,BID,BIDV,38100.0,38300.0,37900.0,38000.0,1240461,0.0
2025-12-19,BID,BIDV,38000.0,38150.0,37600.0,37700.0,2098941,-0.7894736842105288
2025-12-22,BID,BIDV,37700.0,38450.0,37650.0,38400.0,2719605,1.8567639257294433
2025-12-23,BID,BIDV,38500.0,38800.0,37900.0,38000.0,1922069,-1.041666666666663
2025-12-24,BID,BIDV,38000.0,38450.0,37800.0,38400.0,1988052,1.0526315789473717
2025-12-25,BID,BIDV,38400.0,38950.0,38350.0,38800.0,3728604,1.041666666666674
2025-12-26,BID,BIDV,38450.0,38800.0,38000.0,38800.0,2659982,0.0
2025-12-29,BID,BIDV,38800.0,38900.0,38600.0,38800.0,1647245,0.0
2025-12-30,BID,BIDV,38800.0,39850.0,38650.0,39400.0,5384246,1.546391752577314
2025-12-31,BID,BIDV,39500.0,39550.0,38900.0,38900.0,1633434,-1.269035532994922
2026-01-05,BID,BIDV,38850.0,38900.0,37900.0,38450.0,3888833,-1.1568123393316143
2026-01-06,BID,BIDV,38300.0,38900.0,37800.0,38900.0,4858022,1.1703511053315907
2026-01-07,BID,BIDV,39500.0,41400.0,39500.0,40950.0,13422090,5.26992287917738
2026-01-08,BID,BIDV,41300.0,43800.0,40900.0,43050.0,27750670,5.128205128205132
2026-01-09,BID,BIDV,43800.0,46050.0,43700.0,46050.0,22963030,6.968641114982588
2026-01-12,BID,BIDV,47900.0,49250.0,47000.0,49250.0,7836994,6.948968512486431
2026-01-13,BID,BIDV,49350.0,51600.0,48600.0,51000.0,22036910,3.5532994923857864
2026-01-14,BID,BIDV,50800.0,54500.0,50200.0,54500.0,17792780,6.8627450980392135
2026-01-15,BID,BIDV,52600.0,54000.0,50700.0,50700.0,25499530,-6.972477064220184
2026-01-16,BID,BIDV,51000.0,54200.0,50400.0,51100.0,14126650,0.7889546351084853
2026-01-19,BID,BIDV,51100.0,52600.0,50500.0,52000.0,9461542,1.7612524461839474
2026-01-20,BID,BIDV,52900.0,55300.0,52200.0,53200.0,16968400,2.3076923076922995
2026-01-21,BID,BIDV,52600.0,53900.0,51100.0,53000.0,12012870,-0.3759398496240629
2026-01-22,BID,BIDV,53500.0,56600.0,51600.0,52000.0,18184780,-1.8867924528301883
2026-01-23,BID,BIDV,51800.0,52800.0,50700.0,50800.0,10145170,-2.3076923076923106
2026-01-26,BID,BIDV,51000.0,52600.0,50800.0,52500.0,13230480,3.34645669291338
2026-01-27,BID,BIDV,52500.0,52800.0,49500.0,52600.0,12627740,0.19047619047618536
2026-01-28,BID,BIDV,53400.0,55900.0,51400.0,51900.0,17925310,-1.3307984790874472
2026-01-29,BID,BIDV,51800.0,52800.0,51000.0,51900.0,7089980,0.0
2026-01-30,BID,BIDV,52300.0,54500.0,51900.0,53900.0,13867650,3.8535645472061564
2026-02-02,BID,BIDV,53800.0,55200.0,52100.0,55000.0,12085950,2.0408163265306145
2026-02-03,BID,BIDV,55700.0,56500.0,54000.0,54100.0,11674410,-1.6363636363636358
2026-02-04,BID,BIDV,54000.0,54400.0,52600.0,53000.0,9767385,-2.0332717190388205
2026-02-05,BID,BIDV,53000.0,53300.0,51500.0,51500.0,9857856,-2.8301886792452824
2026-02-06,BID,BIDV,50700.0,52300.0,50700.0,51400.0,10107880,-0.1941747572815511
2026-02-09,BID,BIDV,51800.0,51800.0,50600.0,50600.0,3605950,-1.5564202334630295
2026-02-10,BID,BIDV,50200.0,50500.0,47100.0,47100.0,23128590,-6.9169960474308345
2026-02-11,BID,BIDV,46550.0,48750.0,46100.0,48500.0,8801558,2.972399150743099
2026-02-12,BID,BIDV,48300.0,48500.0,47350.0,47550.0,5004089,-1.9587628865979423
2026-02-13,BID,BIDV,47550.0,47700.0,46800.0,46900.0,6865914,-1.3669821240799185
2024-01-02,VCB,Vietcombank,55049.68169520333,55514.51919191508,54584.84807643544,55448.11328125,2837212,
2024-01-03,VCB,Vietcombank,55448.11269050547,56112.16015625,54983.27907668991,56112.16015625,2274044,1.1976004875616786
2024-01-04,VCB,Vietcombank,56112.16091313493,57241.04588586613,55780.13523681214,57041.83203125,4088675,1.6568099898689237
2024-01-05,VCB,Vietcombank,57041.833016941426,57241.046875,56909.02119293975,57241.046875,1985958,0.3492434177795323
2024-01-08,VCB,Vietcombank,57307.45086327914,57639.47265625,57307.45086327914,57639.47265625,2470936,0.696049081911565
2024-01-09,VCB,Vietcombank,57639.47210205541,58369.92934663322,57639.47210205541,58303.5234375,3101377,1.1520764341656387
2024-01-10,VCB,Vietcombank,58303.5251790404,59432.41015625,57905.09359028364,59432.41015625,2751398,1.9362238372439666
2024-01-11,VCB,Vietcombank,59432.40947696557,59764.431272866816,58834.76403963319,59299.59765625,2381684,-0.22346813742002425
2024-01-12,VCB,Vietcombank,58502.74027777558,59432.411419336575,58037.90664596707,58901.171875,2921977,-0.671886145939149
2024-01-15,VCB,Vietcombank,59100.382235368816,59830.835596096236,59033.97632677257,59764.4296875,3008239,1.4656037987359705
2024-01-16,VCB,Vietcombank,59100.382235368816,59830.835596096236,59033.97632677257,59764.4296875,2142634,0.0
2024-01-17,VCB,Vietcombank,59100.38518834901,60428.48403691424,59100.38518834901,60362.078125,2505919,1.0000069282431356
2024-01-18,VCB,Vietcombank,60362.07487376877,60561.28872083748,59764.4294546189,60494.8828125,2225905,0.22001344490656383
2024-01-19,VCB,Vietcombank,60428.48189628526,61756.580697803685,60030.05031685783,61490.9609375,2394691,1.6465493917680263
2024-01-22,VCB,Vietcombank,62088.604412499495,62088.604412499495,61092.53125,61092.53125,1662888,-0.6479483836737687
2024-01-23,VCB,Vietcombank,61158.93548710722,61358.149338563926,60030.05053227953,60760.50390625,2025576,-0.5434827088622196
2024-01-24,VCB,Vietcombank,60826.908476243676,61092.52823164987,60362.07487376877,60494.8828125,1211996,-0.4371607815495393
2024-01-25,VCB,Vietcombank,60494.886409341816,60826.91209282673,60229.26663814268,60428.484375,898943,-0.10975876704447662
2024-01-26,VCB,Vietcombank,60826.91148147054,61092.53125,60694.10353617777,61092.53125,1523554,1.098897120899367
2024-01-29,VCB,Vietcombank,60959.72063682894,61092.52857630943,60362.0752143074,60561.2890625,1202727,-0.8695697765837784
2024-01-30,VCB,Vietcombank,60561.292321627596,60561.292321627596,59830.83892031595,60428.484375,1397227,-0.21928973038031208
2024-01-31,VCB,Vietcombank,60162.864132353876,60162.864132353876,58768.359375,58768.359375,1524302,-2.74725573075405
2024-02-01,VCB,Vietcombank,58436.33409186269,59897.24477092563,58436.33409186269,59631.625,998809,1.4689292574793678
2024-02-02,VCB,Vietcombank,59166.789126635515,60096.45635064828,59166.789126635515,59963.64453125,1266265,0.556784309080971
2024-02-05,VCB,Vietcombank,59897.24150469248,60162.8612611337,59366.00199181004,59764.4296875,3018405,-0.33222604347569185
2024-02-06,VCB,Vietcombank,59963.64581135253,60162.86354470285,59166.7903897268,59432.41015625,2132318,-0.5555470586535938
2024-02-07,VCB,Vietcombank,59764.4296875,60295.66920038244,59299.59608321379,59764.4296875,2154893,0.5586506257732271
2024-02-15,VCB,Vietcombank,59764.43325631165,60229.26688835522,59166.791677088746,59698.02734375,1705346,-0.11110679729934292
2024-02-16,VCB,Vietcombank,59698.02635644631,59897.244090836524,59432.4104664805,59498.8125,1198392,-0.3337042321396866
2024-02-19,VCB,Vietcombank,59698.02445944027,60096.45603761595,59299.59675920837,59897.2421875,1703253,0.6696430916163232
2024-02-20,VCB,Vietcombank,59830.83603730014,60694.10122158593,59366.002429586166,60627.6953125,2272848,1.219510445428229
2024-02-21,VCB,Vietcombank,60893.31472811683,60893.31472811683,60096.455457402684,60561.2890625,2184793,-0.10953121285200984
2024-02-22,VCB,Vietcombank,60162.86354470285,60428.48331122606,59432.41015625,59432.41015625,1934380,-1.8640272090063692
2024-02-23,VCB,Vietcombank,59432.40813772467,60694.10101637258,59033.9765625,59033.9765625,2832875,-0.6703978396677912
2024-02-26,VCB,Vietcombank,59033.97856749325,59764.4319559461,59033.97856749325,59432.41015625,1184040,0.6749225055645347
2024-02-27,VCB,Vietcombank,59498.8096992127,60561.28872083748,59166.78791341275,60494.8828125,2539855,1.7876990912142343
2024-02-28,VCB,Vietcombank,60428.48222146505,64678.39453125,60030.05063989357,64678.39453125,6479180,6.915480325363266
2024-02-29,VCB,Vietcombank,65408.85146885402,66736.94639316695,64611.9921875,64611.9921875,2976545,-0.10266541745701518
2024-03-01,VCB,Vietcombank,65209.633740057674,65209.633740057674,63018.27362479194,64611.9921875,3623282,0.0
2024-03-04,VCB,Vietcombank,65076.82147777029,65076.82147777029,63483.10680385718,63748.7265625,2592928,-1.3360764709047457
2024-03-05,VCB,Vietcombank,64147.15651747096,64147.15651747096,63217.48926849772,63416.703125,2145026,-0.5208314822955362
2024-03-06,VCB,Vietcombank,63416.70346316383,64279.968683202205,63151.083693763096,63483.109375,3095547,0.10471413165251686
2024-03-07,VCB,Vietcombank,63682.319970935045,64678.39308568575,63416.700215138604,63615.9140625,3746918,0.20919688529354996
2024-03-08,VCB,Vietcombank,63682.321556066076,64080.75313865005,63151.08203125,63151.08203125,3480210,-0.7306851408176329
2024-03-11,VCB,Vietcombank,63151.08262958986,63748.72807015644,62487.03515625,62487.03515625,2995980,-1.0515209773783396
2024-03-12,VCB,Vietcombank,62487.03614264771,63018.275680883096,62420.63023088231,62686.25,1697273,0.31880988312513736
2024-03-13,VCB,Vietcombank,63018.273195718204,64080.75223028946,62619.8416187821,63748.7265625,4916307,1.6949116632435368
2024-03-14,VCB,Vietcombank,63748.727151268125,63815.133061028086,62819.059926403985,63084.6796875,3509663,-1.0416629645910835
2024-03-15,VCB,Vietcombank,63084.68025392432,63084.68025392432,62354.222995893804,62420.62890625,3687417,-1.052633990597207
2024-03-18,VCB,Vietcombank,62619.843362418644,62752.655184410054,61424.556354215354,61756.58203125,2791912,-1.0638259925213722
2024-03-19,VCB,Vietcombank,61424.5546875,62088.602145606914,61424.5546875,61424.5546875,1584849,-0.5376387954598716
2024-03-20,VCB,Vietcombank,61424.55699903809,62487.03607434755,61424.55699903809,61889.390625,1451495,0.7567591492764869
2024-03-21,VCB,Vietcombank,62420.62898974128,63416.70213464122,62420.62898974128,63217.48828125,2532679,2.145921365258241
2024-03-22,VCB,Vietcombank,63217.48836370197,64279.96742043267,63217.48836370197,64014.34765625,2824055,1.2605046430425038
2024-03-25,VCB,Vietcombank,63084.68199556119,64346.3749374425,62487.03654174333,63549.515625,2365987,-0.7261372618308948
2024-03-26,VCB,Vietcombank,63748.727553656485,64147.155258843515,63615.91573329825,63947.94140625,1099423,0.6269532935562872
2024-03-27,VCB,Vietcombank,63881.53381829644,63881.53381829644,63483.10612357365,63615.9140625,1883700,-0.5192150622030045
2024-03-28,VCB,Vietcombank,63881.53743005975,64014.34925443881,63483.10971281047,63549.515625,1843185,-0.10437394239869446
2024-03-29,VCB,Vietcombank,63682.32089768289,63682.32089768289,63018.2734375,63018.2734375,1442974,-0.8359500183051205
2024-04-01,VCB,Vietcombank,63018.274427858785,63748.727808922486,62885.46260696874,63217.48828125,1825395,0.3161223449696271
2024-04-02,VCB,Vietcombank,63151.08396685209,63217.48987897542,62354.224655203965,62752.65625,1693835,-0.7352902557311247
2024-04-03,VCB,Vietcombank,62686.24801458547,62951.86777529039,62287.8203125,62287.8203125,2315904,-0.7407430462355924
2024-04-04,VCB,Vietcombank,63018.273195718204,63748.7265625,62686.24752792875,63748.7265625,3201841,2.345412381859857
2024-04-05,VCB,Vietcombank,62951.86752809858,63483.1070474224,62553.4398275776,63018.2734375,1232478,-1.145831712079548
2024-04-08,VCB,Vietcombank,63018.2734375,63283.89319716192,62553.4398275776,63018.2734375,1435349,0.0
2024-04-09,VCB,Vietcombank,63084.68125190314,63350.30101958611,62553.441716537185,62619.84375,1217827,-0.6322446899392653
2024-04-10,VCB,Vietcombank,62619.84442575334,62819.06216212333,62487.036479450624,62752.65625,1280318,0.21209331107601148
2024-04-11,VCB,Vietcombank,62420.62890625,62819.060490443364,62088.60323241284,62420.62890625,1230385,-0.5291048436694701
2024-04-12,VCB,Vietcombank,62752.6565875195,63416.704078492585,62287.822956043936,62819.0625,1410981,0.638304356638919
2024-04-15,VCB,Vietcombank,62819.06168441344,64080.7546154424,61092.53125,61092.53125,2938123,-2.7484193193745954
2024-04-16,VCB,Vietcombank,62287.822773393964,62287.822773393964,60096.458691515094,60428.484375,2925266,-1.0869526297455523
2024-04-17,VCB,Vietcombank,60561.29064852069,61158.936086693786,59432.409560569555,60096.45703125,2406501,-0.5494550247024943
2024-04-19,VCB,Vietcombank,59764.43135693785,60362.076795110945,59565.2175035281,60096.45703125,2128581,0.0
2024-04-22,VCB,Vietcombank,60096.45737042402,60694.102811970115,59897.24351588994,60162.86328125,1590829,0.11049944253032074
2024-04-23,VCB,Vietcombank,60162.86160443205,60561.289302395504,59233.190512611065,59830.8359375,2484540,-0.5518808873803627
2024-04-24,VCB,Vietcombank,60428.48304661006,60494.885079492175,59830.837605063956,60162.86328125,3274349,0.5549435145730586
2024-04-25,VCB,Vietcombank,60162.86460380087,61690.17731870992,60096.458691515094,60428.484375,1995376,0.441503411345745
2024-04-26,VCB,Vietcombank,60893.31472811683,61955.793755735685,60561.2890625,60561.2890625,2636133,0.21977166707649598
2024-05-02,VCB,Vietcombank,61158.93682250026,61424.556589556894,60494.885465886735,61026.125,1840943,0.7675463067179589
2024-05-03,VCB,Vietcombank,61358.148778306175,62022.20011435686,60959.72107903078,61424.5546875,2295871,0.6528838059109976
2024-05-06,VCB,Vietcombank,61690.17612025429,61955.795886293236,61557.36429826288,61756.58203125,1863070,0.5405449749521285
2024-05-07,VCB,Vietcombank,62022.20145646007,62487.035074987856,61690.17578125,61690.17578125,1822704,-0.10752902413931897
2024-05-08,VCB,Vietcombank,61557.36429826288,61889.38997529753,61158.93658817641,61756.58203125,1980875,0.1076447735138153
2024-05-09,VCB,Vietcombank,61690.17444633152,62022.20011435686,61291.74286911235,61424.5546875,1033942,-0.5376387954598716
2024-05-10,VCB,Vietcombank,61557.36487544057,61557.36487544057,60893.31739308888,61092.53125,1298323,-0.540538615524655
2024-05-13,VCB,Vietcombank,61158.93777631164,61358.151635225004,60096.458691515094,60428.484375,1969992,-1.0869526297455523
2024-05-14,VCB,Vietcombank,60494.885079492175,60826.91075567821,60096.45737042402,60162.86328125,1394087,-0.4395627269114355
2024-05-15,VCB,Vietcombank,60428.484375,60627.69823391337,60295.672550428455,60428.484375,1447375,0.441503411345745
2024-05-16,VCB,Vietcombank,61092.52935807258,61557.362969118076,60760.50368820702,61490.9609375,2680418,1.7582379791401204
2024-05-17,VCB,Vietcombank,61490.962187657875,61490.962187657875,60893.31674533805,60959.72265625,1621764,-0.8639290607117989
2024-05-20,VCB,Vietcombank,61291.74476705663,61756.58226786366,60959.722966693764,61026.125,1805759,0.10892822482877484
2024-05-21,VCB,Vietcombank,61026.12232331239,61092.52823164987,60229.263057093805,60494.8828125,2222342,-0.870516008512745
2024-05-22,VCB,Vietcombank,60760.50515846206,60893.31698079952,60229.265625,60229.265625,2260040,-0.4390738111242576
2024-05-23,VCB,Vietcombank,60229.26663814268,60760.50618054096,60096.458691515094,60428.484375,1969764,0.33076735691977
2024-05-24,VCB,Vietcombank,60428.48170643839,60428.48170643839,59764.43036879351,59897.2421875,3596267,-0.879125453822871
2024-05-27,VCB,Vietcombank,60030.05012826271,60162.86194696919,59565.21651867756,59897.2421875,1881636,0.0
2024-05-28,VCB,Vietcombank,59631.62405831309,60229.265625,59631.62405831309,60229.265625,2712451,0.5543217439972326
2024-05-29,VCB,Vietcombank,60295.6724883421,60428.48431277689,59631.625,59631.625,1773724,-0.9922761282215142
2024-05-30,VCB,Vietcombank,59432.41107843659,59565.21902478697,58768.359712852834,58834.765625,3589094,-1.336303303825781
2024-05-31,VCB,Vietcombank,58901.17078566737,59100.384641623285,57905.09375,57905.09375,5863050,-1.580140356002313
2024-06-03,VCB,Vietcombank,58436.332709955954,59299.597914535676,58436.332709955954,58569.14453125,3189835,1.1467916520729204
2024-06-04,VCB,Vietcombank,59033.97982211216,59233.19368175238,58635.55210283171,58901.171875,3236227,0.5668980593917405
2024-06-05,VCB,Vietcombank,58901.1682819665,59432.407793896906,58834.76237348926,58967.5703125,3413651,0.1127285508697673
2024-06-06,VCB,Vietcombank,59033.97690325529,59565.21642132543,58967.57099401057,59100.3828125,2541313,0.22522973101342103
2024-06-07,VCB,Vietcombank,59166.7909676485,59565.21868235308,58768.359375,58768.359375,1928010,-0.5617957476745428
2024-06-10,VCB,Vietcombank,59033.97746424417,59233.191315927616,58369.92999931806,58436.33203125,4368107,-0.5649763704161592
2024-06-11,VCB,Vietcombank,58635.55101841152,58701.95305176756,57838.69171664396,57905.09375,3606807,-0.9090890252418826
2024-06-12,VCB,Vietcombank,58037.90664596707,59233.19368175238,57772.28687379878,58901.171875,3363002,1.7201908510855235
2024-06-13,VCB,Vietcombank,59033.97880397,59166.79062673556,58701.953125,58701.953125,2578725,-0.3382254438379917
2024-06-14,VCB,Vietcombank,58768.35999078022,59166.791587603526,58104.3125,58104.3125,3710739,-1.0180932544567645
2024-06-17,VCB,Vietcombank,58170.71320508008,58303.52502696722,57838.69140625,57838.69140625,3533731,-0.4571452312597257
2024-06-18,VCB,Vietcombank,58104.31117208039,58768.35864768443,57838.69140625,57838.69140625,2109295,0.0
2024-06-19,VCB,Vietcombank,57971.49766974284,58104.30948778009,57440.25815348138,57506.6640625,3430277,-0.5740574962491696
2024-06-20,VCB,Vietcombank,57506.6659643448,57506.6659643448,56842.61460808477,57108.234375,4064821,-0.6928408976514033
2024-06-21,VCB,Vietcombank,57174.64028621478,57573.07187555958,56776.21257481388,57108.234375,2766461,0.0
2024-06-24,VCB,Vietcombank,57108.23272811127,58037.903824476656,56776.2109375,56776.2109375,3274012,-0.5813932809054734
2024-06-25,VCB,Vietcombank,56909.01887815575,57573.070215265856,56776.2109375,56776.2109375,2371090,0.0
2024-06-26,VCB,Vietcombank,57041.8336046008,57307.4533773967,56576.99609375,56576.99609375,2581951,-0.3508773136856491
2024-06-27,VCB,Vietcombank,56576.99609375,57108.235639341794,56576.99609375,56576.99609375,2202407,0.0
2024-06-28,VCB,Vietcombank,57108.235639341794,57108.235639341794,56444.18814632404,56576.99609375,1752812,0.0
2024-07-01,VCB,Vietcombank,56975.42676811911,57241.046536608264,56576.99517641343,57174.640625,1837848,1.056338392833167
2024-07-02,VCB,Vietcombank,57573.071383320086,58967.57223924442,57241.04570802883,58569.14453125,3790348,2.439025223431379
2024-07-03,VCB,Vietcombank,58436.333694116904,58901.17119853081,58303.52574853002,58768.359375,3439815,0.340136167848093
2024-07-04,VCB,Vietcombank,58834.76361256072,59565.21698736258,58436.33203125,58436.33203125,4739882,-0.5649763704161592
2024-07-05,VCB,Vietcombank,58502.73794112576,59233.191315927616,58436.33203125,58436.33203125,2837151,0.0
2024-07-08,VCB,Vietcombank,58436.333284511704,58901.17078566737,57905.09375,57905.09375,1874655,-0.9090890252418826
2024-07-09,VCB,Vietcombank,58104.31057556671,58701.95213409164,57573.07104935977,58502.73828125,2390818,1.0321104630799383
2024-07-10,VCB,Vietcombank,58635.55176650245,59233.193341995095,58436.33403006096,58834.765625,47590424,0.5675415433612496
2024-07-11,VCB,Vietcombank,58834.76395461529,59033.97780745694,58502.73828125,58502.73828125,2484848,-0.5643386868680156
2024-07-12,VCB,Vietcombank,58569.14250968608,58834.762265162215,58170.7109375,58170.7109375,2816952,-0.5675415433612496
2024-07-15,VCB,Vietcombank,58170.71453451725,58635.55204380176,58104.3125,58104.3125,4209109,-0.11414410522048168
2024-07-16,VCB,Vietcombank,58170.711958936976,58834.763298259466,58170.711958936976,58369.9296875,2488094,0.45713850843687176
2024-07-17,VCB,Vietcombank,58967.57155436841,59764.43083904603,58104.31023775886,58436.33203125,7000696,0.11376121935644523
2024-07-18,VCB,Vietcombank,58635.549760877264,58967.57155436841,58369.92999931806,58436.33203125,2634064,0.0
2024-07-19,VCB,Vietcombank,58436.33430641813,58967.573850219895,58104.3125,58104.3125,2007959,-0.5681731205724017
2024-07-22,VCB,Vietcombank,58104.30924795468,58635.54876202345,57971.49743046561,58237.1171875,2393644,0.2285625313955819
2024-07-23,VCB,Vietcombank,58303.526359439675,58635.55204380176,58104.3125,58104.3125,2407548,-0.22804131439477793
2024-07-24,VCB,Vietcombank,58037.90658753879,58502.74021887934,58037.90658753879,58104.3125,3680241,0.0
2024-07-25,VCB,Vietcombank,58170.71385711983,58237.119768807745,57905.094088312086,57971.5,1373905,-0.22857597704128985
2024-07-26,VCB,Vietcombank,57971.5,58237.119768807745,57905.094088312086,57971.5,2965781,0.0
2024-07-29,VCB,Vietcombank,58170.71385711983,58303.52568049566,57971.5,57971.5,808510,0.0
2024-07-30,VCB,Vietcombank,57971.50067507758,58635.55204380176,57971.50067507758,58104.3125,1494701,0.22909964379047576
2024-07-31,VCB,Vietcombank,58104.310326359846,59233.19140625,58104.310326359846,59233.19140625,2860533,1.942848745090986
2024-08-01,VCB,Vietcombank,59299.59838041333,60694.10312523722,59233.1924692446,60229.265625,7209787,1.6816149781943013
2024-08-02,VCB,Vietcombank,60030.05299825725,60030.05299825725,58901.171875,58901.171875,2379143,-2.205063827722875
2024-08-05,VCB,Vietcombank,58768.35795708617,58768.35795708617,57705.87890625,57705.87890625,4607141,-2.0293195036707457
2024-08-06,VCB,Vietcombank,57705.880231192255,58237.119768807745,57573.07228576035,57971.5,6388135,0.4603016170701357
2024-08-07,VCB,Vietcombank,58037.90333921015,58237.1171875,57772.28358217576,58237.1171875,1215435,0.4581858111313286
2024-08-08,VCB,Vietcombank,58237.119768807745,58237.119768807745,57905.094088312086,57971.5,1813734,-0.456096043773635
2024-08-09,VCB,Vietcombank,58037.90333921015,58635.54876202345,58037.90333921015,58237.1171875,1699366,0.4581858111313286
2024-08-12,VCB,Vietcombank,58701.951136411735,58701.951136411735,57971.49776977771,58303.5234375,1647938,0.11402736468941743
2024-08-13,VCB,Vietcombank,58170.71335680685,59432.41015625,58170.71335680685,59432.41015625,2381385,1.9362238372439666
2024-08-14,VCB,Vietcombank,59299.59722580337,59366.00313567913,58303.524089442304,58436.33203125,2231762,-1.6759847402810557
2024-08-15,VCB,Vietcombank,58436.330692976146,58967.57020392842,58170.7109375,58170.7109375,1376921,-0.45454785493372896
2024-08-16,VCB,Vietcombank,58436.33237098817,59033.97780745694,58436.33237098817,58502.73828125,2123544,0.5707809624447169
2024-08-19,VCB,Vietcombank,58967.5703125,59299.59597694244,58635.548526001294,58967.5703125,2531380,0.79454747744514
2024-08-20,VCB,Vietcombank,59033.97894542349,60295.671875,59033.97894542349,60295.671875,5059574,2.252257563711191
2024-08-21,VCB,Vietcombank,60295.670715667555,61756.58135178016,60030.050952551064,61623.76953125,4588696,2.202641773365266
2024-08-22,VCB,Vietcombank,61690.17410368115,61889.38795221234,61158.93458896881,61358.1484375,2113251,-0.4310367505436341
2024-08-23,VCB,Vietcombank,61424.55434632498,61623.76819485617,60096.455559544134,61358.1484375,1793285,0.0
2024-08-26,VCB,Vietcombank,61158.93716161834,61490.962841766144,60826.91148147054,61092.53125,2340909,-0.43289635405240334
2024-08-27,VCB,Vietcombank,61092.52957730705,61158.93548710722,60362.07620333658,60760.50390625,1531800,-0.5434827088622196
2024-08-28,VCB,Vietcombank,60893.31438458116,61026.12232331239,60494.8828125,60494.8828125,1542300,-0.4371607815495393
2024-08-29,VCB,Vietcombank,60428.48211313676,61358.149338563926,60428.48211313676,60760.50390625,2422387,0.4390802682819883
2024-08-30,VCB,Vietcombank,60760.50458516566,61291.7441136153,60760.50458516566,60893.31640625,2496351,0.2185836052395418
2024-09-04,VCB,Vietcombank,60494.886409341816,60494.886409341816,59963.64686694354,60428.484375,3562643,-0.7633547631875959
2024-09-05,VCB,Vietcombank,60162.86160443205,60494.88339342034,59830.8359375,59830.8359375,1770325,-0.9890177516139298
2024-09-06,VCB,Vietcombank,59897.2421875,60295.6698877319,59631.62242803081,59897.2421875,2071173,0.11099000867942355
2024-09-09,VCB,Vietcombank,59830.83627814676,59897.2421875,59233.19084985512,59897.2421875,1050686,0.0
2024-09-10,VCB,Vietcombank,59830.8361803605,59897.24208960521,59100.3828125,59100.3828125,2212922,-1.3303774028619597
2024-09-11,VCB,Vietcombank,58834.76494776556,59100.38471535278,58436.333357412776,58701.953125,2941212,-0.6741575410163514
2024-09-12,VCB,Vietcombank,58768.35880097004,59830.83786706287,58701.952889853266,59432.41015625,3315087,1.2443487692727517
2024-09-13,VCB,Vietcombank,59631.62530913232,59897.245081434936,59166.791677088746,59698.02734375,2533746,0.4469231296554854
2024-09-16,VCB,Vietcombank,59498.81016864232,59764.429926144185,58967.57065363859,59033.9765625,2047701,-1.1123496215817985
2024-09-17,VCB,Vietcombank,59100.383886257405,60096.45703125,58834.76412239646,60096.45703125,1526139,1.799777908616984
2024-09-18,VCB,Vietcombank,60162.86460380087,61026.1259517401,59565.21914911681,60428.484375,2743704,0.5524907126843503
2024-09-19,VCB,Vietcombank,60428.48211313676,60893.31572585034,60362.07620333658,60760.50390625,2086302,0.5494420961968727
2024-09-20,VCB,Vietcombank,60959.722577330176,61092.53052103827,60162.86328125,60162.86328125,3430141,-0.9836005078597165
2024-09-23,VCB,Vietcombank,60627.69789471304,60826.91175251184,60362.078125,60362.078125,2297067,0.33112593531112733
2024-09-24,VCB,Vietcombank,60362.0752143074,60760.5029106926,60362.0752143074,60561.2890625,951422,0.33002663872416793
2024-09-25,VCB,Vietcombank,60760.50433163545,61756.58135178016,60561.290478784045,61623.76953125,3965405,1.7543887938935798
2024-09-26,VCB,Vietcombank,61690.17444633152,62287.81987318838,61424.5546875,61424.5546875,2886577,-0.3232759781904848
2024-09-27,VCB,Vietcombank,61424.5546875,62155.00805480074,61424.5546875,61424.5546875,1675745,0.0
2024-09-30,VCB,Vietcombank,61424.5569301478,61424.5569301478,61092.53125,61092.53125,2079429,-0.540538615524655
2024-10-01,VCB,Vietcombank,61291.74510691111,62022.202378825066,61092.53125,61092.53125,2652728,0.0
2024-10-02,VCB,Vietcombank,61291.74351959946,61557.36328125,60959.72172599416,61557.36328125,2231898,0.7608655620239935
2024-10-03,VCB,Vietcombank,61490.9609375,62354.22225002913,61358.14911837626,61490.9609375,2615116,-0.10787067575752651
2024-10-04,VCB,Vietcombank,61424.554004410675,61623.76785183296,61291.7421875,61291.7421875,1380931,-0.32398054439657376
2024-10-07,VCB,Vietcombank,61291.74510691111,61424.5569301478,60959.72330470723,61092.53125,987746,-0.32502084357560745
2024-10-08,VCB,Vietcombank,61092.52957730705,61092.52957730705,60428.48211313676,60760.50390625,1712042,-0.5434827088622196
2024-10-09,VCB,Vietcombank,60627.69823391337,60959.723917398274,60362.07846271423,60428.484375,3888083,-0.5464397263101772
2024-10-10,VCB,Vietcombank,61291.74476705663,61756.58226786366,60561.29137713686,61026.125,2100818,0.9890048231083082
2024-10-11,VCB,Vietcombank,61026.12366750688,61026.12366750688,60561.29005479329,60760.50390625,1709611,-0.43525800425637806
2024-10-14,VCB,Vietcombank,61225.341082283834,61225.341082283834,60627.69565304107,60694.1015625,1510996,-0.10928537369021551
2024-10-15,VCB,Vietcombank,60627.69565304107,61158.93517282491,60627.69565304107,60694.1015625,2138791,0.0
2024-10-16,VCB,Vietcombank,60694.10187439364,60959.721635650516,60627.69596459346,60760.50390625,1962935,0.10940493728475165
2024-10-17,VCB,Vietcombank,61092.531925295254,61291.74578440841,60893.3180661821,61225.34375,1921698,0.7650361894088631
2024-10-18,VCB,Vietcombank,61557.36228603119,61822.98204338736,61092.528680143834,61358.1484375,2037303,0.21691129745595727
2024-10-21,VCB,Vietcombank,61424.5569301478,61955.79646720672,61092.53125,61092.53125,2127534,-0.43289635405240334
2024-10-22,VCB,Vietcombank,61092.52926336598,61225.341082283834,60694.1015625,60694.1015625,1882952,-0.6521741354431065
2024-10-23,VCB,Vietcombank,60561.29005479329,60959.721635650516,60561.29005479329,60760.50390625,1120203,0.10940493728475165
2024-10-24,VCB,Vietcombank,61225.342081016985,61291.7441136153,60694.10255256735,60893.31640625,1129323,0.2185836052395418
2024-10-25,VCB,Vietcombank,61158.93651104199,61291.744454922016,60893.31674533805,60959.72265625,1571694,0.1090534297014889
2024-10-28,VCB,Vietcombank,60760.5055698522,61291.74510691111,60760.5055698522,61092.53125,1689052,0.21786285757712243
2024-10-29,VCB,Vietcombank,61158.93716161834,61490.962841766144,61092.53125,61092.53125,2089412,0.0
2024-10-30,VCB,Vietcombank,61092.530259932646,61358.15002415747,60826.91049570783,60893.31640625,972497,-0.3260870677215588
2024-10-31,VCB,Vietcombank,60760.50311458481,63084.678903758046,60760.50311458481,62155.0078125,4468405,2.071970259975031
2024-11-01,VCB,Vietcombank,62420.627227407116,63018.272648651175,62088.6015625,62088.6015625,2666040,-0.10683974202099211
2024-11-04,VCB,Vietcombank,62420.62781363226,63283.89299932065,61358.148778306175,61424.5546875,2920632,-1.0695149484588606
2024-11-05,VCB,Vietcombank,61490.9609375,61756.580697803685,61092.52935807258,61490.9609375,1698469,0.10811026687591596
2024-11-06,VCB,Vietcombank,61623.76987061921,62022.20145646007,61623.76987061921,61690.17578125,2267616,0.32397419183689546
2024-11-07,VCB,Vietcombank,61889.390625,62354.2242509619,61889.390625,61889.390625,2201088,0.32292798849593574
2024-11-08,VCB,Vietcombank,62088.60509880499,62354.22487027052,61225.34375,61225.34375,2212600,-1.0729575267974245
2024-11-11,VCB,Vietcombank,61623.770787058915,61623.770787058915,61026.12533838165,61092.53125,3009136,-0.21692405769465628
2024-11-12,VCB,Vietcombank,61092.530911250135,61889.39021242003,61026.125,61026.125,2102418,-0.10869782057033595
2024-11-13,VCB,Vietcombank,61026.12311028083,61690.17444633152,61026.12311028083,61424.5546875,2070874,0.6528838059109976
2024-11-14,VCB,Vietcombank,61092.53125,61424.5569301478,61026.12533838165,61092.53125,2675601,-0.540538615524655
2024-11-15,VCB,Vietcombank,61092.530259932646,61424.55593469964,60826.91049570783,60893.31640625,2380040,-0.3260870677215588
2024-11-18,VCB,Vietcombank,60893.3180051125,61291.74572293923,60362.07846271423,60428.484375,2907625,-0.7633547631875959
2024-11-19,VCB,Vietcombank,60760.50280466865,60826.908713264886,59764.4296875,59764.4296875,2446418,-1.0989100494049886
2024-11-20,VCB,Vietcombank,59764.430680096375,60561.289962654664,59698.024770397235,59963.64453125,2557496,0.33333346405490794
2024-11-21,VCB,Vietcombank,60030.0511207988,60627.6965589719,59897.243177840246,60096.45703125,2184344,0.2214883718930416
2024-11-22,VCB,Vietcombank,60428.48304661006,60627.69690114413,60162.86328125,60162.86328125,2830483,0.11049944253032074
2024-11-25,VCB,Vietcombank,60362.07555410005,61225.340738385836,60362.07555410005,60627.6953125,2711931,0.772622853864191
2024-11-26,VCB,Vietcombank,60694.10098308146,61690.17410368115,60694.10098308146,61358.1484375,2875632,1.204817569321981
2024-11-27,VCB,Vietcombank,61291.74351959946,61889.38895279912,61291.74351959946,61557.36328125,1565564,0.32467544869434484
2024-11-28,VCB,Vietcombank,61822.98272942176,62088.60248972545,61424.55502793813,61490.9609375,2076405,-0.10787067575752651
2024-11-29,VCB,Vietcombank,61490.96324649989,61955.796875,61424.55733444446,61955.796875,1607274,0.755941898472634
2024-12-02,VCB,Vietcombank,63018.275027903495,63151.08297211426,62354.22367301803,62553.44140625,2465404,0.96463052917517
2024-12-03,VCB,Vietcombank,62686.249273414345,62686.249273414345,61490.962265211056,61756.58203125,3753048,-1.273885748067538
2024-12-04,VCB,Vietcombank,61623.767958396274,62354.22131883694,61424.554110629506,62088.6015625,1800579,0.5376261449864472
2024-12-05,VCB,Vietcombank,61756.581436519526,62819.060490443364,61756.581436519526,62420.62890625,3732417,0.5347637656418769
2024-12-06,VCB,Vietcombank,62420.62958409535,63283.894794268905,62354.22367301803,62553.44140625,2541649,0.2127702048620339
2024-12-09,VCB,Vietcombank,62553.44114626699,63283.89453125,62354.223413863,63283.89453125,3059517,1.167726520841783
2024-12-10,VCB,Vietcombank,63283.89579109875,63283.89579109875,62752.65625,62752.65625,1461063,-0.8394525734943037
2024-12-11,VCB,Vietcombank,62752.65618583331,62951.87004405565,61889.39096294457,61955.796875,2629256,-1.2698416650689603
2024-12-12,VCB,Vietcombank,62088.6015625,62686.24698374406,62088.6015625,62088.6015625,1055022,0.2143539332855937
2024-12-13,VCB,Vietcombank,61889.390286329435,62155.01005370327,61690.17643028503,61822.984375,2149959,-0.4278034628185656
2024-12-16,VCB,Vietcombank,61756.58234161446,61889.390286329435,61690.17643028503,61822.984375,1797887,0.0
2024-12-17,VCB,Vietcombank,61756.58203125,61822.984064301825,61623.77020925859,61756.58203125,1759764,-0.10740721176969448
2024-12-18,VCB,Vietcombank,61756.58234161446,61955.79619765887,61756.58234161446,61822.984375,844525,0.10752269890259569
2024-12-19,VCB,Vietcombank,61623.76819485617,61623.76819485617,61225.34049779379,61358.1484375,2988056,-0.7518820746026167
2024-12-20,VCB,Vietcombank,61358.148778306175,61690.17444633152,61291.74286911235,61424.5546875,2790417,0.10822727166814872
2024-12-23,VCB,Vietcombank,61490.96025514996,61623.76819485617,61358.1484375,61358.1484375,2410239,-0.10811026687591596
2024-12-24,VCB,Vietcombank,61557.365216026665,61623.77112801242,61092.531588014244,61158.9375,1603088,-0.3246690823842546
2024-12-25,VCB,Vietcombank,61225.34049779379,62287.81952721847,61225.34049779379,61358.1484375,4091366,0.3257266159994998
2024-12-26,VCB,Vietcombank,61424.55726999909,61623.77112801242,61092.531588014244,61158.9375,3330710,-0.3246690823842546
2024-12-27,VCB,Vietcombank,61424.55760911315,61756.583292931056,61225.34375,61225.34375,2451650,0.10857979669773865
2024-12-30,VCB,Vietcombank,61225.34307323668,61424.5569301478,61092.53125,61092.53125,2618791,-0.21692405769465628
2024-12-31,VCB,Vietcombank,61225.34039373366,61358.14833321414,60561.2890625,60561.2890625,3779958,-0.8695697765837784
2025-01-02,VCB,Vietcombank,60826.9111441935,61424.556589556894,60760.50523294337,61026.125,2437598,0.7675463067179589
2025-01-03,VCB,Vietcombank,61026.12533838165,61358.15101852946,61026.12533838165,61092.53125,2543892,0.10881610130086816
2025-01-06,VCB,Vietcombank,61092.53034146064,62022.20145646007,61026.12443082985,61690.17578125,2895516,0.9782612031646654
2025-01-07,VCB,Vietcombank,61889.38760771058,61889.38760771058,61291.7421875,61291.7421875,2267915,-0.6458623090373816
2025-01-08,VCB,Vietcombank,61291.74252867502,61358.1484375,60760.50301396268,61358.1484375,1572740,0.1083445299969732
2025-01-09,VCB,Vietcombank,61092.530911250135,61225.342733750396,60893.31705544363,61026.125,1446711,-0.5411236257205521
2025-01-10,VCB,Vietcombank,61026.12335390705,61358.1490232579,60694.1015625,60694.1015625,1663187,-0.5440677046101183
2025-01-13,VCB,Vietcombank,60627.697288387,61026.125,60494.885465886735,61026.125,1699815,0.5470439943131788
2025-01-14,VCB,Vietcombank,61026.124349390484,61026.124349390484,60561.290731483015,60893.31640625,1012563,-0.21762580165461953
2025-01-15,VCB,Vietcombank,61026.12335390705,61026.12335390705,60694.1015625,60694.1015625,793994,-0.3271538741968616
2025-01-16,VCB,Vietcombank,61026.12375794893,61889.38895279912,60959.72172599416,61557.36328125,3763214,1.422315672406893
2025-01-17,VCB,Vietcombank,61557.362627943876,61756.580355525344,61225.340837862306,61424.5546875,2861259,-0.21574769722220166
2025-01-20,VCB,Vietcombank,61291.7441136153,61424.55593469964,60826.91049570783,60893.31640625,2803872,-0.8648630567249516
2025-01-21,VCB,Vietcombank,61158.93517282491,61158.93517282491,60627.69565304107,60694.1015625,2542990,-0.3271538741968616
2025-01-22,VCB,Vietcombank,61092.52857630943,61092.52857630943,60561.2890625,60561.2890625,1708934,-0.2188227464957837
2025-01-23,VCB,Vietcombank,60627.695411005436,61690.17444633152,60627.695411005436,61424.5546875,2647495,1.4254412981683728
2025-01-24,VCB,Vietcombank,61158.93526763444,61756.580697803685,61158.93526763444,61490.9609375,1728967,0.10811026687591596
2025-02-03,VCB,Vietcombank,61291.743771563364,61358.14968173493,60826.91015625,60826.91015625,2424292,-1.0799160903095184
2025-02-04,VCB,Vietcombank,61158.93716161834,61225.34307323668,60893.31739308888,61092.53125,1523704,0.43668352225632034
2025-02-05,VCB,Vietcombank,61092.52935807258,61623.76887867995,61092.52935807258,61490.9609375,2236221,0.6521741354431176
2025-02-06,VCB,Vietcombank,61623.76987061921,62022.20145646007,61557.363959988426,61690.17578125,2319343,0.32397419183689546
2025-02-07,VCB,Vietcombank,61690.17612025429,61889.38997529753,61424.556354215354,61756.58203125,3604295,0.1076447735138153
2025-02-10,VCB,Vietcombank,61690.17738057868,61690.17738057868,61026.126012942885,61225.34375,3734360,-0.860213217404393
2025-02-11,VCB,Vietcombank,61225.342733750396,61291.74476705663,60893.31705544363,61026.125,1553903,-0.32538608654197887
2025-02-12,VCB,Vietcombank,61026.12366750688,61424.5552483641,60760.50390625,60760.50390625,1874580,-0.43525800425637806
2025-02-13,VCB,Vietcombank,61026.124008820894,61026.124008820894,60694.10221385068,60826.91015625,1289138,0.109291802619782
2025-02-14,VCB,Vietcombank,61225.341739335614,61225.341739335614,60760.504246078424,60826.91015625,1715662,0.0
2025-02-17,VCB,Vietcombank,60760.504246078424,61092.52991899247,60760.504246078424,60826.91015625,1176714,0.0
2025-02-18,VCB,Vietcombank,60826.91015625,61092.52991899247,60694.10221385068,60826.91015625,1891623,0.0
2025-02-19,VCB,Vietcombank,60826.91049570783,60893.31640625,60627.696642025185,60893.31640625,2773972,0.10917248604180863
2025-02-20,VCB,Vietcombank,61225.342081016985,61291.7441136153,60893.31640625,60893.31640625,2745418,0.0
2025-02-21,VCB,Vietcombank,61158.93689553734,61822.984375,61158.93689553734,61822.984375,3757533,1.526715941282819
2025-02-24,VCB,Vietcombank,61955.79362330339,62088.6015625,61557.36204982611,62088.6015625,3128736,0.42964148396467117
2025-02-25,VCB,Vietcombank,62088.60248972545,62155.00839928732,61424.55502793813,61490.9609375,2974452,-0.962560937047996
2025-02-26,VCB,Vietcombank,61490.95991286602,61690.1737602883,61225.34015698839,61291.7421875,1354470,-0.32398054439657376
2025-02-27,VCB,Vietcombank,63018.27434356812,63350.30001740528,62420.62890625,62420.62890625,7612241,1.8418251439102251
2025-02-28,VCB,Vietcombank,62553.44232761097,62553.44232761097,61955.796875,61955.796875,3300362,-0.7446769431755262
2025-03-03,VCB,Vietcombank,62088.60482116691,62088.60482116691,61756.58301677766,61955.796875,1964430,0.0
2025-03-04,VCB,Vietcombank,61889.38997529753,62022.20179728894,61557.36429826288,61756.58203125,3940371,-0.32154350972505297
2025-03-05,VCB,Vietcombank,61756.58203125,62287.821563327874,61756.58203125,61756.58203125,2815384,0.0
2025-03-06,VCB,Vietcombank,62088.6015625,62553.43904454746,61889.387714733224,62088.6015625,3675607,0.5376261449864472
2025-03-07,VCB,Vietcombank,62155.00889170581,63283.893851425935,62088.60298161784,63151.08203125,6103337,1.7112327255115911
2025-03-10,VCB,Vietcombank,64014.348980323244,64678.39646554317,63815.135122551656,64279.96875,6772051,1.7875967955566896
2025-03-11,VCB,Vietcombank,63748.72921064648,64279.96875,63483.109440969725,64279.96875,5536284,0.0
2025-03-12,VCB,Vietcombank,65521.736553598195,68102.8958723763,65124.63511994003,66216.6640625,7661300,3.0129064312900633
2025-03-13,VCB,Vietcombank,66713.04446564885,66713.04446564885,64727.537189885494,65025.36328125,4559300,-1.799095134308737
2025-03-14,VCB,Vietcombank,64926.08611505682,66315.94116950758,64926.08611505682,65521.73828125,5021600,0.7633559813469359
2025-03-17,VCB,Vietcombank,65521.74057392274,66812.3203125,65521.74057392274,66812.3203125,5003800,1.9697005377211196
2025-03-18,VCB,Vietcombank,67308.69898484282,67308.69898484282,66315.9453125,66315.9453125,3757000,-0.7429393226852654
2025-03-19,VCB,Vietcombank,66713.0447368421,66713.0447368421,66018.1171875,66018.1171875,3937000,-0.4491048474036585
2025-03-20,VCB,Vietcombank,66018.11921079716,66514.49604696856,65720.29310909432,66315.9453125,1789901,0.45113089813533236
2025-03-21,VCB,Vietcombank,66514.49189157198,66514.49189157198,65521.73828125,65521.73828125,1764500,-1.1976109629553866
2025-03-24,VCB,Vietcombank,65819.56645911654,66018.1171875,65025.3635455827,66018.1171875,2078600,0.7575789642809916
2025-03-25,VCB,Vietcombank,66018.11514586481,66117.39050698641,65720.2890625,65720.2890625,2091100,-0.45113089813532126
2025-03-26,VCB,Vietcombank,65918.83966565349,66117.39038753799,65323.1875,65323.1875,1608400,-0.604229786820254
2025-03-27,VCB,Vietcombank,65323.1893726145,65422.46473640267,65025.36328125,65025.36328125,964500,-0.45592419804988404
2025-03-28,VCB,Vietcombank,65025.36111713927,65223.91183810764,64330.43359375,64330.43359375,1751600,-1.0687055826113068
2025-03-31,VCB,Vietcombank,64231.15798950195,64727.53479003906,63536.23046875,63536.23046875,1834900,-1.2345682760595555
2025-04-01,VCB,Vietcombank,64231.160101744186,64826.812281976745,63536.23255813954,64032.609375,1816200,0.7812533141923428
2025-04-02,VCB,Vietcombank,64528.984314718364,65521.73791956018,64131.882872781636,64330.43359375,2393700,0.4651133565490406
2025-04-03,VCB,Vietcombank,63536.23134328358,63933.332789179105,59863.04296875,59863.04296875,10107100,-6.944443516752585
2025-04-04,VCB,Vietcombank,56289.13171875,59565.21875,55792.754895833335,59565.21875,12023700,-0.4975093212442827
2025-04-08,VCB,Vietcombank,59366.66684867832,59366.66684867832,55395.65234375,55395.65234375,7255601,-7.000001836222591
2025-04-09,VCB,Vietcombank,51623.18958333333,59267.39265625,51623.18958333333,52119.56640625,8995800,-5.913976636958262
2025-04-10,VCB,Vietcombank,55693.4765625,55693.4765625,55693.4765625,55693.4765625,196200,6.857137161105453
2025-04-11,VCB,Vietcombank,59366.66796875,59465.943333246236,57579.711407817726,59366.66796875,8059500,6.595371007460615
2025-04-14,VCB,Vietcombank,59565.216589376054,59565.216589376054,58274.636896606244,58870.2890625,3783500,-0.8361239113357177
2025-04-15,VCB,Vietcombank,58671.74046875,60458.697031250005,57877.53755208333,59565.21875,5783200,1.180442118709868
2025-04-16,VCB,Vietcombank,59267.390506429176,59863.04267232294,58572.46297955312,58870.2890625,2789800,-1.1666702516726635
2025-04-17,VCB,Vietcombank,58870.28869944062,58870.28869944062,57678.984375,57678.984375,3151800,-2.0236093732022398
2025-04-18,VCB,Vietcombank,58274.63653722031,59168.11478055077,57678.984375,57678.984375,2329401,0.0
2025-04-21,VCB,Vietcombank,58076.087810083765,58473.18926519545,57678.98635497208,57778.26171875,1290500,0.1721204782396013
2025-04-22,VCB,Vietcombank,57678.98449519231,58373.91201923077,54303.62223557692,58076.0859375,4014700,0.5154606765425562
2025-04-23,VCB,Vietcombank,58969.56602909483,58969.56602909483,57579.7109375,57579.7109375,1928700,-0.8546977503514741
2025-04-24,VCB,Vietcombank,57778.26171875,58175.36317386169,57579.71099119416,57778.26171875,2025200,0.344827679780324
2025-04-25,VCB,Vietcombank,57778.259551630435,58572.462432065215,57083.33203125,57083.33203125,3682000,-1.2027528465337722
2025-04-28,VCB,Vietcombank,57281.882751358695,57877.53491168479,57083.33203125,57083.33203125,1818600,0.0
2025-04-29,VCB,Vietcombank,57281.882689790575,58076.08556937173,56884.78125,56884.78125,2462700,-0.3478261940653815
2025-05-05,VCB,Vietcombank,57083.33190811077,57579.708707311736,56586.95510890981,56686.23046875,2231718,-0.3490402474739196
2025-05-06,VCB,Vietcombank,56884.78312088816,57579.7106633772,56586.95703125,56586.95703125,3508281,-0.17512795731712272
2025-05-07,VCB,Vietcombank,56686.23239446272,57083.3338473136,56586.95703125,56586.95703125,2545087,0.0
2025-05-08,VCB,Vietcombank,56984.05654827058,57281.88262779116,56487.67974906961,56686.23046875,3064860,0.1754351933877185
2025-05-09,VCB,Vietcombank,56884.78300988295,57182.60909893993,56189.85546875,56189.85546875,6055894,-0.8756535685921829
2025-05-12,VCB,Vietcombank,56586.95692082597,56884.78300988295,55792.75401667403,56189.85546875,6045543,0.0
2025-05-13,VCB,Vietcombank,56686.23233934859,56884.78306558098,56189.855523767605,56388.40625,7613543,0.35335698871912236
2025-05-14,VCB,Vietcombank,56785.50630856048,58373.912079429305,56785.50630856048,58274.63671875,8071608,3.3450678857411376
2025-05-15,VCB,Vietcombank,58870.288882825815,59366.66568622232,58274.63671875,58274.63671875,8290607,0.0
2025-05-16,VCB,Vietcombank,58373.91171195652,58572.462432065215,57083.33203125,57083.33203125,11589970,-2.0442936319784777
2025-05-19,VCB,Vietcombank,56984.05848410088,57182.609210526316,56586.95703125,56586.95703125,5002918,-0.8695620636305246
2025-05-20,VCB,Vietcombank,56586.95510890981,56984.05654827058,56388.40438922942,56686.23046875,3906882,0.1754351933877185
2025-05-21,VCB,Vietcombank,57083.33190811077,57480.43334747154,56586.95510890981,56686.23046875,5375505,0.0
2025-05-22,VCB,Vietcombank,56686.23040696397,56984.05648615993,56487.6796875,56487.6796875,4096103,-0.35026280563752454
2025-05-23,VCB,Vietcombank,56487.6816131162,57083.33379181338,56289.1308868838,56388.40625,3761892,-0.17574352150627748
2025-05-26,VCB,Vietcombank,56487.68166803729,56586.95703125,55594.20339912281,56586.95703125,5058429,0.352112773625346
2025-05-27,VCB,Vietcombank,56388.40625,56785.50770246478,56289.1308868838,56388.40625,5805811,-0.35087728986796796
2025-05-28,VCB,Vietcombank,56686.23233934859,57182.609154929574,56388.40625,56388.40625,7459437,0.0
2025-05-29,VCB,Vietcombank,56785.505704365074,56785.505704365074,56289.12890625,56289.12890625,4318542,-0.1760598505122668
2025-05-30,VCB,Vietcombank,56388.40613918439,56487.68150210549,55991.3046875,55991.3046875,3978554,-0.5290972245209691
2025-06-02,VCB,Vietcombank,56090.579994717526,56090.579994717526,55693.47854342749,55792.75390625,3439645,-0.3546100280358844
2025-06-03,VCB,Vietcombank,56289.1308868838,56487.6816131162,55991.30479753521,56388.40625,3408416,1.0676159573533406
2025-06-04,VCB,Vietcombank,56487.68155780698,56586.95692082597,56090.58010573101,56189.85546875,2902760,-0.352112773625346
2025-06-05,VCB,Vietcombank,56289.12878136101,56388.40414076376,55892.02734375,55892.02734375,2916587,-0.5300389590174981
2025-06-06,VCB,Vietcombank,55892.02728108289,56189.85335895722,55693.4765625,55693.4765625,2723554,-0.3552398985795624
2025-06-09,VCB,Vietcombank,55792.75185878802,55991.30257714669,55494.92578125,55494.92578125,2287030,-0.3565063513806366
2025-06-10,VCB,Vietcombank,55594.20114042934,55792.75185878802,55494.92578125,55494.92578125,2422688,0.0
2025-06-11,VCB,Vietcombank,55792.75179533214,55792.75179533214,55296.375,55296.375,2358663,-0.35778186645865073
2025-06-12,VCB,Vietcombank,55594.203125,55693.478487723216,55296.37703683036,55594.203125,2647774,0.5386033442517757
2025-06-13,VCB,Vietcombank,55494.927817782474,56686.23217165258,55197.10172931495,55792.75390625,5432163,0.3571429575194518
2025-06-16,VCB,Vietcombank,55792.75401667403,56289.13083176899,55792.75401667403,56189.85546875,4620463,0.7117439715688789
2025-06-17,VCB,Vietcombank,56487.6817225743,57083.3339024257,56388.40635926573,56785.5078125,5226205,1.0600709661573449
2025-06-18,VCB,Vietcombank,56785.505704365074,56884.78106398809,56090.578187003965,56289.12890625,3615309,-0.8741295541267236
2025-06-19,VCB,Vietcombank,56289.13083176899,56586.95692082597,56090.58010573101,56189.85546875,2430564,-0.17636342830129603
2025-06-20,VCB,Vietcombank,56289.12902938923,56785.50582859019,56090.57830970884,56686.23046875,8079498,0.8833889958589802
2025-06-23,VCB,Vietcombank,56289.13083176899,56487.68155780698,56090.58010573101,56189.85546875,2776926,-0.8756535685921829
2025-06-24,VCB,Vietcombank,56487.68155780698,56686.23228384497,56189.85546875,56189.85546875,4670030,0.0
2025-06-25,VCB,Vietcombank,56388.40619478799,56487.68155780698,56189.85546875,56189.85546875,2833088,0.0
2025-06-26,VCB,Vietcombank,56289.13077626329,56388.40613918439,55991.3046875,55991.3046875,3004219,-0.35335698871912236
2025-06-27,VCB,Vietcombank,56189.85354662698,56884.78106398809,55991.30282738095,56289.12890625,4176599,0.5319115537889774
2025-06-30,VCB,Vietcombank,56586.95703125,56785.50775767544,56487.68166803729,56586.95703125,3991227,0.5291041641380501
2025-07-01,VCB,Vietcombank,56785.508080970794,58373.91390141753,56686.23271719287,57778.26171875,10151510,2.1052637392077855
2025-07-02,VCB,Vietcombank,57877.537028556035,58175.36311961207,57281.884846443965,57579.7109375,3038603,-0.3436427046152657
2025-07-03,VCB,Vietcombank,57678.984314281086,58373.911836139894,57281.882873218914,57480.43359375,7534255,-0.1724172319269912
2025-07-04,VCB,Vietcombank,57480.435680650684,58373.91395547945,57381.16031678082,57976.8125,4973776,0.8635615203570257
2025-07-07,VCB,Vietcombank,58076.08791728882,58473.18937313354,57778.261825405294,58175.36328125,8193549,0.34246584572064087
2025-07-08,VCB,Vietcombank,58373.914115466105,59068.841664459746,58175.3633871822,58572.46484375,10886490,0.6825940399894037
2025-07-09,VCB,Vietcombank,58969.565053353654,61352.17374237805,58969.565053353654,61054.34765625,16602680,4.23728593140269
2025-07-10,VCB,Vietcombank,61352.175679458465,61352.175679458465,60557.97275804153,60955.07421875,8283436,-0.16259847383667259
2025-07-11,VCB,Vietcombank,61054.34799267345,62642.75379410885,61054.34799267345,62245.65234375,12846700,2.1172611821757226
2025-07-14,VCB,Vietcombank,62444.20495292468,62444.20495292468,60557.97300681089,61947.828125,8165467,-0.47846589687143837
2025-07-15,VCB,Vietcombank,61947.82787052117,62146.3786008754,60955.07421875,60955.07421875,6454627,-1.6025645067762384
2025-07-16,VCB,Vietcombank,60955.07431988269,61650.001877275485,60657.248223857205,61352.17578125,62729140,0.6514659650399546
2025-07-17,VCB,Vietcombank,61352.17588173231,62245.65417127211,61352.17588173231,61749.27734375,14285620,0.6472493557781123
2025-07-18,VCB,Vietcombank,61848.55066765953,62146.37675434168,61352.17385652262,61451.44921875,7041692,-0.48231839757739703
2025-07-21,VCB,Vietcombank,61749.27513254486,62245.65194229201,60855.796875,60855.796875,7125587,-0.9693056084481344
2025-07-22,VCB,Vietcombank,60855.799054210205,61749.27734375,60458.697592192526,61749.27734375,5029448,1.4681928667949817
2025-07-23,VCB,Vietcombank,62047.10144927536,62146.3768115942,61352.17391304348,61650.0,5224822,-0.16077490785412207
2025-07-24,VCB,Vietcombank,61749.27536231884,63039.85507246377,61451.44927536232,61650.0,8940746,0.0
2025-07-25,VCB,Vietcombank,61650.00192792339,62047.10338961693,61451.45119707661,61550.7265625,5111588,-0.16102747364152847
2025-07-28,VCB,Vietcombank,61749.273624104295,62543.476500298566,61649.99826458001,62344.92578125,10813560,1.290316561809468
2025-07-29,VCB,Vietcombank,62742.03068647541,62742.03068647541,60557.97265625,60557.97265625,10780710,-2.8662366705991316
2025-07-30,VCB,Vietcombank,60557.97067426109,61451.44893011084,59962.31850369458,60458.6953125,7399600,-0.1639376937427106
2025-07-31,VCB,Vietcombank,61054.34927195805,61252.900001297756,59664.494166580145,59763.76953125,6205831,-1.1494223910358259
2025-08-01,VCB,Vietcombank,59863.04489591985,60160.870989929404,59267.39270790075,59763.76953125,4931693,0.0
2025-08-04,VCB,Vietcombank,59664.492475194354,60955.072179316696,59565.21711333879,60657.24609375,4593017,1.4950137340865144
2025-08-05,VCB,Vietcombank,61054.34765625,63238.40562118902,60756.52157012195,61054.34765625,18885850,0.6546646741697693
2025-08-06,VCB,Vietcombank,61650.00005643058,62344.927593298555,61451.449331611155,61848.55078125,4813719,1.3008133826464707
2025-08-07,VCB,Vietcombank,62444.20278312399,62444.20278312399,60855.796988958675,61252.8984375,9626430,-0.9630821356780728
2025-08-08,VCB,Vietcombank,61749.27530543215,62841.30428993336,61153.623132067856,61451.44921875,10795670,0.3241492016130332
2025-08-11,VCB,Vietcombank,61650.0001125,62742.0291,61650.0001125,62047.1015625,7393190,0.9693056084481233
2025-08-12,VCB,Vietcombank,62344.925843253965,64330.43303571428,62245.65048363095,62543.4765625,12473370,0.7999970788321153
2025-08-13,VCB,Vietcombank,63039.8551875,63139.13055,61550.72475,62047.1015625,7586427,-0.7936479186665735
2025-08-14,VCB,Vietcombank,63238.40474621357,65819.56412361005,62841.30330353719,64727.53515625,19173770,4.319998076058407
2025-08-15,VCB,Vietcombank,66911.59485565708,67010.8702189444,63734.78323046267,63834.05859375,16749930,-1.380365497223368
2025-08-18,VCB,Vietcombank,64330.43546511628,65124.638372093024,63536.23255813954,64032.609375,8583087,0.3110420763210664
2025-08-19,VCB,Vietcombank,64032.607330607476,64926.08557242991,63734.78125,63734.78125,9416712,-0.46511945695637547
2025-08-20,VCB,Vietcombank,64032.60695684524,64131.882316468254,61749.27368551587,62543.4765625,10760680,-1.869159451300384
2025-08-21,VCB,Vietcombank,62841.30300817757,64528.98413161994,62841.30300817757,63734.78125,9918977,1.9047624995862211
2025-08-22,VCB,Vietcombank,63536.2306501548,66713.04218266254,63238.4045689822,64131.8828125,19176940,0.6230531504334502
2025-08-25,VCB,Vietcombank,65323.18682439073,65323.18682439073,62940.57818641903,63139.12890625,7867628,-1.547988087535923
2025-08-26,VCB,Vietcombank,63139.12920859133,64528.98425406347,62444.20168585527,64131.8828125,8209194,1.5723275304036166
2025-08-27,VCB,Vietcombank,64528.98369663531,68599.2734375,64528.98369663531,68599.2734375,33254600,6.965943348429593
2025-08-28,VCB,Vietcombank,68996.37681159421,70088.40579710144,68202.17391304347,68500.0,9359793,-0.14471499846197
2025-08-29,VCB,Vietcombank,68698.55061042274,69592.02886980686,68003.62307534622,68102.8984375,14707680,-0.5797103102189727
2025-09-03,VCB,Vietcombank,68301.44869402985,68301.44869402985,66514.4921875,66514.4921875,14579980,-2.332362184933623
2025-09-04,VCB,Vietcombank,67010.87145092526,68500.00192761248,66415.21926025036,68400.7265625,9042641,2.835824664620201
2025-09-05,VCB,Vietcombank,68996.37436342593,69095.64972222222,67010.8671875,67010.8671875,11260080,-2.0319365668287737
2025-09-08,VCB,Vietcombank,66613.7690467075,67010.87050153139,64826.8125,64826.8125,11211920,-3.2592544749329933
2025-09-09,VCB,Vietcombank,65025.36311874037,65720.2906635208,64032.60948333975,64429.7109375,6448308,-0.6125575933569105
2025-09-10,VCB,Vietcombank,65124.6367781155,65521.738221884494,64330.43389057751,65323.1875,5013842,1.3867461913133816
2025-09-11,VCB,Vietcombank,65124.63869863014,65521.74015410959,63734.78360445205,65223.9140625,6639770,-0.1519727393890613
2025-09-12,VCB,Vietcombank,65720.28894376899,65720.28894376899,64528.984612462,65323.1875,5700154,0.1522040480503417
2025-09-15,VCB,Vietcombank,65521.738221884494,65521.738221884494,65025.36141717325,65323.1875,12025590,0.0
2025-09-16,VCB,Vietcombank,65521.73816215701,66117.39032726752,65124.63671875,65124.63671875,6829896,-0.30395145866083384
2025-09-17,VCB,Vietcombank,65025.36111713927,65323.18719859182,64330.43359375,64330.43359375,6275957,-1.2195125608606139
2025-09-18,VCB,Vietcombank,64429.71066241197,64429.71066241197,63139.13094190141,63436.95703125,8815058,-1.3888862744845576
2025-09-19,VCB,Vietcombank,63734.78087797619,64032.60695684524,62543.4765625,62543.4765625,7148361,-1.4084541733454525
2025-09-22,VCB,Vietcombank,62543.48021673387,62742.03094758064,61352.17583165323,61550.7265625,6114086,-1.587295837333158
2025-09-23,VCB,Vietcombank,61947.82807475884,62642.75563328979,61749.27734375,61749.27734375,3813363,0.32258072705020346
2025-09-24,VCB,Vietcombank,61947.826255980865,62245.65234375,61352.174080442586,62245.65234375,3924578,0.803855561315725
2025-09-25,VCB,Vietcombank,62841.302641369046,62940.57800099206,62245.65048363095,62543.4765625,4081042,0.47846589687143837
2025-09-26,VCB,Vietcombank,62742.02728174603,62940.57800099206,62444.20120287698,62543.4765625,4027553,0.0
2025-09-29,VCB,Vietcombank,62444.20107827476,62444.20107827476,61947.82428115016,62146.375,3225923,-0.634920833195407
2025-09-30,VCB,Vietcombank,62344.9294858871,62444.20485131048,61352.17583165323,61550.7265625,4301201,-0.9584604693354981
2025-10-01,VCB,Vietcombank,62245.654221754805,62245.654221754805,61550.72666266025,61947.828125,3230888,0.6451614541004291
2025-10-02,VCB,Vietcombank,61947.82608695652,62642.7536231884,61650.0,61650.0,3764921,-0.48077250488754997
2025-10-03,VCB,Vietcombank,62000.0,62000.0,61400.0,61700.0,3072042,0.08110300081103361
2025-10-06,VCB,Vietcombank,62800.0,64000.0,62800.0,64000.0,7469299,3.7277147487844386
2025-10-07,VCB,Vietcombank,64100.0,64100.0,63300.0,63700.0,4481587,-0.46874999999999556
2025-10-08,VCB,Vietcombank,64200.0,64900.0,63600.0,64600.0,8316928,1.4128728414442682
2025-10-09,VCB,Vietcombank,64500.0,65200.0,63800.0,63800.0,5985726,-1.2383900928792602
2025-10-10,VCB,Vietcombank,63900.0,64400.0,63600.0,64200.0,5392243,0.6269592476489061
2025-10-13,VCB,Vietcombank,63400.0,63800.0,62800.0,63100.0,8530994,-1.7133956386292781
2025-10-14,VCB,Vietcombank,63500.0,64000.0,62900.0,63100.0,7019006,0.0
2025-10-15,VCB,Vietcombank,63100.0,63400.0,62500.0,62500.0,5569622,-0.9508716323296307
2025-10-16,VCB,Vietcombank,62700.0,63000.0,62500.0,62900.0,4639896,0.6399999999999961
2025-10-17,VCB,Vietcombank,62900.0,62900.0,61800.0,61900.0,5965555,-1.5898251192368873
2025-10-20,VCB,Vietcombank,61800.0,62200.0,58600.0,59400.0,12127300,-4.038772213247177
2025-10-21,VCB,Vietcombank,59700.0,60700.0,59300.0,59300.0,8907885,-0.16835016835017313
2025-10-22,VCB,Vietcombank,60100.0,60200.0,58500.0,59600.0,4682742,0.5059021922428242
2025-10-23,VCB,Vietcombank,58900.0,60300.0,58900.0,59800.0,4478162,0.3355704697986628
2025-10-24,VCB,Vietcombank,59800.0,59900.0,58800.0,59500.0,4379400,-0.5016722408026753
2025-10-27,VCB,Vietcombank,60000.0,60000.0,59200.0,59200.0,2892739,-0.5042016806722671
2025-10-28,VCB,Vietcombank,59200.0,60200.0,59100.0,60000.0,2795128,1.3513513513513598
2025-10-29,VCB,Vietcombank,60000.0,61000.0,59800.0,60700.0,4465810,1.1666666666666714
2025-10-30,VCB,Vietcombank,61000.0,61200.0,60300.0,60600.0,1951674,-0.16474464579900872
2025-10-31,VCB,Vietcombank,60800.0,60800.0,59600.0,59600.0,2394883,-1.650165016501648
2025-11-03,VCB,Vietcombank,60000.0,60300.0,59300.0,59300.0,2857126,-0.5033557046979831
2025-11-04,VCB,Vietcombank,59200.0,60400.0,59100.0,60100.0,5171668,1.3490725126475533
2025-11-05,VCB,Vietcombank,60000.0,61100.0,59900.0,60800.0,4607430,1.1647254575707144
2025-11-06,VCB,Vietcombank,60900.0,61300.0,60200.0,60300.0,3175128,-0.8223684210526327
2025-11-07,VCB,Vietcombank,60000.0,60000.0,59000.0,59300.0,3662831,-1.6583747927031545
2025-11-10,VCB,Vietcombank,59400.0,59700.0,58800.0,58800.0,2920470,-0.8431703204047181
2025-11-11,VCB,Vietcombank,59100.0,59600.0,58800.0,58900.0,2586585,0.1700680272108901
2025-11-12,VCB,Vietcombank,59100.0,59700.0,59000.0,59500.0,2222657,1.018675721561979
2025-11-13,VCB,Vietcombank,59500.0,60000.0,59200.0,59800.0,2658685,0.5042016806722671
2025-11-14,VCB,Vietcombank,59800.0,60400.0,59400.0,60000.0,2548263,0.33444816053511683
2025-11-17,VCB,Vietcombank,60000.0,60400.0,59900.0,60200.0,1860428,0.33333333333334103
2025-11-18,VCB,Vietcombank,60400.0,60400.0,59800.0,59900.0,4739359,-0.4983388704318914
2025-11-19,VCB,Vietcombank,59900.0,60100.0,59300.0,59400.0,3203759,-0.8347245409014992
2025-11-20,VCB,Vietcombank,59600.0,59700.0,59200.0,59400.0,2737705,0.0
2025-11-21,VCB,Vietcombank,59100.0,59200.0,58700.0,59000.0,4127425,-0.6734006734006703
2025-11-24,VCB,Vietcombank,59000.0,59300.0,58700.0,58800.0,2805872,-0.3389830508474523
2025-11-25,VCB,Vietcombank,58900.0,59000.0,58200.0,58200.0,3002789,-1.0204081632653073
2025-11-26,VCB,Vietcombank,58500.0,58600.0,57800.0,58100.0,7193122,-0.1718213058419238
2025-11-27,VCB,Vietcombank,58200.0,58500.0,57900.0,57900.0,3192377,-0.344234079173833
2025-11-28,VCB,Vietcombank,58000.0,58100.0,57400.0,57400.0,3716235,-0.8635578583765069
2025-12-01,VCB,Vietcombank,57600.0,58000.0,57500.0,57500.0,2900104,0.17421602787457413
2025-12-02,VCB,Vietcombank,57500.0,57800.0,57200.0,57600.0,3368639,0.17391304347826875
2025-12-03,VCB,Vietcombank,57800.0,59100.0,57800.0,58900.0,6238383,2.256944444444442
2025-12-04,VCB,Vietcombank,59000.0,59400.0,58700.0,58900.0,3107612,0.0
2025-12-05,VCB,Vietcombank,59000.0,59200.0,58200.0,58300.0,3684024,-1.018675721561968
2025-12-08,VCB,Vietcombank,58200.0,58300.0,57800.0,57900.0,2322740,-0.6861063464837058
2025-12-09,VCB,Vietcombank,57900.0,58700.0,57300.0,58000.0,7236097,0.17271157167531026
2025-12-10,VCB,Vietcombank,58300.0,58600.0,57800.0,58200.0,6930029,0.34482758620688614
2025-12-11,VCB,Vietcombank,58400.0,58400.0,57600.0,57600.0,1870105,-1.0309278350515427
2025-12-12,VCB,Vietcombank,57800.0,57800.0,56800.0,56800.0,4908342,-1.388888888888884
2025-12-15,VCB,Vietcombank,56800.0,57300.0,56700.0,56800.0,3749468,0.0
2025-12-16,VCB,Vietcombank,56900.0,57400.0,56000.0,56900.0,6378752,0.17605633802817433
2025-12-17,VCB,Vietcombank,57000.0,57500.0,56700.0,56700.0,2415069,-0.35149384885764245
2025-12-18,VCB,Vietcombank,57200.0,57500.0,56700.0,56800.0,3580288,0.17636684303350414
2025-12-19,VCB,Vietcombank,57000.0,57500.0,56700.0,57500.0,4339233,1.232394366197176
2025-12-22,VCB,Vietcombank,57700.0,58000.0,57300.0,57800.0,2951460,0.521739130434784
2025-12-23,VCB,Vietcombank,57800.0,58100.0,57000.0,57200.0,3489396,-1.038062283737029
2025-12-24,VCB,Vietcombank,57300.0,57300.0,56900.0,57000.0,4437435,-0.34965034965035446
2025-12-25,VCB,Vietcombank,57000.0,57900.0,57000.0,57100.0,4241925,0.17543859649122862
2025-12-26,VCB,Vietcombank,57100.0,57400.0,56600.0,57100.0,3312105,0.0
2025-12-29,VCB,Vietcombank,57400.0,57500.0,57100.0,57100.0,3104824,0.0
2025-12-30,VCB,Vietcombank,57300.0,58100.0,57200.0,57300.0,2962722,0.3502626970227629
2025-12-31,VCB,Vietcombank,57400.0,57900.0,57300.0,57500.0,3535714,0.3490401396160525
2026-01-05,VCB,Vietcombank,57500.0,57600.0,57000.0,57100.0,3604135,-0.6956521739130417
2026-01-06,VCB,Vietcombank,57100.0,57500.0,56600.0,57300.0,4232923,0.3502626970227629
2026-01-07,VCB,Vietcombank,57600.0,59900.0,57500.0,59600.0,13102300,4.013961605584648
2026-01-08,VCB,Vietcombank,59800.0,63700.0,59700.0,63700.0,27415360,6.879194630872476
2026-01-09,VCB,Vietcombank,65400.0,68000.0,65400.0,68000.0,32526260,6.75039246467819
2026-01-12,VCB,Vietcombank,69900.0,72700.0,69600.0,72700.0,22152250,6.911764705882351
2026-01-13,VCB,Vietcombank,74300.0,76000.0,71800.0,74000.0,28508890,1.7881705639614776
2026-01-14,VCB,Vietcombank,73100.0,78800.0,73100.0,76000.0,21667290,2.7027027027026973
2026-01-15,VCB,Vietcombank,74000.0,74900.0,71900.0,71900.0,22804880,-5.394736842105264
2026-01-16,VCB,Vietcombank,73000.0,76000.0,72000.0,73000.0,13473930,1.5299026425591
2026-01-19,VCB,Vietcombank,73000.0,73500.0,71600.0,72700.0,8576421,-0.4109589041095929
2026-01-20,VCB,Vietcombank,74000.0,75000.0,72100.0,73500.0,21194870,1.1004126547455195
2026-01-21,VCB,Vietcombank,72800.0,73600.0,71700.0,72800.0,11358900,-0.952380952380949
2026-01-22,VCB,Vietcombank,73400.0,75900.0,70600.0,71000.0,66705650,-2.472527472527475
2026-01-23,VCB,Vietcombank,71000.0,71000.0,68500.0,68600.0,20845130,-3.3802816901408406
2026-01-26,VCB,Vietcombank,68900.0,71100.0,68700.0,69600.0,13166810,1.4577259475218707
2026-01-27,VCB,Vietcombank,69700.0,71500.0,68100.0,70600.0,10578240,1.4367816091954033
2026-01-28,VCB,Vietcombank,71100.0,72900.0,69400.0,69600.0,14348470,-1.4164305949008527
2026-01-29,VCB,Vietcombank,69300.0,70800.0,68600.0,69800.0,8069952,0.2873563218390718
2026-01-30,VCB,Vietcombank,70600.0,71900.0,69600.0,70500.0,11495970,1.002865329512903
2026-02-02,VCB,Vietcombank,70500.0,71500.0,69300.0,71500.0,11010380,1.4184397163120588
2026-02-03,VCB,Vietcombank,72400.0,73300.0,71300.0,71800.0,15254650,0.41958041958041203
2026-02-04,VCB,Vietcombank,72000.0,72000.0,70500.0,70800.0,8960831,-1.392757660167132
2026-02-05,VCB,Vietcombank,70700.0,70800.0,68400.0,68400.0,11735060,-3.3898305084745783
2026-02-06,VCB,Vietcombank,67900.0,67900.0,64900.0,65100.0,24822610,-4.824561403508776
2026-02-09,VCB,Vietcombank,65500.0,66000.0,64200.0,65000.0,7331314,-0.1536098310291889
2026-02-10,VCB,Vietcombank,64500.0,65500.0,62600.0,63100.0,16063900,-2.9230769230769282
2026-02-11,VCB,Vietcombank,64000.0,66600.0,63500.0,64700.0,11139010,2.535657686212356
2026-02-12,VCB,Vietcombank,65500.0,65500.0,64200.0,64200.0,8179530,-0.7727975270479082
2026-02-13,VCB,Vietcombank,64700.0,65100.0,64000.0,64400.0,4981417,0.31152647975076775
2024-01-02,CTG,VietinBank,18552.57172560951,18620.906812716268,18484.238568926976,18586.740234375,4773120,
2024-01-03,CTG,VietinBank,18586.7396698968,18860.07421875,18484.238007561748,18860.07421875,4691543,1.4705859173169467
2024-01-04,CTG,VietinBank,18894.24130900859,20158.412425260198,18825.906222121954,19543.41015625,21585639,3.62318795554184
2024-01-05,CTG,VietinBank,19645.909323974924,19919.24387236055,19611.74274672974,19816.744140625,12851553,1.3985992321180918
2024-01-08,CTG,VietinBank,20158.41154825523,20363.412939147984,19850.91042712817,20192.578125,17520966,1.8965475948419241
2024-01-09,CTG,VietinBank,20226.7455226494,20602.579812519274,20021.74412343664,20500.080078125,21132771,1.522846420211632
2024-01-10,CTG,VietinBank,20500.0786854457,21285.915720355002,20397.578958014783,21183.4140625,20832354,3.3333234883514695
2024-01-11,CTG,VietinBank,21251.749144544694,21525.08175102715,20773.41322235224,21183.4140625,14414967,0.0
2024-01-12,CTG,VietinBank,21046.748033254466,21764.24999545982,20910.07979780995,21525.08203125,25100102,1.6129032258064502
2024-01-15,CTG,VietinBank,21559.251664545816,21661.751398667428,21183.4154452515,21456.75,10228506,-0.31745305848681626
2024-01-16,CTG,VietinBank,21217.582023292034,21456.75,21046.74913308935,21456.75,10864564,0.0
2024-01-17,CTG,VietinBank,21217.580932632387,21525.082049614768,21183.414356348134,21285.916015625,9922014,-0.7961782859706168
2024-01-18,CTG,VietinBank,21285.915997464286,21593.41711418431,21115.08118576467,21525.08203125,12789068,1.1235880826055977
2024-01-19,CTG,VietinBank,21661.749734786437,22276.751953125,21490.914927281698,22276.751953125,21042661,3.4920653068068574
2024-01-22,CTG,VietinBank,22242.586766775272,22310.919921875,21832.58590575272,22310.919921875,14724062,0.1533794909684083
2024-01-23,CTG,VietinBank,22310.919085596925,22413.41881440453,21798.41658071068,22003.41796875,14978918,-1.3782576164576121
2024-01-24,CTG,VietinBank,21832.58537640353,22140.08649732087,21798.416869257933,21866.751953125,8096513,-0.6211126644919296
2024-01-25,CTG,VietinBank,21866.751392903872,21935.084544596128,21593.41685571077,21900.91796875,9090190,0.15624641326814626
2024-01-26,CTG,VietinBank,21935.0859375,22037.585671547236,21832.586203452764,21935.0859375,7487144,0.15601158270512894
2024-01-29,CTG,VietinBank,21935.085642897535,22379.25308156098,21866.7524877838,22071.751953125,11838924,0.6230475504604982
2024-01-30,CTG,VietinBank,22105.917697557605,22174.252780520117,21900.91823994239,22003.41796875,6852678,-0.3095992765781541
2024-01-31,CTG,VietinBank,22174.253648921687,22208.420226528942,21388.416572682294,21593.41796875,17696848,-1.8633468699376432
2024-02-01,CTG,VietinBank,21490.9151977483,21935.084544596128,21490.9151977483,21900.91796875,7443319,1.4240450513439473
2024-02-02,CTG,VietinBank,21866.75138543079,21969.251112934144,21559.250272496647,21661.75,9704392,-1.0920454069151986
2024-02-05,CTG,VietinBank,21695.917376527996,23165.08984375,21695.917376527996,23165.08984375,31520238,6.940066447770832
2024-02-06,CTG,VietinBank,23233.423262203847,23540.924389983997,23130.923529751853,23506.7578125,12697367,1.4749261542025938
2024-02-07,CTG,VietinBank,23506.75725624188,24805.096822031064,23506.75725624188,24258.427734375,19749145,3.197675867810612
2024-02-15,CTG,VietinBank,24326.76061149949,24463.426916649616,23916.759765625,23916.759765625,12944846,-1.4084505908264044
2024-02-16,CTG,VietinBank,24121.76032785197,24121.76032785197,23677.592885352144,24087.59375,10884015,0.7142856559546829
2024-02-19,CTG,VietinBank,23985.092344056982,24258.4268782384,23575.089577572824,24190.091796875,15588576,0.42552215027704676
2024-02-20,CTG,VietinBank,24121.758933002555,24326.760318684304,23711.758092063144,24053.42578125,9954269,-0.5649669160935344
2024-02-21,CTG,VietinBank,24087.59236425756,24736.761166947188,23950.92606071199,24292.59375,15175050,0.9943197735119869
2024-02-22,CTG,VietinBank,24395.09375,24429.26032626782,24087.592633165517,24395.09375,10234726,0.4219392999152305
2024-02-23,CTG,VietinBank,24463.42662218941,25385.92996212115,23916.759477744894,24053.42578125,37408387,-1.400560179236865
2024-02-26,CTG,VietinBank,24053.42661046368,24497.594042591518,23985.09345635542,24360.927734375,9274027,1.2784122973647394
2024-02-27,CTG,VietinBank,24395.094575880263,24805.097365822694,24224.261688757728,24702.595703125,13257702,1.402524454222176
2024-02-28,CTG,VietinBank,24873.43081842576,24907.59739625927,24360.92829007476,24565.9296875,14217533,-0.5532455668523562
2024-02-29,CTG,VietinBank,24736.761166947188,24805.09624914406,24053.42578837117,24292.59375,18655811,-1.1126627039036219
2024-03-01,CTG,VietinBank,24395.094874435297,24395.094874435297,23916.76085421402,24326.76171875,13335374,0.14065179330633448
2024-03-04,CTG,VietinBank,24326.76115627951,25215.097950921314,24019.260032381353,24600.095703125,25767413,1.1235937916238337
2024-03-05,CTG,VietinBank,24600.094593102127,24907.595703125,24429.25978512317,24907.595703125,10729829,1.2499951370552598
2024-03-06,CTG,VietinBank,24873.42911778392,25249.263378680218,24360.92662447365,24668.427734375,16076591,-0.9602210169165071
2024-03-07,CTG,VietinBank,24600.095974517568,24634.26255194717,24224.261692367807,24463.427734375,13538988,-0.8310217505850037
2024-03-08,CTG,VietinBank,24463.426607263456,24497.593183118886,23575.08984375,23575.08984375,30126053,-3.6312895325651517
2024-03-11,CTG,VietinBank,23575.08985927047,23745.924669084176,23165.089018311293,23335.923828125,11546032,-1.0144861258647775
2024-03-12,CTG,VietinBank,23233.422154771608,23643.424925884945,23199.255578916174,23575.08984375,9778531,1.0248834260281114
2024-03-13,CTG,VietinBank,23643.4254917955,24019.259765625,23370.090947985645,24019.259765625,9057067,1.8840645987729054
2024-03-14,CTG,VietinBank,24053.426339001246,24053.426339001246,23370.09094478234,23540.923828125,10139408,-1.9914682724093247
2024-03-15,CTG,VietinBank,23506.757808478756,24190.093218890157,23199.25668075121,23745.92578125,14039481,0.8708322350547526
2024-03-18,CTG,VietinBank,23745.924369871955,23916.759177533044,22105.917165852105,22755.087890625,16467553,-4.172664817336258
2024-03-19,CTG,VietinBank,22823.42104151981,23096.75557552312,22515.919932069097,22755.087890625,12013509,0.0
2024-03-20,CTG,VietinBank,22686.752816923625,23575.089570126634,22550.08651508811,23472.58984375,14353495,3.153149557469326
2024-03-21,CTG,VietinBank,23643.42631408111,23848.42578125,23267.590096756416,23848.42578125,13464826,1.6011694491397277
2024-03-22,CTG,VietinBank,23985.092904362056,24873.42967859769,23916.75975182642,24395.09375,23166699,2.292260184233208
2024-03-25,CTG,VietinBank,24258.426880923344,24395.093182817145,23575.089580182135,23711.7578125,14120190,-2.8011203584737188
2024-03-26,CTG,VietinBank,23745.92466793942,24190.09208475511,23677.59151618687,24053.42578125,5498200,1.4409221427265306
2024-03-27,CTG,VietinBank,23916.760037195992,24258.427734375,23780.091800069913,24258.427734375,7596348,0.8522775715582354
2024-03-28,CTG,VietinBank,24531.76142250019,24531.76142250019,24121.75865584756,24429.259765625,10170361,0.7042172440876016
2024-03-29,CTG,VietinBank,24429.26005354557,24429.26005354557,24019.259212484776,24292.59375,6668048,-0.5594357624266078
2024-04-01,CTG,VietinBank,24190.092375925255,24190.092375925255,23745.92495376323,23916.759765625,11452884,-1.5471134463564629
2024-04-02,CTG,VietinBank,23575.090141901466,24053.426070775127,23301.755601177105,23916.759765625,10267993,0.0
2024-04-03,CTG,VietinBank,23848.425521927707,23916.76060733181,23165.09011128011,23267.58984375,13175546,-2.714288759165595
2024-04-04,CTG,VietinBank,23370.09123811421,23438.424392308967,22891.755297902622,22925.921875,10420588,-1.4684287072465163
2024-04-05,CTG,VietinBank,22686.75390625,22960.088453469507,22618.42075205116,22686.75390625,14253114,-1.0432207265383964
2024-04-08,CTG,VietinBank,22755.08954763344,23404.258389254257,22515.921571661507,22891.755859375,17860002,0.9036195921732215
2024-04-09,CTG,VietinBank,23165.089842421916,23404.2578125,22925.92187234383,23404.2578125,7605894,2.2388057791342897
2024-04-10,CTG,VietinBank,23472.589823101633,23472.589823101633,22994.25390625,22994.25390625,6713465,-1.7518346855289746
2024-04-11,CTG,VietinBank,22755.08927746297,23028.423828125,22720.92269993324,23028.423828125,6074446,0.14860200298001391
2024-04-12,CTG,VietinBank,23096.75587898453,24634.26144643893,22994.254220871517,24531.76171875,34590945,6.528184047007812
2024-04-15,CTG,VietinBank,24463.426607998954,24805.096227411705,22823.42131476854,22857.587890625,42397889,-6.824515284792632
2024-04-16,CTG,VietinBank,23165.09011128011,23267.58984375,22413.419615228417,23267.58984375,22439883,1.7937236207376195
2024-04-17,CTG,VietinBank,23404.257536606914,23404.257536606914,22310.919360809345,22345.0859375,27837804,-3.9647591884029887
2024-04-19,CTG,VietinBank,21935.085675246726,22379.253114565214,21354.24999507504,21593.41796875,19006419,-3.3639072628874334
2024-04-22,CTG,VietinBank,21900.91906534067,22140.087038662914,21661.751092018425,22071.751953125,11264707,2.215184205980014
2024-04-23,CTG,VietinBank,22037.584535924747,22208.419347624364,21285.915997464286,21525.08203125,15605498,-2.4767853636448622
2024-04-24,CTG,VietinBank,21866.75112782008,22515.919921875,21661.749744804398,22515.919921875,13180753,4.603178232661342
2024-04-25,CTG,VietinBank,22447.588157995968,22550.087890625,22037.585366631472,22550.087890625,7179640,0.1517502676708471
2024-04-26,CTG,VietinBank,22242.58703208796,22652.58789800106,21969.25247800449,22413.419921875,13007330,-0.6060640180778121
2024-05-02,CTG,VietinBank,22413.419089369305,22413.419089369305,21866.75193193153,22105.91796875,9345190,-1.3719546334153399
2024-05-03,CTG,VietinBank,22174.25251335755,22447.58705064205,21969.251127788157,22140.0859375,8939475,0.1545648038606684
2024-05-06,CTG,VietinBank,22276.753050632815,22720.922413773573,22105.918234711567,22686.75390625,11248942,2.469132099546534
2024-05-07,CTG,VietinBank,22686.754475958467,22720.92298434008,22413.419921875,22413.419921875,7338455,-1.2048175137990946
2024-05-08,CTG,VietinBank,22310.918528541137,22550.086486878146,22105.91714562026,22276.751953125,12440486,-0.6097595513151255
2024-05-09,CTG,VietinBank,22413.418823260487,22823.421599501125,22174.252789281574,22481.75390625,10477287,0.9202506431654323
2024-05-10,CTG,VietinBank,22652.58735344134,22652.58735344134,22242.586497384505,22447.587890625,6956750,-0.15197219828788633
2024-05-13,CTG,VietinBank,22447.58816709889,22447.58816709889,22037.585375568135,22071.751953125,10198566,-1.6742820624258026
2024-05-14,CTG,VietinBank,22140.087038662914,22345.08650400411,22037.585375568135,22071.751953125,8268924,0.0
2024-05-15,CTG,VietinBank,22174.253052550834,22550.087326546847,22037.58481537329,22105.91796875,11825477,0.15479521379888617
2024-05-16,CTG,VietinBank,22413.419359030493,23028.4235380925,22242.586473533396,22686.75390625,20707674,2.627513312593921
2024-05-17,CTG,VietinBank,22789.25473152601,22823.42130737139,22481.75361849346,22618.419921875,8893190,-0.3012065307244072
2024-05-20,CTG,VietinBank,22755.0892818387,23165.090142698496,22584.25446373301,22789.255859375,17817189,0.7552956311275283
2024-05-21,CTG,VietinBank,22857.58760453471,23301.75501553346,22789.254453677066,22994.25390625,8937450,0.8995381338468222
2024-05-22,CTG,VietinBank,23130.923569704548,23165.09014724756,22345.086494942752,22550.087890625,17732661,-1.9316391714030434
2024-05-23,CTG,VietinBank,22515.92048684046,22720.921875,22276.752522391682,22720.921875,8061510,0.757575691960044
2024-05-24,CTG,VietinBank,22618.420777961863,23165.08987302712,22071.751682896607,22208.419921875,20382090,-2.255638903846191
2024-05-27,CTG,VietinBank,22345.085392645313,22345.085392645313,21935.084551930606,22140.0859375,11885792,-0.30769403953719854
2024-05-28,CTG,VietinBank,22174.252780520117,22208.41935678932,21661.750275633873,22003.41796875,35980646,-0.6172874357209146
2024-05-29,CTG,VietinBank,22003.418258713107,22003.418258713107,21627.583984375,21627.583984375,22667836,-1.708070922930116
2024-05-30,CTG,VietinBank,21422.582859657283,21935.08537766153,21422.582859657283,21730.083984375,14755594,0.4739318089068689
2024-05-31,CTG,VietinBank,21730.082864858014,22003.41739835002,21730.082864858014,21798.416015625,9170320,0.3144582013540953
2024-06-03,CTG,VietinBank,22037.58399478799,22413.418254789543,21900.917693123447,22276.751953125,26037514,2.194360990069799
2024-06-04,CTG,VietinBank,22345.086765960183,22515.921586171426,22174.25387617314,22413.419921875,12992866,0.6135004287769474
2024-06-05,CTG,VietinBank,22481.753626499605,22515.920202357156,22140.0859375,22140.0859375,12188089,-1.2195103885428549
2024-06-06,CTG,VietinBank,22208.418802292726,22345.08510395727,22105.91714562026,22276.751953125,10959517,0.6172786140523634
2024-06-07,CTG,VietinBank,22413.419921875,22481.75500821402,22310.920188002776,22413.419921875,6292129,0.6135004287769474
2024-06-10,CTG,VietinBank,22515.921571661507,23199.256991217713,22481.754993726117,22891.755859375,19838388,2.134149715515554
2024-06-11,CTG,VietinBank,23199.256423589595,23199.256423589595,22652.58732915058,22686.75390625,15559069,-0.8955274308547367
2024-06-12,CTG,VietinBank,22720.922969698047,22994.255593181173,22447.588415790724,22891.755859375,11558616,0.9036195921732215
2024-06-13,CTG,VietinBank,23233.422997940754,23335.924659651042,22891.755296562824,23165.08984375,20321630,1.1940280424712846
2024-06-14,CTG,VietinBank,23165.090428210588,23199.257006167998,22413.419921875,22413.419921875,15288158,-3.2448392255115865
2024-06-17,CTG,VietinBank,22413.418528959075,22515.92018688538,22071.750840194247,22379.251953125,12975509,-0.15244424487247388
2024-06-18,CTG,VietinBank,22379.252512680952,22447.58759648179,22105.91796875,22105.91796875,11406888,-1.2213723003231647
2024-06-19,CTG,VietinBank,22140.08676759788,22242.586499013556,21832.585642926693,22208.419921875,10279854,0.4636855762782721
2024-06-20,CTG,VietinBank,22071.751121288402,22242.58593305852,21866.751663673193,22003.41796875,10391082,-0.9230821186115845
2024-06-21,CTG,VietinBank,22140.086204250914,22174.252780520117,21969.251392480797,22003.41796875,7154039,0.0
2024-06-24,CTG,VietinBank,22003.418258713107,22105.917988871464,21559.250830936096,21627.583984375,12350954,-1.708070922930116
2024-06-25,CTG,VietinBank,21798.417434393526,21798.417434393526,21490.916305504055,21593.41796875,7887797,-0.15797425939801935
2024-06-26,CTG,VietinBank,21593.417406353485,21627.583983070876,21217.581201613906,21388.416015625,9511960,-0.9493724125642311
2024-06-27,CTG,VietinBank,21388.416015625,21456.74916905978,21285.916285472824,21388.416015625,6100336,0.0
2024-06-28,CTG,VietinBank,21388.415447785923,21490.915175216844,21183.4140625,21183.4140625,6973962,-0.9584718801768144
2024-07-01,CTG,VietinBank,21080.91489725885,21866.751953125,21080.91489725885,21866.751953125,5868912,3.2258156716800546
2024-07-02,CTG,VietinBank,21866.7524877838,22105.918530681865,21798.41740224589,22071.751953125,7481070,0.9374963434873651
2024-07-03,CTG,VietinBank,22105.91796875,22208.41962923919,21900.91850861988,22105.91796875,4988778,0.15479521379888617
2024-07-04,CTG,VietinBank,22140.087038662914,22208.420193776645,21900.91906534067,22071.751953125,3726794,-0.15455596855692422
2024-07-05,CTG,VietinBank,22105.917970241266,22447.587597996106,21935.085086787978,22345.0859375,8277747,1.2383882573322458
2024-07-08,CTG,VietinBank,22379.251679373407,22379.251679373407,22071.750570204124,22276.751953125,5788058,-0.3058121350087095
2024-07-09,CTG,VietinBank,22276.752784118686,22413.419090881318,22140.086477356053,22345.0859375,7036446,0.3067502143884848
2024-07-10,CTG,VietinBank,22345.085392645313,22447.58705064205,22140.0859375,22140.0859375,7909493,-0.9174276642900048
2024-07-11,CTG,VietinBank,22208.41935678932,22276.75250932772,22003.41796875,22003.41796875,5938050,-0.6172874357209146
2024-07-12,CTG,VietinBank,22003.41826001087,22071.751413453803,21798.416869257933,21866.751953125,6650981,-0.6211126644919296
2024-07-15,CTG,VietinBank,21900.919359484255,22003.41909353149,21866.75278146851,21935.0859375,3918297,0.3125017584755474
2024-07-16,CTG,VietinBank,21969.251951480932,22447.587892269068,21935.085374342372,22208.419921875,9651971,1.2461040050347316
2024-07-17,CTG,VietinBank,22345.086494942752,23096.756992161536,22242.58676231372,22550.087890625,32907914,1.538461403161162
2024-07-18,CTG,VietinBank,22755.088163055625,22857.587890625,22379.25196778642,22857.587890625,14398478,1.363631048763403
2024-07-19,CTG,VietinBank,22720.92214491463,23096.75641898511,22379.252517115143,22823.421875,15014499,-0.1494734080800031
2024-07-22,CTG,VietinBank,22686.75279696654,23301.75501553346,22652.586221537716,22994.25390625,23062992,0.7484943852224202
2024-07-23,CTG,VietinBank,23028.422701068605,23028.422701068605,21900.91797607305,22140.0859375,14331943,-3.7147018217356997
2024-07-24,CTG,VietinBank,22105.917697557605,22208.41935678932,21661.750275633873,22003.41796875,15138456,-0.6172874357209146
2024-07-25,CTG,VietinBank,21866.751109047505,21866.751109047505,21456.748343368126,21559.25,12912302,-2.0186316934070025
2024-07-26,CTG,VietinBank,21559.250279864642,21969.251120442255,21559.250279864642,21900.91796875,4745783,1.5847859677400544
2024-07-29,CTG,VietinBank,21969.252515515745,22105.91882757873,21935.0859375,21935.0859375,4951316,0.15601158270512894
2024-07-30,CTG,VietinBank,21866.751953125,21935.085106567934,21730.083715814995,21866.751953125,6196811,-0.3115282272871167
2024-07-31,CTG,VietinBank,21866.751953125,22071.751413453803,21730.083715814995,21866.751953125,9713154,0.0
2024-08-01,CTG,VietinBank,21866.752225083714,22174.253349825474,21388.416284185798,21490.916015625,16923747,-1.7187552056458388
2024-08-02,CTG,VietinBank,21217.580385125835,21559.25,20670.913248260094,21559.25,15480385,0.31796682991696024
2024-08-05,CTG,VietinBank,21115.08061584165,21149.247191174552,20500.078399001293,20602.578125,15443936,-4.437407957141371
2024-08-06,CTG,VietinBank,20841.747484868563,20910.080640131433,20465.913200498588,20875.9140625,7939434,1.326707443319064
2024-08-07,CTG,VietinBank,20944.249153357196,20944.249153357196,20534.24636083039,20636.74609375,7289132,-1.1456646546539662
2024-08-08,CTG,VietinBank,20636.74609375,20807.580912373534,20534.24636083039,20636.74609375,10462679,0.0
2024-08-09,CTG,VietinBank,20739.246916534437,21525.08203125,20739.246916534437,21525.08203125,10847855,4.304631812905035
2024-08-12,CTG,VietinBank,21559.250272496647,21695.916575834453,21320.082311231406,21661.75,4704126,0.6349242644073883
2024-08-13,CTG,VietinBank,21764.25,21764.25,21422.582306953598,21764.25,6168028,0.4731842995141289
2024-08-14,CTG,VietinBank,21764.25056151873,21866.75222337407,21593.417675800083,21730.083984375,7041075,-0.1569822788517916
2024-08-15,CTG,VietinBank,21730.08342373777,21832.585082948564,21490.915459478056,21764.25,7573061,0.15722910067705875
2024-08-16,CTG,VietinBank,21764.25055822542,22208.419921875,21730.08398108686,22208.419921875,11483114,2.0408234691064564
2024-08-19,CTG,VietinBank,22208.420189225406,22345.086499424866,22105.918526151636,22310.919921875,8939041,0.4615366620433825
2024-08-20,CTG,VietinBank,22310.919627732233,22789.25556797241,22276.753050632815,22686.75390625,15663210,1.684529305340332
2024-08-21,CTG,VietinBank,22720.9229556554,23370.091796875,22550.08813565983,23370.091796875,40276599,3.0120566981455488
2024-08-22,CTG,VietinBank,23472.59096536835,23916.76032840615,23438.42438827685,23643.42578125,26712954,1.1695888349550598
2024-08-23,CTG,VietinBank,23506.757518822276,23882.591796875,23335.924633536564,23882.591796875,14903416,1.0115539847642019
2024-08-26,CTG,VietinBank,23916.76032840615,23916.76032840615,23506.757542459847,23643.42578125,13891804,-1.0014240399833563
2024-08-27,CTG,VietinBank,23643.424933170205,23916.75947052196,23404.256971684412,23814.2578125,17474103,0.7225350202231473
2024-08-28,CTG,VietinBank,23848.42578125,23882.59235911148,23575.09122793395,23848.42578125,9819464,0.14347694149874357
2024-08-29,CTG,VietinBank,23882.59125891336,24155.925799637724,23575.090141901466,23916.759765625,18389818,0.28653457046512454
2024-08-30,CTG,VietinBank,23916.759205762268,23985.092356737732,23677.591246924072,23950.92578125,11750698,0.14285386465313632
2024-09-04,CTG,VietinBank,23643.425756422148,24121.759765625,23540.92409483113,24121.759765625,15584670,0.7132667268700654
2024-09-05,CTG,VietinBank,24053.426070775127,24258.427458924427,23643.42522490064,23916.759765625,12300764,-0.849855076876016
2024-09-06,CTG,VietinBank,23780.091800069913,24258.427734375,23643.425493367962,24258.427734375,13900337,1.4285713119093657
2024-09-09,CTG,VietinBank,24053.42690099178,24224.26171875,23916.760591124545,24224.26171875,7775267,-0.14084183855240795
2024-09-10,CTG,VietinBank,24190.092920813437,24292.59458240902,23780.09206570357,23882.591796875,11002909,-1.4104451390175576
2024-09-11,CTG,VietinBank,23882.591796875,23985.09345847058,23540.92409587942,23882.591796875,7946955,0.0
2024-09-12,CTG,VietinBank,24087.59264706266,24087.59264706266,23711.7583774757,23916.759765625,9221667,0.14306641858892188
2024-09-13,CTG,VietinBank,23780.092625527035,23916.76086739716,23677.59289194259,23848.42578125,5134430,-0.28571589565077327
2024-09-16,CTG,VietinBank,23882.59125456285,23882.59125456285,23575.09013760697,23677.591796875,8987640,-0.7163323312908698
2024-09-17,CTG,VietinBank,23609.257249993705,23882.591796875,23472.590941765135,23882.591796875,7723920,0.8657975091328929
2024-09-18,CTG,VietinBank,23882.591245134492,24805.09652606205,23780.091516331035,24395.09375,25500899,2.145922676583445
2024-09-19,CTG,VietinBank,24429.26088743751,24736.762011335668,24326.76115627951,24600.095703125,8599571,0.8403409112744287
2024-09-20,CTG,VietinBank,24634.262280177667,25044.263135233825,24565.929126072333,24600.095703125,19134859,0.0
2024-09-23,CTG,VietinBank,24565.92829464631,24805.09625634457,24360.92690884436,24531.76171875,8142074,-0.27777934362392953
2024-09-24,CTG,VietinBank,24531.76198992802,24736.76144757198,24360.92717813395,24634.26171875,8142364,0.41782567911401447
2024-09-25,CTG,VietinBank,24941.763404075824,25010.096558181158,24600.095703125,24600.095703125,14330641,-0.13869307720716373
2024-09-26,CTG,VietinBank,24600.09514683551,24907.596263780048,24224.260877330875,24873.4296875,33054868,1.1111094349941064
2024-09-27,CTG,VietinBank,24907.59735465992,25659.265926590077,24907.59735465992,25283.431640625,22748689,1.648353115256329
2024-09-30,CTG,VietinBank,25215.097095980782,25420.09848177018,25044.262286085603,25249.263671875,7087323,-0.13513975964837277
2024-10-01,CTG,VietinBank,25249.26479907479,25351.76453133333,24839.263939616463,24941.763671875,17841488,-1.2178572967358359
2024-10-02,CTG,VietinBank,24702.595434283,24907.596827023157,24565.929126072333,24600.095703125,16365871,-1.3698629064281986
2024-10-03,CTG,VietinBank,24600.095412155813,25112.59792273226,24531.762258858722,24736.76171875,14716252,0.5555507477462251
2024-10-04,CTG,VietinBank,24702.596005443334,24702.596005443334,24326.76171875,24326.76171875,12422551,-1.6574521946792542
2024-10-07,CTG,VietinBank,24531.762819658372,24565.92939708797,24258.42826979741,24463.427734375,9126060,0.5617928814572348
2024-10-08,CTG,VietinBank,24463.42634110871,24702.594299918735,24292.593463690166,24429.259765625,9665857,-0.13966958809287222
2024-10-09,CTG,VietinBank,24463.426350966078,25010.095419773825,24395.09319997113,24668.427734375,13718380,0.9790225780256234
2024-10-10,CTG,VietinBank,24907.597098096216,25044.263407794242,24634.262548275987,24702.595703125,9105088,0.1385089034368736
2024-10-11,CTG,VietinBank,24770.927734375,24805.09624067381,24463.426621078386,24770.927734375,6194641,0.2766188301472905
2024-10-14,CTG,VietinBank,24873.42968309206,24907.59625936605,24634.26171875,24634.26171875,6082835,-0.5517194070827847
2024-10-15,CTG,VietinBank,24770.928857974013,25146.765070491936,24668.42912570049,24702.595703125,15313326,0.27739408290441414
2024-10-16,CTG,VietinBank,24668.429414527636,24907.597389723625,24531.763103229467,24805.09765625,5869925,0.41494405833648607
2024-10-17,CTG,VietinBank,24941.76311084901,24975.9296875,24634.261990565978,24975.9296875,8968692,0.6886972735096419
2024-10-18,CTG,VietinBank,25146.76392984515,25215.097081594602,24770.927734375,24770.927734375,10203484,-0.8207980871582921
2024-10-21,CTG,VietinBank,24668.428584904985,24839.263398706553,24258.427734375,24258.427734375,11921373,-2.068957632494306
2024-10-22,CTG,VietinBank,24258.427458924427,24360.92718778702,23780.091530050766,23916.759765625,13768281,-1.4084505908264044
2024-10-23,CTG,VietinBank,23916.759205762268,24019.258932225468,23745.92439789954,23950.92578125,6538451,0.14285386465313632
2024-10-24,CTG,VietinBank,23916.75947052196,24019.25919811984,23267.58873779649,23814.2578125,9323349,-0.5706166433741444
2024-10-25,CTG,VietinBank,23745.9255125245,23780.092089616,23575.09069664285,23643.42578125,6569982,-0.7173519015164609
2024-10-28,CTG,VietinBank,23677.59123702655,23780.090963446903,23609.256155655585,23711.7578125,3367363,0.2890107037880618
2024-10-29,CTG,VietinBank,23711.758911589284,23882.591796875,23711.758911589284,23882.591796875,4316057,0.7204610713632542
2024-10-30,CTG,VietinBank,23848.425513684455,23916.760599064935,23575.09096343506,23745.92578125,3856680,-0.5722411402722338
2024-10-31,CTG,VietinBank,23848.42466886667,24429.26032626782,23780.091516331035,24395.09375,13732844,2.7338077897244517
2024-11-01,CTG,VietinBank,24292.595140907353,24565.92969407274,24258.428563064703,24326.76171875,11639470,-0.28010563087096374
2024-11-04,CTG,VietinBank,24292.594021196543,24565.928561763205,24155.925785701154,24395.09375,7726090,0.2808924263739243
2024-11-05,CTG,VietinBank,24258.42689106366,24395.093193014593,23950.92578125,23950.92578125,7453443,-1.8207266317638138
2024-11-06,CTG,VietinBank,24053.425795353483,24531.76171875,23985.09264356086,24531.76171875,5261280,2.4251085022972685
2024-11-07,CTG,VietinBank,24531.76311623009,24702.596005443334,24326.76171875,24326.76171875,6541199,-0.83565135822804
2024-11-08,CTG,VietinBank,24395.093764074554,24600.09515222385,23780.091530050766,23916.759765625,7246897,-1.6853947017904547
2024-11-11,CTG,VietinBank,23916.760304356296,23916.760304356296,23130.923240769553,23882.591796875,24222137,-0.14286203099764805
2024-11-12,CTG,VietinBank,23780.09122930667,23814.257805162102,23370.090388617413,23575.08984375,6363002,-1.2875568771612
2024-11-13,CTG,VietinBank,23540.922994667755,23575.089570126634,23199.255309654916,23472.58984375,6514440,-0.434780951756053
2024-11-14,CTG,VietinBank,23438.42381913923,23438.42381913923,22960.087890625,22960.087890625,7705262,-2.183406077201422
2024-11-15,CTG,VietinBank,22960.087610752933,22960.087610752933,22413.41853637861,22618.419921875,12189391,-1.4880952127779512
2024-11-18,CTG,VietinBank,22618.419658411316,22994.25391875684,22345.085124408008,22755.087890625,5941666,0.6042330508587934
2024-11-19,CTG,VietinBank,22891.755591983907,22960.08874705651,22550.08788619671,22789.255859375,9142260,0.15015529236463987
2024-11-20,CTG,VietinBank,22584.253080715785,23233.421875,22584.253080715785,23233.421875,9528883,1.9490150023581343
2024-11-21,CTG,VietinBank,23233.42244860204,23916.759765625,22960.087907877678,23916.759765625,11461707,2.941184877120051
2024-11-22,CTG,VietinBank,23848.424682625828,24053.426070775127,23711.7583774757,23916.759765625,9077027,0.0
2024-11-25,CTG,VietinBank,23882.59208715855,23985.09375,23711.75919979643,23985.09375,5768243,0.28571589565078437
2024-11-26,CTG,VietinBank,23916.76030329127,24155.92634268062,23848.425218755878,24121.759765625,6564920,0.5697956282743277
2024-11-27,CTG,VietinBank,23985.093188951785,24121.75949564465,23882.59152850801,24019.259765625,4187472,-0.42492753843800246
2024-11-28,CTG,VietinBank,24121.75864593566,24190.091796875,23882.59068722391,24190.091796875,4758366,0.7112293755800358
2024-11-29,CTG,VietinBank,24258.426888206457,24497.592916592417,24087.59208036385,24429.259765625,7631784,0.9887021957514674
2024-12-02,CTG,VietinBank,24531.762257070182,24600.095410362293,24395.094020061835,24497.59375,6462949,0.2797218787249367
2024-12-03,CTG,VietinBank,24565.92829464631,24565.92829464631,24224.26060525912,24531.76171875,7869717,0.139474795356187
2024-12-04,CTG,VietinBank,24326.76115838288,24395.094312494122,24121.759765625,24121.759765625,5984913,-1.6713106780734344
2024-12-05,CTG,VietinBank,24121.75921806662,24941.7628400601,23950.92633666638,24873.4296875,15229290,3.116148776782768
2024-12-06,CTG,VietinBank,24941.762544172714,25044.26227179689,24770.927734375,24770.927734375,8137157,-0.4120941680049506
2024-12-09,CTG,VietinBank,24702.594319635064,24941.76227863598,24634.261168613106,24907.595703125,6446604,0.5517272918298621
2024-12-10,CTG,VietinBank,24907.596825977464,24941.763403028697,24668.42885619468,24839.263671875,4792501,-0.2743421407045976
2024-12-11,CTG,VietinBank,24805.097094823766,25010.096557131164,24736.76201029715,24839.263671875,6514585,0.0
2024-12-12,CTG,VietinBank,24873.430811899085,25146.765364919615,24736.76257017672,24805.09765625,7213196,-0.13754842364223085
2024-12-13,CTG,VietinBank,24702.595433245915,24941.763403028697,24668.42885619468,24839.263671875,6211275,0.13773787992481523
2024-12-16,CTG,VietinBank,24839.262816548537,25078.428847671614,24736.761158500274,24770.927734375,4172140,-0.2751125733947424
2024-12-17,CTG,VietinBank,24770.927734375,24839.262816548537,24634.2614308761,24770.927734375,5125896,0.0
2024-12-18,CTG,VietinBank,24736.761158500274,24873.429392423262,24463.426621078386,24770.927734375,4271653,0.0
2024-12-19,CTG,VietinBank,24497.593751786048,24736.76171875,24326.76086854332,24736.76171875,9204166,-0.13792788058393235
2024-12-20,CTG,VietinBank,24600.09597085148,24702.595703125,24395.094575880263,24702.595703125,5074260,-0.1381183843441547
2024-12-23,CTG,VietinBank,24736.761158500274,24805.09624067381,24668.428006750826,24770.927734375,4514503,0.2766188301472905
2024-12-24,CTG,VietinBank,24668.428565452905,24736.76171875,24531.762258858722,24736.76171875,4254007,-0.13792788058393235
2024-12-25,CTG,VietinBank,24736.76091982694,26445.10127962475,24736.76091982694,26103.43359375,36571790,5.524861703963824
2024-12-26,CTG,VietinBank,26240.099895930274,26240.099895930274,25966.76536114566,26103.43359375,7112093,0.0
2024-12-27,CTG,VietinBank,26205.934423600163,26513.435546875,25966.76645429215,26513.435546875,13797643,1.5706820777139807
2024-12-30,CTG,VietinBank,26308.4349962698,26581.76953125,26205.93333913718,26581.76953125,10530659,0.25773342068096117
2024-12-31,CTG,VietinBank,26376.76869059311,26445.10184313935,25830.099609375,25830.099609375,8741607,-2.827764799447696
2025-01-02,CTG,VietinBank,25966.76647804652,26171.767870558662,25693.4338619292,26035.1015625,8306096,0.7936552945022157
2025-01-03,CTG,VietinBank,25830.100468716853,25966.766778356083,25420.099609375,25420.099609375,15069318,-2.3622030113791714
2025-01-06,CTG,VietinBank,25454.266186784807,25727.600736487435,25317.59794672141,25420.099609375,8743921,0.0
2025-01-07,CTG,VietinBank,25625.098216892224,25966.765909988586,25385.93025259754,25590.931640625,9258984,0.6720352550742881
2025-01-08,CTG,VietinBank,25556.765068765944,25898.432761921238,25454.26533994659,25830.099609375,5546510,0.9345809371407388
2025-01-09,CTG,VietinBank,25830.100171558086,25898.433325591574,25454.265893949774,25556.765625,6206068,-1.0581994979058984
2025-01-10,CTG,VietinBank,25556.764505210584,26103.43357437403,25420.098203131754,25625.09765625,10849446,0.2673735489562734
2025-01-13,CTG,VietinBank,25420.099870098416,25761.767578125,24736.76252362106,25761.767578125,13757433,0.5333440040243831
2025-01-14,CTG,VietinBank,25590.931361241273,25898.43247471333,25215.097095980782,25249.263671875,6446170,-1.9893972907557012
2025-01-15,CTG,VietinBank,25283.43053767994,25351.763690251915,25010.09599696793,25112.59765625,7843393,-0.5412673312023442
2025-01-16,CTG,VietinBank,25180.930247399225,25420.098206492865,24873.42913725714,25146.763671875,9738755,0.13605130019871403
2025-01-17,CTG,VietinBank,25146.765059672376,25420.099609375,25010.096819608978,25420.099609375,5771569,1.0869626846086389
2025-01-20,CTG,VietinBank,25454.26506472131,25761.766178278616,25385.92998248984,25488.431640625,6497228,0.2688110286743317
2025-01-21,CTG,VietinBank,25590.931368336074,25830.099330085995,25317.596830682458,25488.431640625,8099261,0.0
2025-01-22,CTG,VietinBank,25693.433026471233,25693.433026471233,25454.26506472131,25488.431640625,6638542,0.0
2025-01-23,CTG,VietinBank,25556.76562344639,26103.43471652933,25488.432469417057,26035.1015625,11029957,2.1447766170268556
2025-01-24,CTG,VietinBank,26035.100707208574,26069.267283100817,25795.932745538787,25966.765625,7433917,-0.26247617024252046
2025-02-03,CTG,VietinBank,26137.60185788444,26376.76983257515,25830.100727689005,26000.935546875,12103330,0.13159098198238794
2025-02-04,CTG,VietinBank,26137.600462379534,27162.60353149728,26000.9341586668,26923.4375,21404405,3.547956770485805
2025-02-05,CTG,VietinBank,27094.270944215757,27128.437520855885,26718.43667075024,26889.271484375,9699558,-0.12690064418779956
2025-02-06,CTG,VietinBank,26923.438330411005,27230.939453673127,26786.770092058872,26991.771484375,9606554,0.38119292320568654
2025-02-07,CTG,VietinBank,26991.77065632298,28153.44195976978,26820.93584622971,27880.107421875,21686887,3.2911361079588364
2025-02-10,CTG,VietinBank,27880.107139426073,28085.108523376344,27367.60464476243,27538.439453125,13957470,-1.2254901445678201
2025-02-11,CTG,VietinBank,27572.607419027278,27948.44169986703,27435.93917936108,27811.775390625,12190837,0.9925614629153756
2025-02-12,CTG,VietinBank,27811.775662879063,27880.108818169007,27606.77426658506,27675.107421875,7158233,-0.4914032521493361
2025-02-13,CTG,VietinBank,27538.441106176007,28221.776519796753,27538.441106176007,27914.275390625,10074465,0.86419888134186
2025-02-14,CTG,VietinBank,28016.77456049195,28255.942529579945,27675.10686054802,27709.2734375,8303203,-0.7343982613062905
2025-02-17,CTG,VietinBank,27675.107427109207,27777.60909048769,27435.939453125,27435.939453125,10365047,-0.9864350467056471
2025-02-18,CTG,VietinBank,27435.93779593783,28016.773441776877,27367.60464476243,27538.439453125,9623333,0.37359755868802136
2025-02-19,CTG,VietinBank,27709.27399951997,27982.608551103916,27640.94084423003,27675.107421875,8904038,0.4962807314576878
2025-02-20,CTG,VietinBank,28050.941701179476,28050.941701179476,27640.94083909186,27914.275390625,7780474,0.86419888134186
2025-02-21,CTG,VietinBank,27914.27398882892,28358.44140625,27675.106026944915,28358.44140625,11181539,1.5911787406603262
2025-02-24,CTG,VietinBank,28358.442792580918,28665.945851767294,28255.94305980158,28631.77734375,10529358,0.9638609315099966
2025-02-25,CTG,VietinBank,28665.944457286183,28768.44418507933,28290.108261196478,28597.609375,8358600,-0.11933582864864789
2025-02-26,CTG,VietinBank,28563.442517017083,28563.442517017083,28085.10852828166,28255.94140625,13805743,-1.1947431139075815
2025-02-27,CTG,VietinBank,28187.608526635773,28392.609912596934,27914.27398882892,28358.44140625,8822606,0.36275556537403997
2025-02-28,CTG,VietinBank,28221.77510255862,28426.77648851978,28016.773716597458,28358.44140625,8162469,0.0
2025-03-03,CTG,VietinBank,28153.44279804884,28187.609375,27914.274828966583,28187.609375,11129324,-0.602402751275144
2025-03-04,CTG,VietinBank,28016.77455949259,28563.443651553036,27880.108251689555,28426.77734375,10931601,0.8484861754971096
2025-03-05,CTG,VietinBank,28426.77791085819,28870.945350503258,28119.276781742625,28153.443359375,11328349,-0.9615370081163865
2025-03-06,CTG,VietinBank,28290.108547566375,28529.27651192881,28153.44224245876,28460.943359375,8321428,1.0922287411696097
2025-03-07,CTG,VietinBank,28495.109392886323,28973.4453125,28460.942817260213,28973.4453125,15735240,1.8007201892560776
2025-03-10,CTG,VietinBank,29178.446167584996,29178.446167584996,28768.445309956845,29007.61328125,17323532,0.11792856659424977
2025-03-11,CTG,VietinBank,28700.112419844405,29110.11328125,28563.444179093087,29110.11328125,10072006,0.35335551052129155
2025-03-12,CTG,VietinBank,29246.779027643966,29588.448657722136,28905.11132798994,29144.279296875,13689452,0.11736819879366589
2025-03-13,CTG,VietinBank,29178.445873934324,29178.445873934324,28802.611597355553,28905.111328125,11477039,-0.8206343561072194
2025-03-14,CTG,VietinBank,28734.278443509258,28905.111328125,28563.443628469377,28905.111328125,11429018,0.0
2025-03-17,CTG,VietinBank,28905.11188533511,29110.11328125,28836.778730171543,29110.11328125,5033327,0.7092238836164944
2025-03-18,CTG,VietinBank,29315.113562051498,29315.113562051498,28665.944751842875,28700.111328125,7985140,-1.4084519327139944
2025-03-19,CTG,VietinBank,28631.777371508662,28700.11245718532,28290.109664822103,28392.611328125,12567191,-1.0714244153424701
2025-03-20,CTG,VietinBank,28392.61076679924,28563.443651553036,28016.77455949259,28426.77734375,12907673,0.12033417860073392
2025-03-21,CTG,VietinBank,28426.776783098096,28460.943359375,28050.940583203945,28460.943359375,10676023,0.12018954949359895
2025-03-24,CTG,VietinBank,28290.108816140742,28563.443359375,28085.10935653314,28563.443359375,10943028,0.3601426653563111
2025-03-25,CTG,VietinBank,28665.945289662963,28905.111328125,28495.11047462308,28905.111328125,7313432,1.1961721997283625
2025-03-26,CTG,VietinBank,28870.945046905064,29007.61328642159,28426.77761193073,28529.27734375,8943814,-1.30023365109585
2025-03-27,CTG,VietinBank,28290.109105522813,28529.27707460228,28187.609374670537,28426.77734375,5104056,-0.35928004332173025
2025-03-28,CTG,VietinBank,28358.441133031003,28392.60963904874,28119.27510387533,28255.94140625,6125504,-0.6009683596356008
2025-03-31,CTG,VietinBank,28153.442507631433,28324.275390625,27948.44111761503,28324.275390625,6710862,0.24183934767039172
2025-04-01,CTG,VietinBank,28460.943071275808,28597.609375,28050.94029925505,28597.609375,7017209,0.9650166883544475
2025-04-02,CTG,VietinBank,28665.9453125,28905.11135115257,28495.110497324018,28665.9453125,8093909,0.23895681839665173
2025-04-03,CTG,VietinBank,27811.77425828785,27811.77425828785,26684.26953125,26684.26953125,28855246,-6.912996448039255
2025-04-04,CTG,VietinBank,24839.26284258429,26445.1015625,24839.26284258429,26445.1015625,25620083,-0.8962882362955837
2025-04-08,CTG,VietinBank,24668.428857230334,26103.434745563118,24600.095703125,24600.095703125,28212321,-6.976739548587241
2025-04-09,CTG,VietinBank,23096.755859375,25283.430227850946,23096.755859375,23096.755859375,25320533,-6.111113801720003
2025-04-10,CTG,VietinBank,24702.595703125,24702.595703125,24702.595703125,24702.595703125,4204829,6.952664060386593
2025-04-11,CTG,VietinBank,25283.43159520556,26308.436648354324,24975.93046534577,26240.1015625,29284103,6.224065996353967
2025-04-14,CTG,VietinBank,26376.768968346532,26376.768968346532,25864.266458004768,26171.767578125,14428356,-0.2604181398164096
2025-04-15,CTG,VietinBank,25830.100170765694,25966.766478828467,25420.099316153213,25795.93359375,14830951,-1.436028282205637
2025-04-16,CTG,VietinBank,25795.933891307046,26035.101863599866,25420.099609375,25420.099609375,9684371,-1.456950503493537
2025-04-17,CTG,VietinBank,25283.430811297178,25522.598778311476,25044.262844282883,25454.265625,14136968,0.13440551433716585
2025-04-18,CTG,VietinBank,25864.26618118691,26000.934416679916,25590.931640625,25590.931640625,12502681,0.5369081066348702
2025-04-21,CTG,VietinBank,25659.265084934428,25864.266475292985,25078.42942093862,25454.265625,16067623,-0.5340407982960871
2025-04-22,CTG,VietinBank,25215.097366830116,25385.93024813622,23677.59178295464,25351.763671875,21982821,-0.4026906713204381
2025-04-23,CTG,VietinBank,25556.764792432383,25727.599602374925,25283.430254778767,25488.431640625,9771155,0.539086631284813
2025-04-24,CTG,VietinBank,25590.932202016742,25590.932202016742,25180.931347391688,25556.765625,9915216,0.2680980349771156
2025-04-25,CTG,VietinBank,25420.09819343073,25625.097646470742,25317.596536486664,25385.9296875,9384677,-0.6684567992942148
2025-04-28,CTG,VietinBank,25454.26619036608,25454.26619036608,25078.42997795699,25180.931640625,7544567,-0.8075262533163818
2025-04-29,CTG,VietinBank,25112.59848226257,25420.099609375,25078.42997442859,25420.099609375,7169370,0.949797935053942
2025-05-05,CTG,VietinBank,25488.433031606735,25625.099342679798,25317.598212341214,25522.599609375,5590265,0.40322422639995636
2025-05-06,CTG,VietinBank,25522.598780035638,25864.26647704023,25420.0990500615,25693.43359375,10536144,0.669343981371906
2025-05-07,CTG,VietinBank,25625.098216892224,25659.26479315945,25385.93025259754,25590.931640625,9214764,-0.3989422151422173
2025-05-08,CTG,VietinBank,25556.765892875414,25693.43413279903,25420.099583375963,25659.265625,11625131,0.26702421519708697
2025-05-09,CTG,VietinBank,25727.59987611801,25830.099604919684,25556.765064357776,25590.931640625,9168872,-0.2663130947458625
2025-05-12,CTG,VietinBank,25625.0976658484,25932.598776065013,25590.931090315895,25864.265625,13112269,1.0680892286902388
2025-05-13,CTG,VietinBank,26035.100734594984,26923.4375,26035.100734594984,26923.4375,22920768,4.095116754354011
2025-05-14,CTG,VietinBank,26957.603788931687,27060.103515625,26718.435829556554,27060.103515625,13553261,0.5076098311183275
2025-05-15,CTG,VietinBank,27060.10378790035,27435.93805331483,26820.935826118737,27162.603515625,14285368,0.3787864297740473
2025-05-16,CTG,VietinBank,27196.772602677433,27196.772602677433,26650.103515625,26650.103515625,9614497,-1.8867852623375758
2025-05-19,CTG,VietinBank,26479.269525672025,26786.770655401084,26342.60321486986,26718.4375,10607909,0.25641170337269426
2025-05-20,CTG,VietinBank,26445.102391814755,26991.771484375,26445.102391814755,26991.771484375,9659189,1.0230163510684287
2025-05-21,CTG,VietinBank,26855.1038052454,27606.774305774332,26855.1038052454,26957.60546875,12604532,-0.12657937492089877
2025-05-22,CTG,VietinBank,26889.271185957667,26991.770914740504,26410.935257456218,26547.6015625,10314203,-1.5209210874656098
2025-05-23,CTG,VietinBank,26547.602123858407,26650.103785232786,26376.76923894136,26513.435546875,6386097,-0.12869718397936492
2025-05-26,CTG,VietinBank,26479.26786092598,26820.935546875,25966.76536679041,26820.935546875,11099903,1.1597893432420348
2025-05-27,CTG,VietinBank,26820.935556249868,27060.103515625,26650.102678427676,27060.103515625,11270322,0.8917212016411824
2025-05-28,CTG,VietinBank,27128.437228816965,27162.603805089286,26718.436383125,27025.9375,8170056,-0.12625973734827767
2025-05-29,CTG,VietinBank,26957.60379293875,26991.770368508267,26581.76953125,26581.76953125,10879434,-1.643487737474414
2025-05-30,CTG,VietinBank,26752.603241732562,26752.603241732562,26103.4344248592,26171.767578125,11206684,-1.542417831299736
2025-06-02,CTG,VietinBank,26137.601829354797,26410.936381499523,25932.600432640207,26240.1015625,6488088,0.2610980865966228
2025-06-03,CTG,VietinBank,26410.934713614806,26479.267864729616,26240.099905403724,26342.6015625,6307147,0.39062348808316383
2025-06-04,CTG,VietinBank,26445.101852013337,26581.770087575776,26274.26704016631,26308.435546875,6116404,-0.12969871462368276
2025-06-05,CTG,VietinBank,26308.434986942597,26479.267864729616,25966.76537052043,26342.6015625,6363484,0.12986715064879917
2025-06-06,CTG,VietinBank,26274.26647147534,26274.26647147534,26000.933867114796,26103.43359375,5124214,-0.9079132453283068
2025-06-09,CTG,VietinBank,26103.43385899306,26137.600434885302,25898.432473215515,25966.765625,5139656,-0.5235631866557289
2025-06-10,CTG,VietinBank,25966.765351597518,26103.4335841516,25864.265625,25864.265625,6828642,-0.3947353377785179
2025-06-11,CTG,VietinBank,25966.765625,25966.765625,25659.26451154573,25966.765625,9122310,0.3962996726298851
2025-06-12,CTG,VietinBank,26000.93442988964,26342.602123159584,25898.43277061178,26308.435546875,11970044,1.3157969953179416
2025-06-13,CTG,VietinBank,26240.100458717778,27845.94112632183,26069.26757732848,27265.10546875,34621218,3.636361881611916
2025-06-16,CTG,VietinBank,27299.271493587028,27538.439453125,27265.104917999328,27538.439453125,8915755,1.002504775520796
2025-06-17,CTG,VietinBank,27640.940576503075,27640.940576503075,27196.773140996433,27572.607421875,11484546,0.12407372904394975
2025-06-18,CTG,VietinBank,27470.10603077643,27606.774271806345,27299.27314251927,27435.939453125,8215813,-0.495665740489859
2025-06-19,CTG,VietinBank,27470.10575667159,28050.941431798554,27367.606024740064,27811.775390625,14752426,1.3698672069973217
2025-06-20,CTG,VietinBank,27880.107697484975,28563.443083765025,27777.6079686702,28221.775390625,18119790,1.4741957111382709
2025-06-23,CTG,VietinBank,27982.606871076587,28255.94140625,27709.272335903173,28255.94140625,7404883,0.12106260202306984
2025-06-24,CTG,VietinBank,28392.611328125,28563.444216256186,28255.943087195865,28392.611328125,14303453,0.4836856076038121
2025-06-25,CTG,VietinBank,28495.109375,28700.11075905205,28358.441142157277,28495.109375,12516578,0.36100253580222397
2025-06-26,CTG,VietinBank,28563.444188563775,28631.77734375,28221.776482208465,28631.77734375,8824178,0.4796190355033536
2025-06-27,CTG,VietinBank,28700.111889450367,28802.611620301468,28392.610766472917,28665.9453125,8648099,0.11933582864864789
2025-06-30,CTG,VietinBank,28700.112429360408,28700.112429360408,28392.61130059821,28631.77734375,9384185,-0.1191935879927164
2025-07-01,CTG,VietinBank,28495.11103337755,28700.112429360408,28392.61130059821,28631.77734375,6008668,0.0
2025-07-02,CTG,VietinBank,28597.61076615689,28768.445584546633,28563.444188563775,28631.77734375,6256569,0.0
2025-07-03,CTG,VietinBank,28597.609940145525,29212.61217990624,28563.443363539278,29041.779296875,15617836,1.4319821930806498
2025-07-04,CTG,VietinBank,29178.4453125,29246.77846503147,28836.777619418546,29178.4453125,7994342,0.47058416851100127
2025-07-07,CTG,VietinBank,29383.447243120987,30340.1171875,29349.280666224324,30340.1171875,18073968,3.9812672078945344
2025-07-08,CTG,VietinBank,30408.45034129333,30476.7854255108,30100.94921879921,30340.1171875,7425024,0.0
2025-07-09,CTG,VietinBank,30340.11636808989,30886.785444520643,30271.78321614207,30750.119140625,11520753,1.3513525692442574
2025-07-10,CTG,VietinBank,30681.784058253088,30750.119140625,30271.78321614207,30750.119140625,9542127,0.0
2025-07-11,CTG,VietinBank,30715.951192413624,30715.951192413624,30442.618579655194,30476.78515625,8433359,-0.8888875621099301
2025-07-14,CTG,VietinBank,30408.449506961875,30442.61801334518,29861.782361190286,30271.783203125,17635911,-0.6726495333217897
2025-07-15,CTG,VietinBank,30271.782930078123,30647.617192663653,30135.114697049885,30169.283203125,10638529,-0.33859914796634527
2025-07-16,CTG,VietinBank,30169.284016299545,30715.951171875,29998.449203015633,30715.951171875,8414249,1.812001846611233
2025-07-17,CTG,VietinBank,30681.784058253088,30852.61886854673,30476.784602409625,30750.119140625,11017264,0.11123851759891057
2025-07-18,CTG,VietinBank,30750.12053185529,31125.954814996298,30442.619403753702,30784.287109375,12067792,0.11111491501460957
2025-07-21,CTG,VietinBank,31160.119691914304,31262.619418879392,30545.117469275632,30886.78515625,9624464,0.33295572676681484
2025-07-22,CTG,VietinBank,30886.786545788884,31160.12109375,30545.118843443524,31160.12109375,7112174,0.8849607886260991
2025-07-23,CTG,VietinBank,31228.453685952045,31330.953415683176,30613.451446716987,31194.287109375,9300398,0.10964660734855691
2025-07-24,CTG,VietinBank,31194.286549036682,31399.287935240667,30886.78543494275,31228.453125,7407270,0.10952651524045454
2025-07-25,CTG,VietinBank,31296.78740251848,31570.1219504796,31057.62136217364,31160.12109375,8697227,-0.21881337181987037
2025-07-28,CTG,VietinBank,31091.78793936576,31433.455641711116,31023.452854557363,31160.12109375,15996243,0.0
2025-07-29,CTG,VietinBank,31296.785981712557,31467.620790341785,29930.115234375,29930.115234375,21450820,-3.947371884962636
2025-07-30,CTG,VietinBank,30066.782085972576,32014.290446042294,29964.28235717779,31570.12109375,32581432,5.479450535130037
2025-07-31,CTG,VietinBank,32458.459237016603,32458.459237016603,30784.285446442627,31365.12109375,29533332,-0.649348158631502
2025-08-01,CTG,VietinBank,31433.4545074348,31433.4545074348,30169.283475247343,30271.783203125,23618959,-3.4858398517162548
2025-08-04,CTG,VietinBank,30066.78236063602,31262.620262529086,29793.447817595537,31194.287109375,14345159,3.0474052356280312
2025-08-05,CTG,VietinBank,31399.288770852567,33312.630588685584,31160.120802320424,31775.123046875,35240075,1.8619945872250465
2025-08-06,CTG,VietinBank,32253.459542291566,32629.29189439604,31809.29017441066,32458.4609375,15198467,2.1505436489323237
2025-08-07,CTG,VietinBank,32800.12670820566,32800.12670820566,32082.62472069848,32697.62890625,13536281,0.7368432200483221
2025-08-08,CTG,VietinBank,32765.96176932729,32800.12641605876,31980.12470347541,32595.126953125,18108233,-0.31348436126329426
2025-08-11,CTG,VietinBank,32663.460402284258,32697.628910172472,32219.291034403348,32458.4609375,13081591,-0.41928358132041765
2025-08-12,CTG,VietinBank,32458.45924319425,33107.626111549245,32116.789625540354,32800.125,20904949,1.052619417654732
2025-08-13,CTG,VietinBank,32868.45980021679,33893.46484375,32219.29096887198,33893.46484375,25816287,3.3333404788853604
2025-08-14,CTG,VietinBank,34303.46875,34918.47102397018,33893.46594707039,34303.46875,27090016,1.2096842507549166
2025-08-15,CTG,VietinBank,34713.465404380106,34781.80241773852,33346.79463247959,33483.4609375,22943982,-2.390451585162212
2025-08-18,CTG,VietinBank,33517.63116350913,33756.79913998738,32936.79354610526,33141.796875,18386506,-1.020396497057896
2025-08-19,CTG,VietinBank,33415.128899377945,34030.131153328206,33380.96425240757,33893.46484375,17003053,2.2680362552007782
2025-08-20,CTG,VietinBank,33927.633870402075,35533.47268462388,33551.79572204205,34576.80078125,23141792,2.0161288928417287
2025-08-21,CTG,VietinBank,35055.135063750175,36011.80692157112,34850.13560600921,35396.8046875,25889113,2.3715436006869206
2025-08-22,CTG,VietinBank,35191.803629316586,36490.141333432715,34098.46539610875,34781.8046875,35340932,-1.7374449627007738
2025-08-25,CTG,VietinBank,35191.80015673249,35260.133306959084,33346.79351807022,33551.79296875,22915329,-3.5363654353221197
2025-08-26,CTG,VietinBank,33175.95878338494,34986.80078125,33141.794138622245,34986.80078125,14709338,4.276992928027901
2025-08-27,CTG,VietinBank,35533.47098391983,36353.47267553021,34713.46543146124,34918.46875,26869714,-0.1953080296687726
2025-08-28,CTG,VietinBank,34986.8040913958,35396.806893275556,34440.13497583896,35260.13671875,16491259,0.9784735155375257
2025-08-29,CTG,VietinBank,35465.13951443693,35465.13951443693,34781.80409552431,35055.13671875,17822699,-0.5813930945168133
2025-09-03,CTG,VietinBank,34918.47042126879,34986.80357710286,34440.13446958185,34576.80078125,14812972,-1.364524524145283
2025-09-04,CTG,VietinBank,34576.80023885305,35396.80581769556,34440.133929328746,34850.13671875,13235219,0.7905182993338755
2025-09-05,CTG,VietinBank,34986.8030350773,35260.13565417906,34371.80078125,34371.80078125,16276368,-1.372551107504394
2025-09-08,CTG,VietinBank,34166.802458642785,34235.13561570165,33517.631675310884,33825.1328125,21385602,-1.5904548389219397
2025-09-09,CTG,VietinBank,33825.1316889609,34030.131153328206,33380.96425240757,33893.46484375,11059828,0.20201555934393767
2025-09-10,CTG,VietinBank,33893.462629969144,35123.467057530856,33893.462629969144,34508.46484375,17448501,1.8145090885076876
2025-09-11,CTG,VietinBank,34303.468157913696,34576.80078125,33380.964762881056,34576.80078125,10084347,0.19802659379204446
2025-09-12,CTG,VietinBank,34645.13227013871,35123.46819881059,34440.1328125,34440.1328125,11805756,-0.39525914966693776
2025-09-15,CTG,VietinBank,34576.80128951606,35260.13671875,34132.63383964126,35260.13671875,18671085,2.380954541361069
2025-09-16,CTG,VietinBank,35533.47095619898,36285.13949465944,35396.80465117857,35875.13671875,27259013,1.74417928355044
2025-09-17,CTG,VietinBank,35875.13730065269,35875.13730065269,35123.46875,35123.46875,11405273,-2.0952337398539966
2025-09-18,CTG,VietinBank,35191.800232370384,35260.13338274385,34576.798018161135,34986.80078125,12025075,-0.38910726535231754
2025-09-19,CTG,VietinBank,34918.46763087654,35123.467081996925,34371.79856704075,34986.80078125,11808058,0.0
2025-09-22,CTG,VietinBank,34645.13285643514,34781.803024688685,33517.63002906928,33688.46484375,17058132,-3.7109307181804385
2025-09-23,CTG,VietinBank,33825.13115188122,34166.80078125,33756.79799817712,34166.80078125,6257963,1.4198804834787415
2025-09-24,CTG,VietinBank,33961.795780295004,34508.46484375,33688.46317899155,34508.46484375,7613052,0.9999884527892355
2025-09-25,CTG,VietinBank,34508.46709080088,34713.4665551272,34235.13447169912,34371.80078125,6836538,-0.39603054821127914
2025-09-26,CTG,VietinBank,34371.80019803609,35260.13505589206,34132.63222995604,34645.1328125,15047058,0.7952217371139492
2025-09-29,CTG,VietinBank,34645.1333936152,34986.803028274306,34440.133929328746,34850.13671875,6392698,0.5917249830141635
2025-09-30,CTG,VietinBank,34713.46484375,34850.135007411365,34166.799632497125,34713.46484375,9612516,-0.3921702692387674
2025-10-01,CTG,VietinBank,34850.135024053794,35465.13724785511,34440.1322545702,35191.80078125,11292108,1.3779550374849014
2025-10-02,CTG,VietinBank,35396.80409641587,35806.80300505132,34986.80132693228,35191.80078125,12347845,0.0
2025-10-03,CTG,VietinBank,35055.13446163119,35123.4676130378,34371.79908671696,34713.46484375,11042870,-1.359225520948204
2025-10-06,CTG,VietinBank,35055.13612550167,36011.80801229834,34850.13666155167,35806.8046875,14011456,3.1496131217994883
2025-10-07,CTG,VietinBank,36080.1423225095,36080.1423225095,35260.13671875,35260.13671875,11086729,-1.5267153087827445
2025-10-08,CTG,VietinBank,35670.136734888445,36490.13841375957,35533.47043188462,36148.47265625,17492616,2.519377461822536
2025-10-09,CTG,VietinBank,36148.47265914843,37583.4765625,35943.47320462625,37583.4765625,34702940,3.9697497592664943
2025-10-10,CTG,VietinBank,38061.81421053629,38608.48330824269,37515.145112829894,37720.1484375,19649228,0.3636488358726542
2025-10-13,CTG,VietinBank,37378.477656519135,38471.815818378825,37310.14450400893,38266.8125,19231507,1.4492627551712545
2025-10-14,CTG,VietinBank,38647.67578125,38647.67578125,37610.62109375,37610.62109375,20005635,-1.7147793698521374
2025-10-15,CTG,VietinBank,37679.7578125,38163.71875,37403.20703125,37887.16796875,11750284,0.7352893064718868
2025-10-16,CTG,VietinBank,37956.3046875,38025.44140625,36988.38671875,37195.796875,16042788,-1.8248159754781779
2025-10-17,CTG,VietinBank,37126.66015625,37472.34375,36089.6015625,36089.6015625,25828118,-2.9739793348626864
2025-10-20,CTG,VietinBank,36504.42578125,36919.24609375,33738.9375,33808.07421875,36496345,-6.321841319857324
2025-10-21,CTG,VietinBank,33877.2109375,34845.1328125,33808.07421875,34534.015625,20119047,2.147242701707608
2025-10-22,CTG,VietinBank,34914.26953125,34914.26953125,33531.52734375,34914.26953125,17043350,1.101099595190802
2025-10-23,CTG,VietinBank,34568.5859375,34845.1328125,34292.03515625,34361.171875,12361361,-1.5841593241839091
2025-10-24,CTG,VietinBank,34119.19140625,34499.4453125,33185.83984375,34430.30859375,17020902,0.20120593966208578
2025-10-27,CTG,VietinBank,34430.30859375,34464.87890625,33600.6640625,33600.6640625,7946190,-2.40963431678507
2025-10-28,CTG,VietinBank,33566.09375,33877.2109375,33012.99609375,33877.2109375,9161104,0.823039909227985
2025-10-29,CTG,VietinBank,34015.48828125,34775.99609375,33911.78125,34326.60546875,10820898,1.3265393425659688
2025-10-30,CTG,VietinBank,34430.30859375,34464.87890625,33946.34765625,34015.48828125,7064300,-0.9063441702187314
2025-10-31,CTG,VietinBank,34464.87890625,34914.26953125,33877.2109375,33877.2109375,14427083,-0.4065128879135349
2025-11-03,CTG,VietinBank,34084.625,34292.03515625,33531.52734375,33531.52734375,8375354,-1.0204015743437433
2025-11-04,CTG,VietinBank,33358.68359375,34568.5859375,33082.13671875,34534.015625,12654803,2.989688691997072
2025-11-05,CTG,VietinBank,34430.30859375,35674.77734375,34222.8984375,35467.3671875,15435329,2.7027020912804733
2025-11-06,CTG,VietinBank,35398.23046875,35398.23046875,34637.72265625,35329.09375,12337441,-0.3898610144051906
2025-11-07,CTG,VietinBank,34914.26953125,35398.23046875,33496.95703125,33877.2109375,19046253,-4.109595402514399
2025-11-10,CTG,VietinBank,33669.80078125,33877.2109375,32943.859375,33185.83984375,11837720,-2.040814679300218
2025-11-11,CTG,VietinBank,33289.546875,33531.52734375,32494.46875,33531.52734375,12843592,1.0416716937935444
2025-11-12,CTG,VietinBank,33531.52734375,34222.8984375,33254.9765625,34015.48828125,9738139,1.443301202890801
2025-11-13,CTG,VietinBank,33980.91796875,33980.91796875,33462.390625,33773.5078125,8205032,-0.7113831991745534
2025-11-14,CTG,VietinBank,33531.52734375,33600.6640625,33220.41015625,33566.09375,9579526,-0.614132424892011
2025-11-17,CTG,VietinBank,33704.37109375,33842.64453125,33427.8203125,33773.5078125,7825225,0.6179273169074184
2025-11-18,CTG,VietinBank,33808.07421875,34257.46875,33773.5078125,34153.76171875,8781866,1.1258940242780069
2025-11-19,CTG,VietinBank,34153.76171875,34153.76171875,33704.37109375,34119.19140625,7831848,-0.1012196336809934
2025-11-20,CTG,VietinBank,34084.625,34084.625,33635.23046875,33946.34765625,6711369,-0.5065880604906092
2025-11-21,CTG,VietinBank,33600.6640625,34015.48828125,33393.25390625,33946.34765625,9596204,0.0
2025-11-24,CTG,VietinBank,33946.34765625,34015.48828125,33704.37109375,33738.9375,6241557,-0.6109940260740077
2025-11-25,CTG,VietinBank,33669.80078125,33842.64453125,33289.546875,33289.546875,8249808,-1.331964366097782
2025-11-26,CTG,VietinBank,33393.25390625,33808.07421875,33116.703125,33808.07421875,10341031,1.5576281218156351
2025-11-27,CTG,VietinBank,33877.2109375,34292.03515625,33738.9375,33773.5078125,11131613,-0.10224305006650836
2025-11-28,CTG,VietinBank,33635.23046875,33877.2109375,33324.11328125,33877.2109375,6870397,0.3070546464279955
2025-12-01,CTG,VietinBank,33808.07421875,33842.64453125,33462.390625,33462.390625,5717779,-1.224481889212492
2025-12-02,CTG,VietinBank,33842.64453125,34015.48828125,33462.390625,33911.78125,13055878,1.3429722641043362
2025-12-03,CTG,VietinBank,34222.8984375,36227.875,34222.8984375,35951.328125,33005748,6.01427232608136
2025-12-04,CTG,VietinBank,36089.6015625,36366.15234375,35743.9140625,35951.328125,11046684,0.0
2025-12-05,CTG,VietinBank,36020.46484375,36089.6015625,35398.23046875,35605.640625,9785052,-0.9615430584318685
2025-12-08,CTG,VietinBank,35536.50390625,35536.50390625,34983.40625,35329.09375,9195965,-0.7766940016965318
2025-12-09,CTG,VietinBank,35190.8203125,35190.8203125,34534.015625,34637.72265625,13890518,-1.9569454530658614
2025-12-10,CTG,VietinBank,34845.1328125,35121.6796875,34637.72265625,34914.26953125,7928735,0.7983979713230394
2025-12-11,CTG,VietinBank,35052.54296875,35052.54296875,34568.5859375,34637.72265625,6708951,-0.7920740680324889
2025-12-12,CTG,VietinBank,34775.99609375,34983.40625,34222.8984375,34222.8984375,13052806,-1.1976082344292038
2025-12-15,CTG,VietinBank,34292.03515625,34395.7421875,33911.78125,34361.171875,9451816,0.40403777532906915
2025-12-16,CTG,VietinBank,34568.5859375,35259.95703125,33911.78125,35259.95703125,22011647,2.6156999520261515
2025-12-17,CTG,VietinBank,35500.0,35550.0,34350.0,34700.0,10879670,-1.5880820012166286
2025-12-18,CTG,VietinBank,34700.0,34750.0,33950.0,34350.0,5829595,-1.0086455331412059
2025-12-19,CTG,VietinBank,34350.0,34600.0,34050.0,34450.0,8136052,0.29112081513829047
2025-12-22,CTG,VietinBank,34500.0,35250.0,34300.0,35150.0,11598680,2.0319303338171224
2025-12-23,CTG,VietinBank,35300.0,35550.0,34650.0,35000.0,10532590,-0.4267425320056861
2025-12-24,CTG,VietinBank,35000.0,35300.0,34700.0,35300.0,9510109,0.8571428571428674
2025-12-25,CTG,VietinBank,35400.0,36450.0,35000.0,35000.0,15303000,-0.8498583569405138
2025-12-26,CTG,VietinBank,34900.0,35250.0,34250.0,35200.0,10634760,0.5714285714285783
2025-12-29,CTG,VietinBank,35000.0,35350.0,34900.0,35300.0,7590183,0.28409090909091717
2025-12-30,CTG,VietinBank,35350.0,35950.0,35200.0,35650.0,8465324,0.9915014164305846
2025-12-31,CTG,VietinBank,35700.0,35800.0,35400.0,35750.0,9933658,0.28050490883591017
2026-01-05,CTG,VietinBank,35800.0,36100.0,34550.0,35500.0,10851530,-0.6993006993006978
2026-01-06,CTG,VietinBank,35400.0,36200.0,34800.0,36200.0,15023810,1.9718309859154903
2026-01-07,CTG,VietinBank,36400.0,37500.0,36350.0,37450.0,22164090,3.4530386740331487
2026-01-08,CTG,VietinBank,37550.0,39500.0,37100.0,38200.0,32481460,2.002670226969294
2026-01-09,CTG,VietinBank,39000.0,40850.0,38700.0,40750.0,38937420,6.675392670157065
2026-01-12,CTG,VietinBank,42000.0,43500.0,41350.0,41500.0,39329230,1.8404907975460016
2026-01-13,CTG,VietinBank,41500.0,42350.0,40000.0,41300.0,32520600,-0.48192771084337727
2026-01-14,CTG,VietinBank,40800.0,43250.0,40650.0,41450.0,30626230,0.363196125907983
2026-01-15,CTG,VietinBank,40500.0,41000.0,39600.0,40000.0,27259030,-3.49819059107358
2026-01-16,CTG,VietinBank,40700.0,41550.0,39500.0,39600.0,21848510,-1.0000000000000009
2026-01-19,CTG,VietinBank,39650.0,40350.0,39550.0,40000.0,13580330,1.0101010101010166
2026-01-20,CTG,VietinBank,40450.0,40600.0,39650.0,39650.0,20425150,-0.8750000000000036
2026-01-21,CTG,VietinBank,39550.0,40550.0,39000.0,40200.0,20456740,1.387137452711218
2026-01-22,CTG,VietinBank,40400.0,41300.0,39850.0,39900.0,22303160,-0.7462686567164201
2026-01-23,CTG,VietinBank,40000.0,40050.0,38850.0,39000.0,18196810,-2.2556390977443663
2026-01-26,CTG,VietinBank,39050.0,39150.0,38050.0,38200.0,17559240,-2.051282051282055
2026-01-27,CTG,VietinBank,38200.0,38650.0,38100.0,38250.0,12933010,0.13089005235602524
2026-01-28,CTG,VietinBank,38350.0,39650.0,38300.0,38400.0,15560850,0.39215686274509665
2026-01-29,CTG,VietinBank,38500.0,38900.0,38100.0,38300.0,10184600,-0.26041666666666297
2026-01-30,CTG,VietinBank,38200.0,39000.0,37800.0,38750.0,28635730,1.1749347258485532
2026-02-02,CTG,VietinBank,38800.0,39800.0,38700.0,39350.0,23475870,1.5483870967741842
2026-02-03,CTG,VietinBank,39750.0,40300.0,39300.0,39700.0,24210140,0.8894536213468918
2026-02-04,CTG,VietinBank,39900.0,39900.0,39150.0,39600.0,18308570,-0.25188916876573986
2026-02-05,CTG,VietinBank,39650.0,39700.0,38600.0,38600.0,16386810,-2.5252525252525304
2026-02-06,CTG,VietinBank,38200.0,38350.0,37400.0,37400.0,24923570,-3.1088082901554404
2026-02-09,CTG,VietinBank,37700.0,37850.0,36800.0,37100.0,9941257,-0.8021390374331583
2026-02-10,CTG,VietinBank,37500.0,37600.0,36650.0,37100.0,12868370,0.0
2026-02-11,CTG,VietinBank,37450.0,38250.0,37300.0,37900.0,13761680,2.156334231805923
2026-02-12,CTG,VietinBank,38300.0,38300.0,37750.0,38000.0,8796499,0.26385224274405594
2026-02-13,CTG,VietinBank,38000.0,38600.0,37700.0,38600.0,9771855,1.5789473684210575
2024-01-02,MBB,MBBank,11770.186139510417,11959.012146171079,11738.714671866053,11864.599609375,22945177,
2024-01-03,MBB,MBBank,11801.656835849657,12084.897249325737,11770.186300842437,12053.42578125,21031434,1.5915090107701202
2024-01-04,MBB,MBBank,12053.425558711408,12871.673449819822,12053.425558711408,12651.3759765625,75467218,4.960831934126619
2024-01-05,MBB,MBBank,12651.375598030962,12903.14453125,12651.375598030962,12903.14453125,39257757,1.990048791166421
2024-01-08,MBB,MBBank,12966.08632129424,13123.441785374118,12840.202323257725,13029.0283203125,30583601,0.9756055104058081
2024-01-09,MBB,MBBank,13060.500380928837,13154.913850288582,12903.144909685429,13123.4423828125,41138255,0.7246439272283078
2024-01-10,MBB,MBBank,13123.44162029003,13312.26854803795,12997.55762383705,13154.9130859375,38989374,0.23980524474445097
2024-01-11,MBB,MBBank,13154.913079207447,13280.797075596025,12903.144153361844,12997.5576171875,47785956,-1.196172621757663
2024-01-12,MBB,MBBank,12903.144904897152,13564.03732403311,12840.202903036847,13438.1533203125,70080747,3.3898345835557064
2024-01-15,MBB,MBBank,13532.567171477414,13784.336119091147,13469.625167841112,13501.095703125,38915903,0.4683856577031298
2024-01-16,MBB,MBBank,13501.094939677207,13532.56640625,13312.268939445865,13532.56640625,27310945,0.23309740051480343
2024-01-17,MBB,MBBank,13595.508406327113,13721.392406481342,13406.681473027298,13532.56640625,32609797,0.0
2024-01-18,MBB,MBBank,13469.624197999468,13689.921661398901,13406.681265826664,13658.4501953125,35981609,0.9302284968234931
2024-01-19,MBB,MBBank,13721.392578178968,13941.690047739716,13658.450577314252,13878.748046875,33522449,1.61290518625683
2024-01-22,MBB,MBBank,14036.103730217003,14193.45920131938,13847.277724735248,13910.2197265625,56851270,0.22676166165136458
2024-01-23,MBB,MBBank,13910.219129283689,14067.574593629517,13784.335131034411,13815.8056640625,36114282,-0.6787388291193519
2024-01-24,MBB,MBBank,13752.863495229303,13941.689490273133,13721.392029521108,13784.3349609375,30647964,-0.2277876794898881
2024-01-25,MBB,MBBank,13815.805493577247,13815.805493577247,13658.450031173164,13784.3349609375,22480213,0.0
2024-01-26,MBB,MBBank,13784.335343654495,13941.689877359018,13784.335343654495,13847.27734375,14462289,0.45662255735128277
2024-01-29,MBB,MBBank,13847.276922388875,14130.516380734143,13847.276922388875,13941.689453125,23812866,0.6818099113008236
2024-01-30,MBB,MBBank,13941.690260941876,14004.633195837627,13752.864255460121,13910.2197265625,22140181,-0.22572391006346892
2024-01-31,MBB,MBBank,14004.63280850055,14004.63280850055,13626.979874913586,13689.921875,42306811,-1.5837122338321241
2024-02-01,MBB,MBBank,13658.450031173164,13815.805493577247,13595.508032825222,13784.3349609375,20513037,0.6896539425101711
2024-02-02,MBB,MBBank,13784.33534166386,13847.277341750276,13689.921875,13689.921875,29224384,-0.6849302937359747
2024-02-05,MBB,MBBank,13689.921682508775,14571.111537465302,13689.921682508775,14445.2275390625,56825419,5.517238673522384
2024-02-06,MBB,MBBank,14476.699387976416,14571.111922740653,14445.227921009347,14508.169921875,17865797,0.4357313350882963
2024-02-07,MBB,MBBank,14539.641179843898,14917.294112677775,14539.641179843898,14791.4091796875,33258317,1.9522741967988644
2024-02-15,MBB,MBBank,14917.29470213696,15232.005647445787,14822.88123193061,15200.5341796875,38060055,2.765963641664615
2024-02-16,MBB,MBBank,15169.06211716768,15169.06211716768,14917.29411724696,15106.1201171875,24948633,-0.6211233196407373
2024-02-19,MBB,MBBank,15106.12092576536,15169.062929114607,14854.35291236838,15074.650390625,32071241,-0.20832435012014816
2024-02-20,MBB,MBBank,15011.7080078125,15169.062545673773,14885.823071227584,15011.7080078125,34722412,-0.4175379274576341
2024-02-21,MBB,MBBank,15011.707583751466,15232.005050216332,14917.29411724696,15106.1201171875,39899415,0.6289231666767314
2024-02-22,MBB,MBBank,15106.12092576536,15169.062929114607,15011.708387275754,15074.650390625,23064340,-0.20832435012014816
2024-02-23,MBB,MBBank,15106.1207134019,15546.716596789718,14948.765240706645,15043.1787109375,84091476,-0.20877220281720898
2024-02-26,MBB,MBBank,15043.17811720732,15137.591583711826,14885.822650722634,15106.1201171875,37014153,0.41840496253784387
2024-02-27,MBB,MBBank,15137.591585958458,15389.360518985017,15011.707585979415,15263.4755859375,38639323,1.041667003368807
2024-02-28,MBB,MBBank,15326.418180687213,15452.303118619846,15200.53417582309,15357.8896484375,29432805,0.6185620173362327
2024-02-29,MBB,MBBank,15420.831654789978,15452.303122548265,15074.650174791374,15200.5341796875,38153715,-1.0245904375671078
2024-03-01,MBB,MBBank,15169.06211716768,15200.533583692006,14980.23611722714,15106.1201171875,41625229,-0.6211233196407373
2024-03-04,MBB,MBBank,15169.062922982677,15389.361334218765,14948.76544481511,15232.005859375,56275447,0.8333426532486587
2024-03-05,MBB,MBBank,15232.005431280711,15515.244904811658,15169.062496657394,15483.7734375,43671190,1.652885249975422
2024-03-06,MBB,MBBank,15483.7734375,15829.954912585767,15326.417967078696,15483.7734375,45342811,0.0
2024-03-07,MBB,MBBank,15546.716588802194,15609.658591234256,15326.418180687213,15357.8896484375,39493638,-0.8130045920048401
2024-03-08,MBB,MBBank,15420.830474233753,15420.830474233753,14854.3515625,14854.3515625,77726457,-3.2786932154362125
2024-03-11,MBB,MBBank,14822.880467339362,14854.351933474294,14350.81407372617,14445.2275390625,58308353,-2.7542368424235963
2024-03-12,MBB,MBBank,14413.756664920966,14634.054137708026,14319.34412877544,14539.6416015625,37282383,0.653600382857844
2024-03-13,MBB,MBBank,14539.641595023186,15011.7080078125,14539.641595023186,15011.7080078125,27392613,3.2467540754186786
2024-03-14,MBB,MBBank,15074.64940581759,15074.64940581759,14728.467010409606,14759.9384765625,31462371,-1.677154465827424
2024-03-15,MBB,MBBank,14759.938858558697,15011.707795092394,14571.111922891301,14980.236328125,38885239,1.4925390909475311
2024-03-18,MBB,MBBank,14948.764470054291,14980.235936198302,14099.045147919125,14602.5830078125,50036923,-2.521010430279169
2024-03-19,MBB,MBBank,14602.5830078125,14696.996473176067,14445.227543229379,14602.5830078125,32325658,0.0
2024-03-20,MBB,MBBank,14602.583756828133,15357.889652341913,14539.641754380069,15200.5341796875,60986105,4.094831520937703
2024-03-21,MBB,MBBank,15294.947056868892,15578.1865234375,15169.062123785143,15578.1865234375,52423219,2.4844675804529093
2024-03-22,MBB,MBBank,15735.543137975594,16176.138077115185,15641.128737071913,15767.013671875,63365418,1.2121253533163623
2024-03-25,MBB,MBBank,15767.013284469447,15955.840215500237,15483.77288792326,15546.7158203125,36080886,-1.39720720833435
2024-03-26,MBB,MBBank,15546.716949556429,15892.8984375,15483.774012595295,15892.8984375,26072864,2.2267250600618516
2024-03-27,MBB,MBBank,15892.898604881522,15987.312078249039,15735.54406002705,15924.369140625,22180712,0.19801739279188268
2024-03-28,MBB,MBBank,16144.665506953355,16176.137906658092,15861.426972569388,16050.25390625,24271150,0.7905165002979775
2024-03-29,MBB,MBBank,16081.724011198947,16081.724011198947,15829.95415095612,15987.310546875,20563435,-0.3921642594731156
2024-04-01,MBB,MBBank,15861.426537880738,15892.89707058606,15546.71561241681,15672.599609375,44186308,-1.9685045622730768
2024-04-02,MBB,MBBank,15483.773268322295,15609.658203125,15232.005264853859,15609.658203125,51722510,-0.40160157101409855
2024-04-03,MBB,MBBank,15609.658812386333,15609.658812386333,15232.005859375,15232.005859375,38349901,-2.419350499771966
2024-04-04,MBB,MBBank,15232.005264658697,15263.475798557605,14980.236328125,14980.236328125,50887458,-1.6528980724823006
2024-04-05,MBB,MBBank,14822.881073866258,14948.765077420016,14665.525602889811,14696.9970703125,40111024,-1.8907529334548978
2024-04-08,MBB,MBBank,14728.4671797266,14980.236112638675,14571.111713290113,14791.4091796875,39607656,0.6423904755734844
2024-04-09,MBB,MBBank,14791.409184218128,15106.1201171875,14728.467184237948,15106.1201171875,26280982,2.1276602768327324
2024-04-10,MBB,MBBank,15294.947265525001,15326.417799423909,14980.236328125,14980.236328125,60951191,-0.8333297238863557
2024-04-11,MBB,MBBank,14791.40918197666,15011.707581476614,14728.467182006018,14948.7646484375,19045738,-0.21008800527674287
2024-04-12,MBB,MBBank,15011.707219919099,15546.715606386566,14948.764288395967,15515.244140625,45071241,3.7894736154449493
2024-04-15,MBB,MBBank,15389.360111956385,15767.013034973555,14476.698803575851,14728.466796875,90946126,-5.070995574538905
2024-04-16,MBB,MBBank,14728.467765546991,15043.1787109375,14508.170290387336,15043.1787109375,74947864,2.1367595039103016
2024-04-17,MBB,MBBank,15106.120550709657,15137.592018137164,14539.6416015625,14539.6416015625,47826426,-3.347278650680996
2024-04-19,MBB,MBBank,14224.93104339013,14665.526000852744,14224.93104339013,14287.873046875,47961619,-1.7316008302463493
2024-04-22,MBB,MBBank,14350.814667675368,14508.170138725702,14193.459196625034,14224.9306640625,40694240,-0.44053010973712503
2024-04-23,MBB,MBBank,14224.930277391502,14287.872277487006,13689.921876977001,13847.27734375,48687117,-2.6548693222568254
2024-04-24,MBB,MBBank,13973.161514812577,14256.400985240194,13815.80604611535,14193.458984375,29161994,2.4999978842862536
2024-04-25,MBB,MBBank,14224.930279399603,14224.930279399603,13941.689879327136,14004.6328125,19738857,-1.3303745907383924
2024-04-26,MBB,MBBank,13847.277345704788,14130.51681270878,13847.277345704788,14004.6328125,21376779,0.0
2024-05-02,MBB,MBBank,14036.102923664566,14193.458385724873,13973.160925454133,14099.044921875,17120459,0.6741491236437858
2024-05-03,MBB,MBBank,14224.929851364313,14350.81384778518,14036.102923664566,14099.044921875,18682481,0.0
2024-05-06,MBB,MBBank,14193.459360536652,14445.228303738413,14193.459360536652,14413.7568359375,25659361,2.2321505875494863
2024-05-07,MBB,MBBank,14476.699216838175,14508.169750364725,14256.40081680995,14319.34375,16575649,-0.6550206654111324
2024-05-08,MBB,MBBank,14099.045516542967,14287.872452207035,14036.10351567777,14193.458984375,36610972,-0.8791238468941698
2024-05-09,MBB,MBBank,14224.930832446009,14350.814837548993,14067.575359533026,14256.4013671875,25970247,0.4434604903694739
2024-05-10,MBB,MBBank,14319.3441333064,14413.756669481802,14161.988662256066,14224.9306640625,21543607,-0.22074787538903795
2024-05-13,MBB,MBBank,14224.930832446009,14476.699775720486,14224.930832446009,14256.4013671875,22863357,0.22123624970986633
2024-05-14,MBB,MBBank,14413.756667176434,14602.583605634034,14287.872663583701,14382.2861328125,28911447,0.8830052015422085
2024-05-15,MBB,MBBank,14445.228303738413,14508.170306271724,14350.814833404189,14413.7568359375,28387359,0.21881572118913617
2024-05-16,MBB,MBBank,14571.111334528809,14822.880260896405,14476.698803575851,14728.466796875,50466972,2.183399959633281
2024-05-17,MBB,MBBank,14759.938643907873,14759.938643907873,14571.11171098655,14634.0537109375,23780836,-0.6410245359519173
2024-05-20,MBB,MBBank,14854.35194195272,14854.35194195272,14728.467010409606,14759.9384765625,28349409,0.8602180100713452
2024-05-21,MBB,MBBank,14759.938099521562,14854.3515625,14634.053171194164,14854.3515625,24898691,0.6396577200333153
2024-05-22,MBB,MBBank,14854.351937759187,14885.822470834735,14602.5830078125,14602.5830078125,31654095,-1.6949144742412936
2024-05-23,MBB,MBBank,14771.116675656558,14868.723394485078,14640.975026969676,14836.1875,19856350,1.5997477436869856
2024-05-24,MBB,MBBank,14673.51027889668,15161.542919124384,14413.226011183222,14608.439453125,55587338,-1.5350847168452142
2024-05-27,MBB,MBBank,14706.046174095887,14706.046174095887,14543.368627353319,14608.439453125,12134588,0.0
2024-05-28,MBB,MBBank,14771.116722989456,14803.652617578793,14543.36835474425,14706.0458984375,20352281,0.6681510754498854
2024-05-29,MBB,MBBank,14706.046453462694,14738.581384653222,14510.8330078125,14510.8330078125,31619029,-1.3274328937443403
2024-05-30,MBB,MBBank,14380.691220196595,14413.226151084866,14120.406949956696,14218.013671875,43961280,-2.017936088023675
2024-05-31,MBB,MBBank,14218.013207088625,14315.61992581617,14152.9423828125,14152.9423828125,23367333,-0.4576679314299614
2024-06-03,MBB,MBBank,14283.084091909708,14836.18754754141,14283.084091909708,14706.0458984375,37590993,3.908046119771491
2024-06-04,MBB,MBBank,14803.653135320217,14836.18806642071,14640.9755859375,14640.9755859375,14843914,-0.44247320421401115
2024-06-05,MBB,MBBank,14673.510088306082,14771.11680800918,14445.76171875,14445.76171875,20822557,-1.3333392029900026
2024-06-06,MBB,MBBank,14575.903093598547,14706.045705622844,14510.832269899749,14543.3681640625,16442217,0.6756753102594049
2024-06-07,MBB,MBBank,14673.51027889668,14738.58110466836,14510.832732154111,14608.439453125,13873761,0.4474292909897981
2024-06-10,MBB,MBBank,14673.510229136486,14901.258600878404,14640.975298674346,14738.5810546875,21452376,0.8908658722931673
2024-06-11,MBB,MBBank,14738.580589120536,14771.116483181657,14608.438942129464,14673.509765625,16140438,-0.4415030783564089
2024-06-12,MBB,MBBank,14673.51037613157,15031.4013671875,14575.903654513884,15031.4013671875,39131004,2.4390320194621617
2024-06-13,MBB,MBBank,15096.472327084626,15421.827425607089,15063.936431381679,15324.220703125,61685448,1.9480508089997794
2024-06-14,MBB,MBBank,15617.039767640124,15617.039767640124,15031.4013671875,15031.4013671875,39553008,-1.910826929540288
2024-06-17,MBB,MBBank,15226.613555695563,15226.613555695563,14933.794361048102,15129.0068359375,27637618,0.6493437728505302
2024-06-18,MBB,MBBank,15291.684380658695,15324.220275453625,15129.0068359375,15129.0068359375,18922173,0.0
2024-06-19,MBB,MBBank,15226.613794734665,15259.149690040367,14998.865421474968,15161.54296875,20694438,0.21505795565650576
2024-06-20,MBB,MBBank,15226.613555695563,15259.149450490491,15063.936010974368,15129.0068359375,22291540,-0.2145964489205454
2024-06-21,MBB,MBBank,15129.006609368467,15194.078397983823,15031.400855698856,15096.4716796875,16187041,-0.21505150075493695
2024-06-24,MBB,MBBank,15031.401216607166,15096.47204215818,14673.510229136486,14738.5810546875,48528638,-2.370690533481057
2024-06-25,MBB,MBBank,14771.116722989456,14868.72344213075,14640.975073885544,14706.0458984375,33563951,-0.22074822623208146
2024-06-26,MBB,MBBank,14706.046412765238,14738.58134386573,14543.36886338252,14640.9755859375,21588237,-0.44247320421401115
2024-06-27,MBB,MBBank,14608.439690210256,14706.046412765238,14575.903794483012,14640.9755859375,10650743,0.0
2024-06-28,MBB,MBBank,14673.510088306082,14673.510088306082,14445.76171875,14445.76171875,17489181,-1.3333392029900026
2024-07-01,MBB,MBBank,14478.297801581639,14608.439453125,14413.226011183222,14608.439453125,7851855,1.1261277704992967
2024-07-02,MBB,MBBank,14640.975534303496,14868.723909710754,14608.439638690996,14771.1171875,17507549,1.113587354056489
2024-07-03,MBB,MBBank,14836.187962689723,14933.794684562261,14706.04630994417,14901.2587890625,16845989,0.881054560129213
2024-07-04,MBB,MBBank,14901.258324343442,14966.3301133136,14706.045851313116,14836.1875,10874496,-0.436683168741836
2024-07-05,MBB,MBBank,14836.1875,14868.723394485078,14706.045851313116,14836.1875,12038954,0.0
2024-07-08,MBB,MBBank,14836.188014098254,14933.794736309006,14706.046360901748,14771.1171875,16311669,-0.4385918720695603
2024-07-09,MBB,MBBank,14836.188146005354,15063.9365234375,14738.581422926789,15063.9365234375,21679317,1.9823777187638614
2024-07-10,MBB,MBBank,15063.936247459633,15356.756411330734,15063.936247459633,15161.54296875,36754119,0.6479478001028216
2024-07-11,MBB,MBBank,15259.149741210937,15291.684671999003,15031.4013671875,15031.4013671875,13219958,-0.8583664725334339
2024-07-12,MBB,MBBank,14933.794183716418,15096.471726505895,14901.258289307838,14966.330078125,12936699,-0.43290234538309047
2024-07-15,MBB,MBBank,14998.865234375,15096.471954447794,14933.794409202046,14998.865234375,7789161,0.21738900639076686
2024-07-16,MBB,MBBank,15031.401500305483,15584.504974868321,14998.865604602535,15324.220703125,40532725,2.1692005606153364
2024-07-17,MBB,MBBank,15486.89779268973,16365.355375073086,15324.220248257243,15942.39453125,110944396,4.0339658381384425
2024-07-18,MBB,MBBank,16007.465272783851,16267.750500073194,15682.11018561225,16202.6787109375,61088874,1.632654236333786
2024-07-19,MBB,MBBank,16202.678127665686,16690.709776227974,16137.607305499161,16528.033203125,75910777,2.0080290302113557
2024-07-22,MBB,MBBank,16462.962439709743,16755.78260460155,16040.001587021705,16397.892578125,59607761,-0.7873932935674066
2024-07-23,MBB,MBBank,16495.499094520896,16495.499094520896,15486.897924598115,15551.96875,76880931,-5.158735027045324
2024-07-24,MBB,MBBank,15486.898160906963,15779.71736199683,15389.291439001425,15584.5048828125,41489976,0.20920909330208737
2024-07-25,MBB,MBBank,15519.434056417724,15682.110640091292,15291.684717095886,15584.5048828125,35353916,0.0
2024-07-26,MBB,MBBank,15551.968664877868,15844.787859897,15519.433734668368,15812.2529296875,18459487,1.4613749271314536
2024-07-29,MBB,MBBank,15909.85968669407,15909.85968669407,15682.1103515625,15682.1103515625,16156074,-0.8230489273331698
2024-07-30,MBB,MBBank,15682.110267232678,15942.39453125,15519.433687426916,15942.39453125,29709840,1.659752251785207
2024-07-31,MBB,MBBank,15942.395045697429,16202.679318113902,15747.18256485514,15877.32421875,31075433,-0.4081589649061246
2024-08-01,MBB,MBBank,15877.323448406334,15974.930166405125,15129.006563251209,15226.61328125,52563027,-4.098366503919825
2024-08-02,MBB,MBBank,14966.329908680906,15486.8974609375,14966.329908680906,15486.8974609375,37344135,1.7094029701799407
2024-08-05,MBB,MBBank,14998.864768464155,15324.219848849121,14836.18722827167,14933.7939453125,47394692,-3.571428796633347
2024-08-06,MBB,MBBank,15096.471633669416,15291.684105040293,14966.329986088833,15226.61328125,29137251,1.9607832879561915
2024-08-07,MBB,MBBank,15226.614032750032,15291.684859751855,15096.47237874639,15194.0791015625,15582877,-0.213666552676961
2024-08-08,MBB,MBBank,15161.542779620748,15291.684429966655,14966.330304101886,14998.865234375,17420719,-1.2848022304124074
2024-08-09,MBB,MBBank,15096.471869729663,15291.684344153033,15096.471869729663,15259.1494140625,13002580,1.7353591463104223
2024-08-12,MBB,MBBank,15291.684532591458,15421.8271484375,15194.078776490345,15421.8271484375,16290720,1.0660996229913122
2024-08-13,MBB,MBBank,15389.290788884586,15454.361612530462,15226.613247456544,15356.755859375,11515851,-0.4219427985813762
2024-08-14,MBB,MBBank,15454.361646829377,15454.361646829377,15226.61328125,15226.61328125,10602622,-0.8474613995087421
2024-08-15,MBB,MBBank,15226.613555695563,15324.220275453625,15129.0068359375,15129.0068359375,18098749,-0.6410253121269749
2024-08-16,MBB,MBBank,15226.613390695391,15682.110125128147,15194.078460879744,15649.5751953125,32135301,3.4408627414883597
2024-08-19,MBB,MBBank,15682.110125128147,15779.716843828513,15584.504371054494,15649.5751953125,15119888,0.0
2024-08-20,MBB,MBBank,15682.11007846507,15942.394339349315,15649.575148746233,15779.716796875,25047000,0.831598301795955
2024-08-21,MBB,MBBank,15779.717172922803,16137.608160745913,15649.575521692619,16105.072265625,33348638,2.061858732562505
2024-08-22,MBB,MBBank,16170.14342232681,16202.679318113902,15877.32421875,15877.32421875,19878058,-1.4141386211666385
2024-08-23,MBB,MBBank,15877.323943023024,16040.001489879904,15812.25311720562,15974.9306640625,23710097,0.6147537454531227
2024-08-26,MBB,MBBank,16072.53691712022,16137.607741042966,15812.252656802526,15909.859375,17736919,-0.407333780852559
2024-08-27,MBB,MBBank,15844.788322962908,15942.395045697429,15812.253391802571,15877.32421875,17303226,-0.20449681850188695
2024-08-28,MBB,MBBank,15909.85932909253,16072.536870743346,15844.787540730837,16040.0009765625,26058291,1.0245854753056616
2024-08-29,MBB,MBBank,16040.000931024504,16397.891907490924,16040.000931024504,16170.142578125,34546492,0.8113565688222968
2024-08-30,MBB,MBBank,16170.142578125,16267.750260390429,16137.607648663228,16170.142578125,13463598,0.0
2024-09-04,MBB,MBBank,15909.860114537092,16007.46587264486,15844.788322962908,15877.32421875,27201497,-1.810858240490254
2024-09-05,MBB,MBBank,15877.32408390237,16072.537527713446,15551.96898730174,15584.5048828125,108435278,-1.8442612363593458
2024-09-06,MBB,MBBank,15551.9682392352,15649.57495644575,15454.36152202465,15617.0390625,89647326,0.2087597901386129
2024-09-09,MBB,MBBank,15551.96898730174,15584.5048828125,15454.362265396201,15584.5048828125,15536426,-0.2083248915322411
2024-09-10,MBB,MBBank,15649.575748994888,15747.182471148584,15389.291478127287,15454.3623046875,22402340,-0.8350767579952345
2024-09-11,MBB,MBBank,15454.362029583808,15649.575470416194,15291.684483765728,15551.96875,15790236,0.6315786014858382
2024-09-12,MBB,MBBank,15617.0390625,15714.645779710549,15584.50413318095,15617.0390625,12740877,0.4184056279048276
2024-09-13,MBB,MBBank,15649.575470416194,15649.575470416194,15519.433819612424,15551.96875,7711895,-0.41666228943646466
2024-09-16,MBB,MBBank,15551.96875,15779.717121219965,15519.433819612424,15551.96875,13183983,0.0
2024-09-17,MBB,MBBank,15617.039254400685,15779.716796875,15486.897606271918,15779.716796875,13183688,1.4644322563662548
2024-09-18,MBB,MBBank,15812.253391802571,16007.46587264486,15714.64666906805,15877.32421875,25642602,0.6185625707447961
2024-09-19,MBB,MBBank,15909.860114537092,15974.930941484521,15844.788322962908,15877.32421875,13284626,0.0
2024-09-20,MBB,MBBank,15974.930614394814,16267.750776602832,15974.930614394814,16105.072265625,50630764,1.4344233558325037
2024-09-23,MBB,MBBank,16137.6083984375,16528.03432250539,16137.6083984375,16137.6083984375,35564766,0.20202413423469068
2024-09-24,MBB,MBBank,16202.67935719627,16462.962665613817,16137.608530091882,16430.427734375,26974708,1.814515067584943
2024-09-25,MBB,MBBank,16528.03482093616,16853.389928242155,16495.499888981623,16755.783203125,51897535,1.9802008444935737
2024-09-26,MBB,MBBank,16755.78297839317,16885.924633719373,16593.106391548798,16723.248046875,40645057,-0.19417269760289013
2024-09-27,MBB,MBBank,16723.248046875,17016.066289045575,16658.176254585134,16723.248046875,28092715,0.0
2024-09-30,MBB,MBBank,16560.5695307771,16788.317909911337,16560.5695307771,16723.248046875,22532433,0.0
2024-10-01,MBB,MBBank,16755.78272882064,17016.066035596203,16690.7109375,16690.7109375,28490279,-0.19456214058297672
2024-10-02,MBB,MBBank,16625.641323066964,16820.854770683036,16593.106391548798,16723.248046875,30618819,0.19494142278804194
2024-10-03,MBB,MBBank,16690.710257876373,16983.530413015753,16528.033680078996,16593.10546875,38457922,-0.7782135250294253
2024-10-04,MBB,MBBank,16593.105539033077,16593.105539033077,16332.8203125,16332.8203125,28947197,-1.5686343749227505
2024-10-07,MBB,MBBank,16462.962439709743,16528.034230547975,16267.750925702025,16397.892578125,15462651,0.3984141402400443
2024-10-08,MBB,MBBank,16397.892578125,16593.106021386204,16332.82078728677,16397.892578125,18798001,0.0
2024-10-09,MBB,MBBank,16462.96233918084,16690.7107118437,16430.427408587137,16658.17578125,22218814,1.5872966717212167
2024-10-10,MBB,MBBank,16723.247116838585,16885.92369463596,16593.10546875,16593.10546875,19283002,-0.39062087802700374
2024-10-11,MBB,MBBank,16593.105694847887,16658.175555152113,16495.498975138104,16625.640625,11264320,0.1960763541898336
2024-10-14,MBB,MBBank,16690.7099407557,16983.530090331547,16593.1051534838,16820.853515625,23639510,1.1741676307585935
2024-10-15,MBB,MBBank,16885.92438220842,16983.531104562633,16690.7109375,16690.7109375,23397541,-0.773697826950992
2024-10-16,MBB,MBBank,16690.710257876373,16690.710257876373,16528.033680078996,16593.10546875,16439029,-0.5847891627594137
2024-10-17,MBB,MBBank,16625.64030666408,16853.388671875,16495.498659294044,16853.388671875,18099873,1.5686226042207485
2024-10-18,MBB,MBBank,16918.45979215122,17048.603378476462,16723.248271170465,16755.783203125,28049604,-0.5791444714788097
2024-10-21,MBB,MBBank,16755.782274861896,16853.38899457168,16625.640625,16625.640625,14285140,-0.776702446834765
2024-10-22,MBB,MBBank,16593.1062490761,16690.711042792547,16365.355942643857,16430.427734375,30856689,-1.1741676307585935
2024-10-23,MBB,MBBank,16430.427734375,16495.499526106145,16365.355942643857,16430.427734375,17759841,0.0
2024-10-24,MBB,MBBank,16430.42712754443,16528.033846909446,16072.537109375,16072.537109375,29216490,-2.178218551494171
2024-10-25,MBB,MBBank,16137.607694478333,16137.607694478333,15974.930152827514,16040.0009765625,16229393,-0.20243308564844575
2024-10-28,MBB,MBBank,16105.072502837364,16170.143329410888,16040.00167626384,16137.6083984375,6039060,0.6085250369848749
2024-10-29,MBB,MBBank,16202.679185520825,16332.820838350683,16170.143289999987,16267.7509765625,12977685,0.806455175462073
2024-10-30,MBB,MBBank,16267.7509765625,16365.355769244774,16072.537532690967,16267.7509765625,22037261,0.0
2024-10-31,MBB,MBBank,16267.750226855296,16397.891873687513,16137.607615396379,16300.28515625,15502119,0.1999918718596838
2024-11-01,MBB,MBBank,16235.214196197314,16300.285987558762,16007.4658203125,16007.4658203125,17950653,-1.7964062170116368
2024-11-04,MBB,MBBank,16072.53691712022,16105.07184676824,15877.323480725272,15909.859375,18825477,-0.6097557627681716
2024-11-05,MBB,MBBank,15974.930198922746,16007.465128570766,15877.323480725272,15909.859375,14652145,0.0
2024-11-06,MBB,MBBank,16040.000931024504,16202.678472213476,15942.39421338578,16170.142578125,13024288,1.635986824207869
2024-11-07,MBB,MBBank,16267.751016211296,16267.751016211296,16137.6083984375,16137.6083984375,18196721,-0.2011990898058813
2024-11-08,MBB,MBBank,16170.14314151471,16202.679036736781,15877.323943023024,15974.9306640625,12681523,-1.008065943592673
2024-11-11,MBB,MBBank,15974.93047461518,16007.465404824681,15584.504559714094,15812.2529296875,26295099,-1.0183313955844708
2024-11-12,MBB,MBBank,15812.25296658436,15844.787896869777,15682.1103515625,15682.1103515625,13838725,-0.8230489273331698
2024-11-13,MBB,MBBank,15682.1105889703,15779.717310557657,15519.434005827028,15714.646484375,21113254,0.20747292349756474
2024-11-14,MBB,MBBank,15682.10993129871,15682.10993129871,15486.8974609375,15486.8974609375,32149722,-1.449278694649292
2024-11-15,MBB,MBBank,15421.827186479573,15486.898012249741,15291.6845703125,15291.6845703125,30465197,-1.2605035393136954
2024-11-18,MBB,MBBank,15291.684105040293,15389.290823039084,15031.400809879126,15226.61328125,24799566,-0.4255338171755829
2024-11-19,MBB,MBBank,15291.684900869646,15356.756692673194,15063.9365234375,15063.9365234375,11949544,-1.0683712445289428
2024-11-20,MBB,MBBank,15063.936431381679,15421.827425607089,15063.936431381679,15324.220703125,17244008,1.7278629612022867
2024-11-21,MBB,MBBank,15356.7557694408,15617.0390625,15226.613158284503,15617.0390625,9988746,1.9108205568671321
2024-11-22,MBB,MBBank,15584.50413318095,15747.181673656298,15551.9682392352,15617.0390625,13976227,0.0
2024-11-25,MBB,MBBank,15617.039813696516,15649.575709207278,15551.96898730174,15584.5048828125,7840774,-0.2083248915322411
2024-11-26,MBB,MBBank,15649.575421277083,15747.182141386793,15617.039526364935,15682.1103515625,8147562,0.626298169136219
2024-11-27,MBB,MBBank,15617.039526364935,15779.717071672212,15551.96870116737,15682.1103515625,6685728,0.0
2024-11-28,MBB,MBBank,15747.181673656298,15779.716602975348,15617.0390625,15617.0390625,13530085,-0.41493961975606064
2024-11-29,MBB,MBBank,15649.575658192343,15714.646484375,15584.504832009687,15714.646484375,10289307,0.6250059405267017
2024-12-02,MBB,MBBank,15747.1823797797,15812.253205962357,15649.575658192343,15714.646484375,9474503,0.0
2024-12-03,MBB,MBBank,15714.646535602054,15747.182431112815,15584.5048828125,15584.5048828125,11260372,-0.8281548152667573
2024-12-04,MBB,MBBank,15551.96852366408,15617.039348118955,15486.897699209205,15519.43359375,13024744,-0.41753837899761725
2024-12-05,MBB,MBBank,15519.433918713934,16007.465594657833,15486.898023491864,15974.9306640625,16219526,2.935010917511427
2024-12-06,MBB,MBBank,16007.465633185924,16007.465633185924,15844.7880859375,15844.7880859375,24165224,-0.8146675617051069
2024-12-09,MBB,MBBank,15877.32421875,15974.930941484521,15779.717496015479,15877.32421875,10085037,0.2053428082220643
2024-12-10,MBB,MBBank,15877.323515284932,15942.394339349315,15779.716796875,15779.716796875,10425201,-0.6147598961274148
2024-12-11,MBB,MBBank,15779.717034851274,15877.323754733226,15682.11031496932,15812.2529296875,10515127,0.20618958648828123
2024-12-12,MBB,MBBank,15877.323754733226,15974.93047461518,15812.2529296875,15812.2529296875,8839261,0.0
2024-12-13,MBB,MBBank,15779.716796875,15844.787620939383,15747.181867156163,15779.716796875,7132121,-0.20576531982620105
2024-12-16,MBB,MBBank,15779.717071672212,15844.787896869777,15617.039526364935,15682.1103515625,9709715,-0.6185563820247375
2024-12-17,MBB,MBBank,15649.575658192343,15747.1823797797,15649.575658192343,15714.646484375,6331794,0.20747292349756474
2024-12-18,MBB,MBBank,15714.646721292283,15747.1826171875,15649.575894128604,15747.1826171875,6346351,0.2070433645761538
2024-12-19,MBB,MBBank,15486.897699209205,15649.575242659752,15486.897699209205,15519.43359375,15980471,-1.446284259057995
2024-12-20,MBB,MBBank,15519.43330991615,15617.0390625,15486.8974159704,15617.0390625,36253376,0.628924168916245
2024-12-23,MBB,MBBank,15617.039300870141,15714.646019570506,15617.039300870141,15649.5751953125,11359333,0.20833739790422356
2024-12-24,MBB,MBBank,15649.575470416194,15649.575470416194,15519.433819612424,15551.96875,5802628,-0.6237002863933028
2024-12-25,MBB,MBBank,15584.50429075956,16137.607741042966,15584.50429075956,15909.859375,24014638,2.3012560708752794
2024-12-26,MBB,MBBank,15942.394448274876,16202.6787109375,15909.859518333746,16202.6787109375,32259230,1.8404897808061316
2024-12-27,MBB,MBBank,16300.28515625,16462.96173247692,16267.750226855296,16300.28515625,28080024,0.6024093117801055
2024-12-30,MBB,MBBank,16365.355809131459,16365.355809131459,16137.6083984375,16137.6083984375,17601194,-0.9979994598445674
2024-12-31,MBB,MBBank,16137.607839540266,16332.8203125,16137.607839540266,16332.8203125,17868878,1.2096706602534812
2025-01-02,MBB,MBBank,16365.355718079141,16560.569161340347,16300.285856494396,16397.892578125,20435391,0.3984141402400443
2025-01-03,MBB,MBBank,16397.89219750724,16397.89219750724,16072.537109375,16072.537109375,17048065,-1.9841297727735352
2025-01-06,MBB,MBBank,16072.537664219042,16202.679318113902,15877.32421875,15877.32421875,22976174,-1.2145742100115209
2025-01-07,MBB,MBBank,16238.468676395705,16238.468676395705,15864.31022081539,16201.052734375,19217048,2.038936228578736
2025-01-08,MBB,MBBank,16051.388893199024,16238.468602450648,16051.388893199024,16163.63671875,11109919,-0.23094805157699572
2025-01-09,MBB,MBBank,16163.636570514373,16238.468453528743,16051.388745992816,16088.8046875,9928160,-0.462965312522734
2025-01-10,MBB,MBBank,16051.389222328415,16088.805164945943,15826.89453125,15826.89453125,13748486,-1.6279031372261499
2025-01-13,MBB,MBBank,15826.89406157643,16088.8046875,15677.230295547686,16088.8046875,11908455,1.654842368051801
2025-01-14,MBB,MBBank,16013.972506622484,16088.804388244966,15826.893767192985,15939.140625,10475547,-0.9302373010735776
2025-01-15,MBB,MBBank,16051.3885225979,16088.804463584349,15939.140699638549,15976.556640625,13091216,0.23474299214296668
2025-01-16,MBB,MBBank,16088.80453857168,16163.63642089336,15976.55671508916,16013.97265625,13070409,0.23419323992417418
2025-01-17,MBB,MBBank,16088.8046875,16088.8046875,15976.556862978445,16088.8046875,10514353,0.4672921133082708
2025-01-20,MBB,MBBank,16088.804237094406,16425.54577197855,16088.804237094406,16350.7158203125,12440551,1.6279092070524692
2025-01-21,MBB,MBBank,16425.54577197855,16500.37765289801,16275.883939393045,16350.7158203125,22180910,0.0
2025-01-22,MBB,MBBank,16425.54667957797,16425.54667957797,16275.884838722843,16313.30078125,10780611,-0.22882814106535143
2025-01-23,MBB,MBBank,16388.129363650805,16650.040939391532,16313.299414121087,16612.625,20116430,1.834847666721351
2025-01-24,MBB,MBBank,16500.377481994667,16799.70500257219,16500.377481994667,16762.2890625,13928864,0.9009055612824612
2025-02-03,MBB,MBBank,16500.37890625,16650.04267945722,16425.54701964639,16500.37890625,12977058,-1.562496358781551
2025-02-04,MBB,MBBank,16612.6253769227,16911.95289884638,16537.79349644178,16799.705078125,16411956,1.8140563533460607
2025-02-05,MBB,MBBank,16837.12109375,16874.53703415798,16687.457332118072,16837.12109375,34550340,0.22271828851161413
2025-02-06,MBB,MBBank,16874.5371842592,17173.862780932195,16874.5371842592,16911.953125,14662454,0.4444467129109064
2025-02-07,MBB,MBBank,16986.78327756792,17211.278924660397,16762.28955972888,17024.19921875,18794041,0.6637086380287593
2025-02-10,MBB,MBBank,16986.783498946206,17398.35885731289,16799.705719851176,17136.447265625,26214553,0.6593440633106074
2025-02-11,MBB,MBBank,17211.279296875,17211.279296875,17099.031470901267,17211.279296875,10275286,0.43668346238903144
2025-02-12,MBB,MBBank,17211.278849233648,17248.694790251757,16986.783203125,16986.783203125,11036648,-1.3043544868321377
2025-02-13,MBB,MBBank,17099.031323955303,17136.447265625,16911.953544860273,17136.447265625,9976697,0.8810618273650928
2025-02-14,MBB,MBBank,17211.279074523613,17211.279074523613,17061.61530849213,17099.03125,10987141,-0.21834173119451572
2025-02-17,MBB,MBBank,17136.44691590212,17136.44691590212,16911.95319971889,16949.369140625,12281349,-0.8752665995332309
2025-02-18,MBB,MBBank,16949.36919136032,17173.862908215542,16911.953250342212,16986.783203125,16497505,0.22074014784612128
2025-02-19,MBB,MBBank,17061.61530849213,17173.86313301574,16986.783425476387,17099.03125,13663201,0.6607963705238307
2025-02-20,MBB,MBBank,17211.279074523613,17211.279074523613,17099.03125,17099.03125,15340789,0.0
2025-02-21,MBB,MBBank,17136.447265625,17323.526973973494,17061.615382285603,17136.447265625,27921194,0.21881950549098583
2025-02-24,MBB,MBBank,17061.615528910024,17248.695238866247,17061.615528910024,17211.279296875,18135757,0.43668346238903144
2025-02-25,MBB,MBBank,17248.695819125383,17622.85332237129,17248.695819125383,17510.607421875,51000061,1.7391393157761836
2025-02-26,MBB,MBBank,17585.43901513112,17622.85302850363,17360.943359375,17360.943359375,11573643,-0.8547051446829546
2025-02-27,MBB,MBBank,17360.943359375,17398.35930200102,17173.8636462449,17360.943359375,17894065,0.0
2025-02-28,MBB,MBBank,17286.11118085749,17323.527122848733,17173.863354883757,17211.279296875,16186909,-0.8620733297835526
2025-03-03,MBB,MBBank,17211.279443504987,17286.111328125,17173.86350119498,17286.111328125,17450400,0.434784828944057
2025-03-04,MBB,MBBank,17248.695819125383,17660.269265621235,17099.032046125605,17510.607421875,45285253,1.2987079019023628
2025-03-05,MBB,MBBank,17510.605673212925,18034.426897148238,17435.773794185974,17622.8515625,44737598,0.6410065506053275
2025-03-06,MBB,MBBank,17735.10020437127,18034.427734375,17585.438368622843,18034.427734375,40325115,2.3354686409025938
2025-03-07,MBB,MBBank,18146.67612342335,18633.081445578246,18034.428296175254,18333.75390625,67294418,1.6597486556474417
2025-03-10,MBB,MBBank,18520.833618330154,18633.081445578246,18296.33796383397,18333.75390625,25699938,0.0
2025-03-11,MBB,MBBank,18109.260609634035,18558.25,18071.84466633241,18558.25,37361557,1.2244960573702723
2025-03-12,MBB,MBBank,18633.081593781775,18707.913479209034,18408.5859375,18408.5859375,44296045,-0.8064556868239148
2025-03-13,MBB,MBBank,18446.001460659758,18483.417402522362,18109.259913149792,18184.091796875,33850225,-1.2195077959121448
2025-03-14,MBB,MBBank,18146.675855012396,18296.337693209338,18071.843971287188,18184.091796875,26444893,0.0
2025-03-17,MBB,MBBank,18258.921751346734,18296.337693209338,18034.428029424584,18184.091796875,35912580,0.0
2025-03-18,MBB,MBBank,18258.921148902424,18258.921148902424,17884.763671875,17884.763671875,37154013,-1.6460988447684843
2025-03-19,MBB,MBBank,17884.76359672086,17959.59547766257,17735.09983483743,17847.34765625,29340696,-0.20920609470417295
2025-03-20,MBB,MBBank,17959.59607269742,18221.50573541757,17884.764189276386,18146.67578125,29650104,1.6771574732852734
2025-03-21,MBB,MBBank,18184.091796875,18333.753635071942,18109.259913149792,18184.091796875,23981100,0.20618661002176353
2025-03-24,MBB,MBBank,18184.0919200215,18258.921875,17922.18032520955,18258.921875,24245628,0.4115139703477544
2025-03-25,MBB,MBBank,18333.753485718345,18371.169427276145,18071.8438240672,18109.259765625,22009548,-0.819665642909162
2025-03-26,MBB,MBBank,18071.843525946715,18258.921301396145,17959.595703125,17959.595703125,24126036,-0.8264504702952702
2025-03-27,MBB,MBBank,17959.595553131167,18034.427434387333,17884.763671875,17884.763671875,17194056,-0.41666879637485277
2025-03-28,MBB,MBBank,17959.595553131167,18034.427434387333,17809.931790618833,17884.763671875,21455280,0.0
2025-03-31,MBB,MBBank,17847.34802812267,18034.427734375,17809.932086872202,18034.427734375,25552692,0.8368243788166918
2025-04-01,MBB,MBBank,18071.844382330855,18408.5859375,17959.596554189968,18408.5859375,20648641,2.0746885270544357
2025-04-02,MBB,MBBank,18408.585569200248,18446.001511165297,18221.505859375,18221.505859375,13937748,-1.0162653381425746
2025-04-03,MBB,MBBank,17660.268159334224,17735.100041146445,16949.369140625,16949.369140625,115966092,-6.981512552078584
2025-04-04,MBB,MBBank,15789.477585512666,16799.705078125,15789.477585512666,16799.705078125,99525069,-0.8830066845454398
2025-04-08,MBB,MBBank,15826.894161846152,16388.13039412941,15639.814453125,15639.814453125,89448625,-6.904232066015858
2025-04-09,MBB,MBBank,14554.755664354127,16013.972535489394,14554.755664354127,15452.7353515625,80816445,-1.1961721292999106
2025-04-10,MBB,MBBank,16500.37890625,16500.37890625,16500.37890625,16500.37890625,5039977,6.77966412322959
2025-04-11,MBB,MBBank,16837.122442072552,17585.439380904263,16762.290555264022,17548.0234375,104254128,6.349214991985264
2025-04-14,MBB,MBBank,17585.439380904263,17622.853395054975,17323.52777707442,17548.0234375,41899572,0.0
2025-04-15,MBB,MBBank,17211.279296875,17510.606832804955,17136.44741289251,17211.279296875,38956236,-1.918986157183833
2025-04-16,MBB,MBBank,17211.279148964397,17398.35885731289,17024.199440615903,17136.447265625,28943640,-0.4347848289440459
2025-04-17,MBB,MBBank,16986.783644927535,17211.279296875,16911.953690198527,17211.279296875,28503420,0.43668346238903144
2025-04-18,MBB,MBBank,17286.111546650976,17548.02314613203,17248.695603867967,17398.359375,42587028,1.0869620723601203
2025-04-21,MBB,MBBank,17585.43864138904,17585.43864138904,17061.615455757536,17173.86328125,49029816,-1.2903290989182747
2025-04-22,MBB,MBBank,17099.03161657497,17323.527270435006,16126.220975021799,17286.111328125,59934600,0.6535981161416959
2025-04-23,MBB,MBBank,17548.023365124944,17735.101152121126,17286.11176237533,17510.607421875,44695992,1.2987079019023628
2025-04-24,MBB,MBBank,17510.607203349024,17510.607203349024,17248.695603867967,17398.359375,23890812,-0.6410288585122159
2025-04-25,MBB,MBBank,17585.437552239877,17772.515320553906,17435.773794185974,17622.8515625,54000144,1.2903066470886682
2025-04-28,MBB,MBBank,17809.931489365394,17847.347429360587,17622.851789389413,17735.099609375,30453060,0.6369459929734367
2025-04-29,MBB,MBBank,17735.09938104043,17772.515320553906,17622.8515625,17622.8515625,17592696,-0.6329146683544118
2025-05-05,MBB,MBBank,17735.09938104043,17772.515320553906,17548.0216127264,17622.8515625,25855816,0.0
2025-05-06,MBB,MBBank,17660.267502013477,17735.09938104043,17585.437552239877,17622.8515625,30109424,0.0
2025-05-07,MBB,MBBank,17622.853102444526,17660.26904522753,17360.94343221699,17398.359375,28969538,-1.2738698201243515
2025-05-08,MBB,MBBank,17435.773794185974,17660.267502013477,17360.94191515902,17622.8515625,27763150,1.2903066470886682
2025-05-09,MBB,MBBank,17735.101298103138,17735.101298103138,17510.60756600915,17585.439453125,19862449,-0.21229316516863106
2025-05-12,MBB,MBBank,17510.60604737464,17884.763521250938,17473.19010706167,17809.931640625,50034784,1.2765799120254995
2025-05-13,MBB,MBBank,17997.012353759226,18333.75390625,17959.596411343195,18333.75390625,54344703,2.941180663659293
2025-05-14,MBB,MBBank,18333.75390625,18483.417675914123,18221.506079001905,18333.75390625,39200370,0.0
2025-05-15,MBB,MBBank,18408.584663875423,19044.65371674624,18408.584663875423,18745.328125,95172132,2.24489878534746
2025-05-16,MBB,MBBank,18820.16138174023,18820.16138174023,18446.001953125,18446.001953125,39876236,-1.5968041203599848
2025-05-19,MBB,MBBank,18333.75405207274,18633.081593781775,18221.506223931854,18408.5859375,34072288,-0.20284078750550938
2025-05-20,MBB,MBBank,18483.41818528356,18782.74573286073,18333.754411494978,18595.666015625,41990902,1.0162653381425635
2025-05-21,MBB,MBBank,18857.574016121474,19119.485596996146,18595.664364500186,18745.328125,42347144,0.8048225282667909
2025-05-22,MBB,MBBank,18969.823223932795,18969.823223932795,18333.75412454043,18446.001953125,34769750,-1.5968041203599848
2025-05-23,MBB,MBBank,18633.081667432616,18633.081667432616,18371.170067401956,18446.001953125,22446560,0.0
2025-05-26,MBB,MBBank,18483.418113396747,18558.25,17959.596836427532,18558.25,27385485,0.608522362516517
2025-05-27,MBB,MBBank,18707.91370015259,18707.91370015259,18446.002098063964,18520.833984375,23529448,-0.2016139217059787
2025-05-28,MBB,MBBank,18595.665651068146,18595.665651068146,18371.16999478637,18408.5859375,18996648,-0.6060636738588365
2025-05-29,MBB,MBBank,18520.833618330154,18520.833618330154,18296.33796383397,18333.75390625,16990142,-0.40650613525702317
2025-05-30,MBB,MBBank,18446.001511165297,18446.001511165297,18221.505859375,18221.505859375,23580282,-0.6122480286851362
2025-06-02,MBB,MBBank,18296.338109359112,18483.41782292726,18071.844382330855,18408.5859375,25581930,1.026699327535252
2025-06-03,MBB,MBBank,18446.00202574118,18558.249854767637,18446.00202574118,18483.41796875,25487325,0.4065061352570343
2025-06-04,MBB,MBBank,18520.833692135533,18558.249634700664,18333.753979309866,18371.169921875,18811689,-0.6072905296237829
2025-06-05,MBB,MBBank,18371.16970134798,18446.001585579965,18258.921875,18258.921875,13402501,-0.6110010813265787
2025-06-06,MBB,MBBank,18221.505586364357,18258.92152776881,18071.84375,18071.84375,24448525,-1.0245847278428144
2025-06-09,MBB,MBBank,18071.843897828967,18184.09172296052,18034.427956118452,18146.67578125,17435853,0.41408077828251066
2025-06-10,MBB,MBBank,18184.0916487406,18371.169427276145,18034.4278825094,18109.259765625,17166956,-0.20618661002176353
2025-06-11,MBB,MBBank,18109.259839539485,18184.09172296052,18071.843897828967,18146.67578125,8220927,0.20661261757382032
2025-06-12,MBB,MBBank,18184.09235393299,18483.41796875,18184.09235393299,18483.41796875,29779952,1.8556687272053285
2025-06-13,MBB,MBBank,18296.33846804783,18707.91384596644,18258.922524600686,18595.666015625,65200819,0.6072905296237829
2025-06-16,MBB,MBBank,18595.66443924824,18857.574091922314,18558.248498972887,18782.744140625,30285723,1.006030786113321
2025-06-17,MBB,MBBank,18894.989879991386,19007.237699913247,18595.664289453143,18707.912109375,30384538,-0.3984084044894476
2025-06-18,MBB,MBBank,18782.744065124953,18932.405896371383,18633.080304625142,18745.328125,35624067,0.2000010231299365
2025-06-19,MBB,MBBank,18857.574091922314,18857.574091922314,18670.496319798945,18782.744140625,20722442,0.19960181745284356
2025-06-20,MBB,MBBank,18857.57509896841,19568.476072910766,18820.16108594844,19306.56640625,68841286,2.7888484329189778
2025-06-23,MBB,MBBank,19119.486839603258,19531.0602784732,19082.070897046582,19381.3984375,33592191,0.38759885976293873
2025-06-24,MBB,MBBank,19531.0602784732,19755.555933813263,19381.3984375,19381.3984375,36826270,0.0
2025-06-25,MBB,MBBank,19456.22794809978,19493.643889800183,19156.90234375,19156.90234375,30448519,-1.1583069945852564
2025-06-26,MBB,MBBank,19231.73466727329,19381.3984375,19082.070897046582,19381.3984375,46274844,1.17188097387384
2025-06-27,MBB,MBBank,19381.398142952203,19531.059981650924,19231.734375,19231.734375,21384343,-0.7722046630568413
2025-06-30,MBB,MBBank,19269.150463976534,19381.39829079693,19231.734521703067,19306.56640625,16153064,0.3891070341907277
2025-07-01,MBB,MBBank,19381.398559294918,19568.47634400041,19306.56667371131,19456.228515625,35000077,0.7751876031490967
2025-07-02,MBB,MBBank,19493.64453125,19680.724245907993,19456.2285883184,19493.64453125,18530490,0.1923086768586879
2025-07-03,MBB,MBBank,19568.47629466134,19718.1400654512,19418.814453125,19418.814453125,41695566,-0.38386910156815723
2025-07-04,MBB,MBBank,19456.228515625,19493.644458416806,19343.98261650311,19456.228515625,19787407,0.1926691384291912
2025-07-07,MBB,MBBank,19531.059046322633,19830.386567892456,19531.059046322633,19755.5546875,25219022,1.5384593763103416
2025-07-08,MBB,MBBank,19830.386567892456,19980.050328677367,19718.138747303772,19755.5546875,22380771,0.0
2025-07-09,MBB,MBBank,19867.802809236637,20054.882513053453,19755.554986946547,19905.21875,34719286,0.757579652241791
2025-07-10,MBB,MBBank,19980.05040481908,19980.05040481908,19755.554762786185,19792.970703125,19987558,-0.5639126516758353
2025-07-11,MBB,MBBank,19830.38701707502,20129.71261617155,19792.971076031274,19980.05078125,29391212,0.9451844340650828
2025-07-14,MBB,MBBank,20017.466871177967,20129.71276589062,19755.555281923727,20054.8828125,25097635,0.37453373902445186
2025-07-15,MBB,MBBank,20054.882513053453,20279.376228380217,19905.21875,19905.21875,28241241,-0.74627243599108
2025-07-16,MBB,MBBank,19830.38701707502,20017.466722293746,19792.971076031274,19980.05078125,26215318,0.3759417677838828
2025-07-17,MBB,MBBank,20017.466796875,20129.71269117101,19867.8030321424,20017.466796875,27814512,0.18726686951222593
2025-07-18,MBB,MBBank,20054.883374661727,20391.624926745848,19905.219605178343,20354.208984375,36930550,1.6822417687365476
2025-07-21,MBB,MBBank,20429.040498089147,20690.95016067483,20129.712964558694,20167.12890625,27411516,-0.9191223214255695
2025-07-22,MBB,MBBank,20129.7132575703,20316.79296875,19942.635475644096,20316.79296875,28490272,0.7421188370230425
2025-07-23,MBB,MBBank,20354.2092752528,20653.5368184972,20279.3773894417,20503.873046875,37380420,0.9208150046749797
2025-07-24,MBB,MBBank,20616.1203686256,21289.605395110466,20616.1203686256,21252.189453125,53511084,3.6496344107244116
2025-07-25,MBB,MBBank,21327.019481611394,21588.931076415578,21252.189526635117,21289.60546875,27476024,0.17605722792715106
2025-07-28,MBB,MBBank,21289.605881585932,21514.099609375,21214.77399590507,21514.099609375,34035249,1.0544776931377342
2025-07-29,MBB,MBBank,21551.514731715055,21588.930673131003,20092.296875,20092.296875,81731469,-6.608702014912282
2025-07-30,MBB,MBBank,20354.2092752528,20840.614603771424,20092.29767491395,20503.873046875,45408382,2.048427685672438
2025-07-31,MBB,MBBank,20690.9509053985,20803.198734512524,20167.129632119915,20541.2890625,37525237,0.18248267310014832
2025-08-01,MBB,MBBank,20541.288622165637,20690.950461855904,20241.96108427812,20316.79296875,28880200,-1.092901682396541
2025-08-04,MBB,MBBank,20279.376029332772,20803.197265625,20241.960088936656,20803.197265625,31058570,2.3940997854491997
2025-08-05,MBB,MBBank,21626.346859809026,22225.0,20690.950243055555,22225.0,99562755,6.834539499966064
2025-08-06,MBB,MBBank,22823.652493439946,23160.39403120677,22599.156848759787,22898.484375,44300678,3.030300899887517
2025-08-07,MBB,MBBank,23122.980245310377,23160.394257202068,22711.404892714,23010.732421875,40582000,0.49019858710626085
2025-08-08,MBB,MBBank,23160.393955381835,23197.809896039365,22711.404596744876,22861.068359375,35340808,-0.650409816411246
2025-08-11,MBB,MBBank,23048.147939964896,24282.87011658349,22973.316059048204,23796.462890625,64298665,4.0916483715705665
2025-08-12,MBB,MBBank,24170.62319442435,24245.455078125,23684.2178796236,24245.455078125,75070868,1.886802209066496
2025-08-13,MBB,MBBank,25400.0,25800.0,24700.0,25800.0,79996180,6.411696199827399
2025-08-14,MBB,MBBank,27600.0,27600.0,27600.0,27600.0,43134610,6.976744186046502
2025-08-15,MBB,MBBank,29500.0,29500.0,27700.0,28250.0,121513400,2.3550724637681153
2025-08-18,MBB,MBBank,28550.0,28600.0,27650.0,27800.0,51309950,-1.5929203539822967
2025-08-19,MBB,MBBank,28350.0,29400.0,27900.0,28200.0,54057290,1.4388489208633004
2025-08-20,MBB,MBBank,28200.0,28300.0,26850.0,27800.0,77476820,-1.4184397163120588
2025-08-21,MBB,MBBank,28050.0,28700.0,27750.0,28200.0,57200990,1.4388489208633004
2025-08-22,MBB,MBBank,27750.0,28000.0,26900.0,26900.0,72987400,-4.6099290780141855
2025-08-25,MBB,MBBank,27150.0,27300.0,25800.0,26200.0,56604310,-2.6022304832713727
2025-08-26,MBB,MBBank,26200.0,27600.0,26100.0,27550.0,41262420,5.15267175572518
2025-08-27,MBB,MBBank,28200.0,28250.0,27400.0,27400.0,40405850,-0.5444646098003658
2025-08-28,MBB,MBBank,27400.0,27550.0,26700.0,27200.0,32502880,-0.7299270072992692
2025-08-29,MBB,MBBank,27450.0,28200.0,27200.0,27750.0,55739760,2.0220588235294157
2025-09-03,MBB,MBBank,27800.0,28800.0,27500.0,28450.0,46703730,2.522522522522519
2025-09-04,MBB,MBBank,28450.0,28600.0,28100.0,28250.0,28924350,-0.7029876977152849
2025-09-05,MBB,MBBank,28500.0,28650.0,27400.0,27400.0,65951330,-3.0088495575221197
2025-09-08,MBB,MBBank,27200.0,27250.0,26700.0,26700.0,67938200,-2.5547445255474477
2025-09-09,MBB,MBBank,26700.0,27000.0,26300.0,26650.0,32919090,-0.1872659176029967
2025-09-10,MBB,MBBank,27000.0,27550.0,26800.0,26950.0,28923660,1.1257035647279645
2025-09-11,MBB,MBBank,26800.0,26950.0,26050.0,26700.0,31209020,-0.927643784786647
2025-09-12,MBB,MBBank,26900.0,27000.0,26600.0,26600.0,19258560,-0.3745318352059934
2025-09-15,MBB,MBBank,26750.0,26850.0,26550.0,26850.0,21521880,0.9398496240601517
2025-09-16,MBB,MBBank,27100.0,27850.0,27050.0,27500.0,51409480,2.4208566108007368
2025-09-17,MBB,MBBank,27400.0,27550.0,27000.0,27000.0,16349600,-1.8181818181818188
2025-09-18,MBB,MBBank,26950.0,27100.0,26600.0,26800.0,17746810,-0.7407407407407418
2025-09-19,MBB,MBBank,26950.0,26950.0,26500.0,26650.0,14507850,-0.5597014925373123
2025-09-22,MBB,MBBank,26550.0,26600.0,26100.0,26150.0,26449620,-1.8761726078799223
2025-09-23,MBB,MBBank,26450.0,26550.0,26150.0,26350.0,10123740,0.7648183556405286
2025-09-24,MBB,MBBank,26350.0,26800.0,25900.0,26800.0,22770090,1.7077798861480087
2025-09-25,MBB,MBBank,27000.0,27000.0,26400.0,26550.0,17414330,-0.9328358208955279
2025-09-26,MBB,MBBank,26500.0,26700.0,26250.0,26250.0,13168930,-1.1299435028248594
2025-09-29,MBB,MBBank,26250.0,26350.0,26100.0,26150.0,16407990,-0.3809523809523818
2025-09-30,MBB,MBBank,26200.0,26600.0,26050.0,26200.0,20531240,0.19120458891013214
2025-10-01,MBB,MBBank,26250.0,26600.0,26150.0,26400.0,11660800,0.7633587786259444
2025-10-02,MBB,MBBank,26500.0,27350.0,26450.0,26800.0,47639700,1.5151515151515138
2025-10-03,MBB,MBBank,26700.0,26800.0,26400.0,26550.0,14628500,-0.9328358208955279
2025-10-06,MBB,MBBank,26950.0,27500.0,26650.0,27350.0,39011720,3.0131826741996326
2025-10-07,MBB,MBBank,27500.0,27550.0,26850.0,26850.0,23524810,-1.8281535648994485
2025-10-08,MBB,MBBank,27200.0,27300.0,26850.0,26850.0,32615950,0.0
2025-10-09,MBB,MBBank,27000.0,27400.0,26850.0,27350.0,39953850,1.862197392923659
2025-10-10,MBB,MBBank,27400.0,27750.0,27200.0,27450.0,57311050,0.3656307129798808
2025-10-13,MBB,MBBank,27150.0,27400.0,27000.0,27350.0,46685390,-0.36429872495445936
2025-10-14,MBB,MBBank,27500.0,27700.0,27050.0,27050.0,57000280,-1.0968921389396757
2025-10-15,MBB,MBBank,27150.0,27650.0,27100.0,27250.0,31803660,0.7393715341959428
2025-10-16,MBB,MBBank,27300.0,27550.0,27150.0,27200.0,32692530,-0.18348623853210455
2025-10-17,MBB,MBBank,27250.0,27800.0,27100.0,27100.0,43608600,-0.3676470588235281
2025-10-20,MBB,MBBank,26950.0,27100.0,25250.0,25250.0,74615950,-6.826568265682653
2025-10-21,MBB,MBBank,25350.0,26000.0,24800.0,25300.0,54250420,0.1980198019801982
2025-10-22,MBB,MBBank,25600.0,25650.0,24800.0,25450.0,29656130,0.5928853754940677
2025-10-23,MBB,MBBank,25500.0,25700.0,25200.0,25200.0,20633580,-0.9823182711198419
2025-10-24,MBB,MBBank,25150.0,25150.0,24350.0,24400.0,46429010,-3.1746031746031744
2025-10-27,MBB,MBBank,24550.0,24650.0,23800.0,23800.0,53104700,-2.4590163934426257
2025-10-28,MBB,MBBank,23800.0,24000.0,23150.0,24000.0,49595890,0.8403361344537785
2025-10-29,MBB,MBBank,24200.0,24600.0,24050.0,24350.0,28514760,1.4583333333333393
2025-10-30,MBB,MBBank,24400.0,24400.0,23850.0,23950.0,27235650,-1.642710472279263
2025-10-31,MBB,MBBank,23800.0,24100.0,23600.0,23600.0,20228190,-1.4613778705636737
2025-11-03,MBB,MBBank,23700.0,24000.0,23100.0,23100.0,31441710,-2.1186440677966156
2025-11-04,MBB,MBBank,23500.0,24350.0,23200.0,24000.0,38789040,3.8961038961038863
2025-11-05,MBB,MBBank,24000.0,24100.0,23800.0,23900.0,15068990,-0.4166666666666652
2025-11-06,MBB,MBBank,24000.0,24100.0,23600.0,23700.0,10946220,-0.8368200836820106
2025-11-07,MBB,MBBank,23750.0,23750.0,23150.0,23300.0,21383030,-1.6877637130801704
2025-11-10,MBB,MBBank,23300.0,23600.0,23050.0,23100.0,17070010,-0.8583690987124415
2025-11-11,MBB,MBBank,23150.0,23350.0,23000.0,23200.0,15240350,0.43290043290042934
2025-11-12,MBB,MBBank,23350.0,23800.0,23200.0,23700.0,17656290,2.155172413793105
2025-11-13,MBB,MBBank,23750.0,23800.0,23500.0,23500.0,19659540,-0.8438818565400852
2025-11-14,MBB,MBBank,23450.0,23650.0,23300.0,23500.0,16604120,0.0
2025-11-17,MBB,MBBank,23600.0,23950.0,23600.0,23800.0,17020930,1.2765957446808418
2025-11-18,MBB,MBBank,23800.0,23950.0,23700.0,23700.0,19538840,-0.42016806722688926
2025-11-19,MBB,MBBank,23750.0,23800.0,23400.0,23500.0,17691480,-0.8438818565400852
2025-11-20,MBB,MBBank,23700.0,23700.0,23300.0,23350.0,15110000,-0.6382978723404209
2025-11-21,MBB,MBBank,23250.0,23250.0,23000.0,23200.0,26886040,-0.6423982869379063
2025-11-24,MBB,MBBank,23250.0,23400.0,23050.0,23150.0,10563420,-0.21551724137931494
2025-11-25,MBB,MBBank,23200.0,23300.0,22800.0,22850.0,18990390,-1.295896328293733
2025-11-26,MBB,MBBank,22900.0,23450.0,22850.0,23250.0,21658810,1.7505470459518557
2025-11-27,MBB,MBBank,23350.0,23650.0,23300.0,23500.0,23013700,1.0752688172043001
2025-11-28,MBB,MBBank,23500.0,23500.0,23250.0,23250.0,11779500,-1.0638297872340385
2025-12-01,MBB,MBBank,23300.0,23400.0,23200.0,23200.0,7815428,-0.21505376344086446
2025-12-02,MBB,MBBank,23200.0,23600.0,23000.0,23550.0,19197350,1.5086206896551824
2025-12-03,MBB,MBBank,23550.0,24600.0,23550.0,24550.0,57511680,4.24628450106157
2025-12-04,MBB,MBBank,24800.0,26000.0,24800.0,25700.0,81914940,4.6843177189409335
2025-12-05,MBB,MBBank,25800.0,25800.0,25100.0,25150.0,30356340,-2.1400778210116767
2025-12-08,MBB,MBBank,25000.0,25550.0,24850.0,25300.0,22653980,0.5964214711729587
2025-12-09,MBB,MBBank,25050.0,25200.0,24350.0,24700.0,34557300,-2.371541501976282
2025-12-10,MBB,MBBank,24700.0,25450.0,24600.0,25150.0,26956490,1.8218623481781382
2025-12-11,MBB,MBBank,25250.0,25300.0,24700.0,24850.0,17215330,-1.1928429423459286
2025-12-12,MBB,MBBank,24900.0,24950.0,24000.0,24000.0,21888160,-3.420523138832998
2025-12-15,MBB,MBBank,24000.0,24200.0,23650.0,23750.0,16129890,-1.041666666666663
2025-12-16,MBB,MBBank,23850.0,24750.0,23500.0,24450.0,21456580,2.947368421052632
2025-12-17,MBB,MBBank,24550.0,24700.0,24350.0,24400.0,11174950,-0.2044989775051076
2025-12-18,MBB,MBBank,24300.0,24700.0,24250.0,24650.0,12983510,1.0245901639344357
2025-12-19,MBB,MBBank,24650.0,24700.0,24500.0,24700.0,12044310,0.20283975659229903
2025-12-22,MBB,MBBank,24850.0,25400.0,24650.0,25250.0,26614520,2.2267206477732726
2025-12-23,MBB,MBBank,25350.0,25650.0,24900.0,25100.0,22662690,-0.5940594059405946
2025-12-24,MBB,MBBank,25100.0,25550.0,24950.0,25300.0,24910200,0.7968127490039834
2025-12-25,MBB,MBBank,25250.0,25550.0,25000.0,25000.0,21679920,-1.1857707509881465
2025-12-26,MBB,MBBank,24700.0,25000.0,24200.0,24850.0,24404370,-0.6000000000000005
2025-12-29,MBB,MBBank,24850.0,25000.0,24700.0,24850.0,15881090,0.0
2025-12-30,MBB,MBBank,24900.0,25200.0,24850.0,25000.0,12071900,0.6036217303822866
2025-12-31,MBB,MBBank,25000.0,25300.0,24950.0,25300.0,23852000,1.200000000000001
2026-01-05,MBB,MBBank,25350.0,25750.0,24000.0,25350.0,42133510,0.19762845849802257
2026-01-06,MBB,MBBank,25450.0,26750.0,25000.0,26650.0,72216880,5.128205128205132
2026-01-07,MBB,MBBank,26750.0,26850.0,26450.0,26700.0,34682030,0.18761726078799779
2026-01-08,MBB,MBBank,26750.0,27150.0,26500.0,26600.0,47614730,-0.3745318352059934
2026-01-09,MBB,MBBank,26750.0,27700.0,26700.0,27300.0,70056100,2.6315789473684292
2026-01-12,MBB,MBBank,27550.0,28200.0,27550.0,28200.0,57117990,3.296703296703307
2026-01-13,MBB,MBBank,28250.0,28300.0,27450.0,27550.0,47035940,-2.3049645390070927
2026-01-14,MBB,MBBank,27600.0,27950.0,26850.0,27150.0,45185050,-1.4519056261342977
2026-01-15,MBB,MBBank,27050.0,27550.0,26800.0,27250.0,33829360,0.36832412523020164
2026-01-16,MBB,MBBank,27400.0,27700.0,27050.0,27050.0,20393290,-0.7339449541284404
2026-01-19,MBB,MBBank,27200.0,27600.0,27150.0,27500.0,27345750,1.6635859519408491
2026-01-20,MBB,MBBank,27750.0,28000.0,27100.0,27400.0,29423950,-0.363636363636366
2026-01-21,MBB,MBBank,27300.0,27500.0,26900.0,27000.0,27106330,-1.4598540145985384
2026-01-22,MBB,MBBank,27150.0,27450.0,26900.0,26950.0,18391920,-0.18518518518518823
2026-01-23,MBB,MBBank,26950.0,27100.0,26650.0,26950.0,23071120,0.0
2026-01-26,MBB,MBBank,26750.0,26850.0,26000.0,26100.0,32125490,-3.153988868274582
2026-01-27,MBB,MBBank,26150.0,26600.0,26100.0,26500.0,19207760,1.5325670498084198
2026-01-28,MBB,MBBank,26550.0,26750.0,26200.0,26550.0,18494830,0.18867924528302993
2026-01-29,MBB,MBBank,26900.0,26950.0,26300.0,26700.0,19332260,0.5649717514124353
2026-01-30,MBB,MBBank,26750.0,27200.0,26600.0,27200.0,28603280,1.8726591760299671
2026-02-02,MBB,MBBank,27200.0,27600.0,26950.0,27300.0,26020410,0.3676470588235281
2026-02-03,MBB,MBBank,27500.0,28100.0,27500.0,27700.0,51673370,1.46520146520146
2026-02-04,MBB,MBBank,27850.0,28100.0,27550.0,27800.0,26863560,0.3610108303249149
2026-02-05,MBB,MBBank,27850.0,27900.0,27050.0,27050.0,25757460,-2.6978417266187105
2026-02-06,MBB,MBBank,27000.0,28100.0,26450.0,27350.0,54310330,1.109057301293892
2026-02-09,MBB,MBBank,27800.0,28100.0,27400.0,27600.0,25454040,0.9140767824497242
2026-02-10,MBB,MBBank,27800.0,28500.0,27500.0,27850.0,52693220,0.9057971014492683
2026-02-11,MBB,MBBank,28100.0,29500.0,28050.0,29000.0,104677800,4.129263913824066
2026-02-12,MBB,MBBank,29300.0,29300.0,28300.0,28350.0,28098840,-2.2413793103448265
2026-02-13,MBB,MBBank,28600.0,28600.0,28300.0,28300.0,24032640,-0.17636684303351524
2024-01-02,TCB,Techcombank,14600.457177278038,14760.650281103972,14554.687719042056,14691.99609375,19350202,
2024-01-03,TCB,Techcombank,14600.456578915837,14920.8427734375,14577.571850735718,14920.8427734375,12231000,1.5576282366754235
2024-01-04,TCB,Techcombank,14920.843142229985,15401.422445890768,14897.958413484233,15149.6904296875,24997800,1.5337448408571097
2024-01-05,TCB,Techcombank,15149.690503223832,15286.998876364834,15103.921045510166,15195.4599609375,7139800,0.30211529049009034
2024-01-08,TCB,Techcombank,15332.768024880865,15630.269494020346,15264.113839694832,15607.384765625,24867600,2.7108413022470135
2024-01-09,TCB,Techcombank,15561.615602355072,15790.462890625,15470.076687047102,15790.462890625,15671000,1.173022436168969
2024-01-10,TCB,Techcombank,15813.347545535065,15882.00173169513,15676.039173214935,15744.693359375,14949600,-0.28985553854266044
2024-01-11,TCB,Techcombank,15698.92371659956,15836.232087298682,15470.076432101025,15630.26953125,21595000,-0.7267453580279915
2024-01-12,TCB,Techcombank,15492.961523719336,15882.001916486292,15355.653149801587,15859.1171875,23973600,1.4641312217454683
2024-01-15,TCB,Techcombank,15882.001657024417,15927.77111424927,15698.923828125,15698.923828125,13896200,-1.010102627284093
2024-01-16,TCB,Techcombank,15607.384802800147,15653.154259699853,15470.076432101025,15630.26953125,12925800,-0.4373184915516526
2024-01-17,TCB,Techcombank,15630.269456681352,15859.116740088106,15561.615271659326,15584.5,10232402,-0.2928262443490981
2024-01-18,TCB,Techcombank,15676.039173214935,15836.232274255088,15584.500258334847,15744.693359375,12470800,1.027901821521393
2024-01-19,TCB,Techcombank,15836.232676144491,16087.964698453146,15790.463217542918,15996.42578125,16596800,1.598839787661599
2024-01-22,TCB,Techcombank,16156.618886355507,16156.618886355507,15882.002134746066,15996.42578125,11511800,0.0
2024-01-23,TCB,Techcombank,16248.156211433357,16477.003482016924,16202.386757316643,16225.271484375,28445800,1.4306052255325552
2024-01-24,TCB,Techcombank,16133.734375,16271.042752659574,16133.734375,16133.734375,8206000,-0.5641638074478483
2024-01-25,TCB,Techcombank,16133.733210100445,16133.733210100445,15973.540114397321,16019.3095703125,11194800,-0.7092270272207157
2024-01-26,TCB,Techcombank,16042.194596630032,16248.15715207892,16019.309868246823,16202.3876953125,7004400,1.1428590239574765
2024-01-29,TCB,Techcombank,16225.273293439715,16316.812211879433,16110.84964539007,16133.734375,14418200,-0.42372347584523906
2024-01-30,TCB,Techcombank,16065.080150257458,16133.734338933773,15882.002313787287,16110.849609375,11647600,-0.1418441948595639
2024-01-31,TCB,Techcombank,16110.849131693198,16133.733860573444,15744.693469609261,15813.34765625,19666664,-1.8465938193097053
2024-02-01,TCB,Techcombank,15767.57790194912,15859.116815748535,15561.615345900438,15630.26953125,21848200,-1.1577442612389577
2024-02-02,TCB,Techcombank,15561.615345900438,15767.57790194912,15561.615345900438,15630.26953125,19470338,0.0
2024-02-05,TCB,Techcombank,15767.578875990317,16477.005501760563,15744.694146126762,16248.158203125,20177800,3.953154298712769
2024-02-06,TCB,Techcombank,16316.8115234375,16568.543538525595,16293.926794793128,16316.8115234375,8543800,0.4225298612571038
2024-02-07,TCB,Techcombank,16385.465943364612,17072.0078125,16385.465943364612,17072.0078125,25044400,4.628332489945941
2024-02-15,TCB,Techcombank,17163.54751586914,17827.204686482746,17140.66278584798,17575.47265625,31937000,2.9490663856266863
2024-02-16,TCB,Techcombank,17621.2421875,17712.781107954546,17346.625426136365,17621.2421875,16837660,0.26041707182038465
2024-02-19,TCB,Techcombank,17644.12526359656,17872.972543280044,17598.355807659864,17804.318359375,33588600,1.038951567244606
2024-02-20,TCB,Techcombank,17758.548903438303,17850.087815311697,17621.240535628214,17804.318359375,24592400,0.0
2024-02-21,TCB,Techcombank,17735.66425030048,18010.280987079324,17667.01006610577,17850.087890625,30572400,0.2570698317461817
2024-02-22,TCB,Techcombank,17850.088835685485,18467.97652615152,17827.204106408964,18445.091796875,25506400,3.3333388042447787
2024-02-23,TCB,Techcombank,18651.054212613,19383.36554366038,18307.78327618454,18353.552734375,50857200,-0.49627870388537776
2024-02-26,TCB,Techcombank,18399.321070995145,18994.323991201458,18399.321070995145,18857.015625,25951600,2.743135881708869
2024-02-27,TCB,Techcombank,18948.555097213943,19200.287109375,18765.477270187723,19200.287109375,19690002,1.8203913662769633
2024-02-28,TCB,Techcombank,19246.0567517032,19383.3651232968,19017.209465713862,19314.7109375,16835200,0.595948526567236
2024-02-29,TCB,Techcombank,19429.13458049467,19429.13458049467,18925.670551318126,19314.7109375,25026200,0.0
2024-03-01,TCB,Techcombank,19085.86339325717,19154.517578125,18879.900838653673,19154.517578125,25380200,-0.8293852281474279
2024-03-04,TCB,Techcombank,19108.748121546447,19314.71067614994,18925.67029523223,19154.517578125,18963600,0.0
2024-03-05,TCB,Techcombank,19131.63310870853,19314.7109375,18948.555279917062,19314.7109375,17091000,0.8363215555893033
2024-03-06,TCB,Techcombank,19246.057152320907,19909.714295504386,19131.633506944447,19566.443359375,22334800,1.3033196442316708
2024-03-07,TCB,Techcombank,19612.21074264598,19818.173282533742,19406.248202758215,19497.787109375,15973200,-0.3508877353896045
2024-03-08,TCB,Techcombank,19429.135682641005,19497.789872332316,18765.478515625,18765.478515625,45374600,-3.7558549062108093
2024-03-11,TCB,Techcombank,18719.706644492573,18857.015006188118,18262.012105507427,18490.859375,22763200,-1.4634273269202303
2024-03-12,TCB,Techcombank,18467.975254095873,18902.785080400485,18353.55161559466,18857.015625,17754200,1.9802013663845708
2024-03-13,TCB,Techcombank,18857.016220238096,19223.171875,18742.592578125,19223.171875,40743600,1.941750790695429
2024-03-14,TCB,Techcombank,19268.94286401721,19268.94286401721,18879.902449898098,18948.556640625,15691000,-1.428563590653531
2024-03-15,TCB,Techcombank,18879.902449898098,19062.980291836502,18490.862035778984,18948.556640625,15081600,0.0
2024-03-18,TCB,Techcombank,18857.016774470074,18857.016774470074,18033.166527041772,18353.552734375,31286200,-3.1401014733456467
2024-03-19,TCB,Techcombank,18399.322338321963,18490.86125542804,18124.705587003722,18445.091796875,11887800,0.4987539133420871
2024-03-20,TCB,Techcombank,18490.860778664304,19429.134654809397,18330.667677859044,19360.48046875,36474600,4.962776449993522
2024-03-21,TCB,Techcombank,19497.788949902995,20642.025390625,19497.788949902995,20642.025390625,39270200,6.619385939019229
2024-03-22,TCB,Techcombank,20825.10307193068,20825.10307193068,20161.445941066955,20550.486328125,28426400,-0.4434596933572954
2024-03-25,TCB,Techcombank,20870.872453962053,21237.02811104911,20207.21532549177,20504.716796875,30771800,-0.22271750906138754
2024-03-26,TCB,Techcombank,20504.717627856367,21145.490053726877,20367.409250884113,21031.06640625,21044040,2.5669684423791583
2024-03-27,TCB,Techcombank,21145.489760565313,21145.489760565313,20642.02571864709,20847.98828125,11962200,-0.8705127997959861
2024-03-28,TCB,Techcombank,22289.72604980469,22289.72604980469,21832.031469726564,21969.33984375,62190200,5.378703917962713
2024-03-29,TCB,Techcombank,21946.4528128286,22037.991719242902,21763.375,21763.375,18092200,-0.9375103904571525
2024-04-01,TCB,Techcombank,21763.37687903385,21832.031064772127,21442.99067892189,21717.607421875,22362000,-0.21029632639698592
2024-04-02,TCB,Techcombank,21786.261755640084,21969.339585519414,21511.645010821092,21809.146484375,57887540,0.4214969942213598
2024-04-03,TCB,Techcombank,21694.722205528844,21946.454214242785,21420.10546875,21420.10546875,29857400,-1.7838433792158104
2024-04-04,TCB,Techcombank,21282.796492866848,21397.22012992527,21031.064491338315,21053.94921875,22165420,-1.7094045149973147
2024-04-05,TCB,Techcombank,20825.103295250276,21008.181126417312,20664.91019297912,20687.794921875,28771200,-1.7391240620496684
2024-04-08,TCB,Techcombank,20596.256224244506,20985.296619591347,20550.486765968406,20825.103515625,21378800,0.6637178793995613
2024-04-09,TCB,Techcombank,20825.10373311272,20962.412109375,20687.795356850438,20962.412109375,11468400,0.659341710580108
2024-04-10,TCB,Techcombank,21053.95091730559,21420.10658543264,20870.87308324206,20893.7578125,15725800,-0.3275114357869868
2024-04-11,TCB,Techcombank,20619.14066181056,20893.757407583842,20573.37120418168,20642.025390625,28750400,-1.2048211917360163
2024-04-12,TCB,Techcombank,20802.218243176423,21717.607384790346,20642.02514339399,21694.72265625,28684600,5.099777011722417
2024-04-15,TCB,Techcombank,21603.18552927928,21717.60918144707,20230.101703265766,20321.640625,32441600,-6.329106174834786
2024-04-16,TCB,Techcombank,20573.371495106458,20825.103515625,20230.100558035716,20825.103515625,31543600,2.4774716762072435
2024-04-17,TCB,Techcombank,20825.10303442029,20870.872491638795,20436.062648062987,20527.6015625,18406000,-1.428573706256897
2024-04-19,TCB,Techcombank,20138.560919943822,20436.062388079354,19841.059451808287,20367.408203125,30254800,-0.7803803035014267
2024-04-22,TCB,Techcombank,20756.449145372928,20916.642247928175,20550.486584944752,20710.6796875,14132600,1.6853960059696416
2024-04-23,TCB,Techcombank,20825.104018702652,21740.493206337935,20825.104018702652,21145.490234375,32925800,2.099450879622422
2024-04-24,TCB,Techcombank,21420.105618351066,21534.529259474737,21237.027792553192,21511.64453125,21691660,1.7315952139987045
2024-04-25,TCB,Techcombank,21511.6438837351,21511.6438837351,20962.41042287378,21122.603515625,18471192,-1.8085135939274188
2024-04-26,TCB,Techcombank,21053.951599383046,21465.876739370975,20893.75848938774,21328.568359375,21072780,0.9750921262979828
2024-05-02,TCB,Techcombank,21420.10550627001,21488.75969058498,21214.142953325107,21442.990234375,9015400,0.5364723645396641
2024-05-03,TCB,Techcombank,21740.49269806795,22335.495656120333,21694.723239756226,22060.87890625,29359120,2.881541543979571
2024-05-06,TCB,Techcombank,22198.185431747672,22289.72434074457,21923.56870475698,22129.53125,26755000,0.31119496209441877
2024-05-07,TCB,Techcombank,22129.532872847078,22129.532872847078,21832.03139679019,21923.5703125,20683600,-0.9307062819055467
2024-05-08,TCB,Techcombank,21923.570531314836,22518.57348936722,21648.953781444503,22060.87890625,30772600,0.6263058060014703
2024-05-09,TCB,Techcombank,22243.95692240712,22381.26529847136,21877.801252902475,22175.302734375,22070460,0.5186730257269234
2024-05-10,TCB,Techcombank,22335.493911082474,22335.493911082474,21923.56881846005,22198.185546875,15958600,0.10319053035758863
2024-05-13,TCB,Techcombank,22198.18742736312,22266.8416152828,21969.34013429752,22152.41796875,25289600,-0.20617711311744502
2024-05-14,TCB,Techcombank,22175.302330701983,22175.302330701983,21900.685583572547,21923.5703125,17671600,-1.0330594907193902
2024-05-15,TCB,Techcombank,21923.570458679835,22037.99410408004,21854.91627143971,22015.109375,20052200,0.41753720400097283
2024-05-16,TCB,Techcombank,22198.18658801979,22861.84371281626,22152.417131137274,22838.958984375,42726200,3.742200846435728
2024-05-17,TCB,Techcombank,22770.306640625,22884.730292085427,22724.537180040832,22770.306640625,13221500,-0.3005931391048433
2024-05-20,TCB,Techcombank,22861.843563333125,23113.575574540995,22678.765737000125,22747.419921875,22899200,-0.10051124524237398
2024-05-21,TCB,Techcombank,23429.355865995763,23478.065545550846,22917.904230667373,22990.96875,38247000,1.0706657236796868
2024-05-22,TCB,Techcombank,23015.323286385374,23137.097483667836,22576.93617616851,22601.291015625,30711800,-1.6949165501127461
2024-05-23,TCB,Techcombank,22552.58064516129,22723.064516129034,22333.387096774193,22650.0,14477800,0.21551416837792825
2024-05-24,TCB,Techcombank,22479.516818342538,23015.323286385374,22309.032942147092,22601.291015625,43507200,-0.2150507036423832
2024-05-27,TCB,Techcombank,22601.290322580648,22698.709677419356,22406.451612903227,22650.0,10155400,0.21551416837792825
2024-05-28,TCB,Techcombank,22650.00112440032,22869.19468366871,22552.58176472548,22844.83984375,12029800,0.860220060706407
2024-05-29,TCB,Techcombank,22893.548387096776,22917.903225806454,22601.290322580648,22650.0,14617200,-0.8528833867194052
2024-05-30,TCB,Techcombank,22430.8063276242,22796.12890625,22333.386973323984,22796.12890625,15283402,0.6451607339955867
2024-05-31,TCB,Techcombank,22796.129471409575,22893.548828125,22552.58107962101,22893.548828125,15908400,0.4273529171362478
2024-06-03,TCB,Techcombank,23137.09715502386,23234.516511466067,22942.25844213945,22966.61328125,24582000,0.3191486548177247
2024-06-04,TCB,Techcombank,23137.09696280856,23283.225996257876,22893.548573726366,23185.806640625,24478000,0.9544000096607608
2024-06-05,TCB,Techcombank,23234.51701480263,23258.87185444079,22990.96861842105,23137.09765625,25862200,-0.2100810428120048
2024-06-06,TCB,Techcombank,23161.452923583984,23380.646484375,22990.96904296875,23380.646484375,26557200,1.0526334449697528
2024-06-07,TCB,Techcombank,23867.74344450102,24208.711207993892,23721.614403004074,23916.453125,37687400,2.291667345396431
2024-06-10,TCB,Techcombank,24111.291279236964,24111.291279236964,23551.129966689034,23819.033203125,22350800,-0.40733432071148323
2024-06-11,TCB,Techcombank,24111.29108092705,24281.77495725684,23940.807204597262,24038.2265625,33371200,0.9202445687268357
2024-06-12,TCB,Techcombank,24038.227191137397,24111.2917114752,23867.74331034919,24062.58203125,27645920,0.10131974040046288
2024-06-13,TCB,Techcombank,24111.2917114752,24160.001391700403,24013.8723510248,24062.58203125,17349800,0.0
2024-06-14,TCB,Techcombank,24111.29184699593,24135.64668724542,23916.453125,23916.453125,19663400,-0.607286890742742
2024-06-17,TCB,Techcombank,23892.097855179396,23892.097855179396,23624.1946172518,23672.904296875,27092400,-1.0183317185541108
2024-06-18,TCB,Techcombank,23672.902912077356,23916.451295946463,23478.064204982067,23770.322265625,88774600,0.4115167599560543
2024-06-19,TCB,Techcombank,23867.74314990942,23867.74314990942,23453.710870778337,23526.775390625,64524600,-1.0245838162329046
2024-06-20,TCB,Techcombank,23916.451612903227,24500.967741935485,23867.74193548387,24160.0,36583800,2.6915061620698344
2024-06-21,TCB,Techcombank,24306.12928890306,24306.12928890306,23575.48411989796,23867.7421875,11686300,-1.2096763762417195
2024-06-24,TCB,Techcombank,23867.74199993476,23867.74199993476,22990.96780401879,23331.935546875,14634100,-2.244898727394551
2024-06-25,TCB,Techcombank,23331.93680419922,23380.646484375,22796.130322265624,23380.646484375,12095000,0.20877366732878766
2024-06-26,TCB,Techcombank,23331.93680419922,23380.646484375,22942.259362792967,23380.646484375,58321500,0.0
2024-06-27,TCB,Techcombank,23039.678563099682,23088.3882429371,22747.42048407516,22844.83984375,32338200,-2.291667345396431
2024-06-28,TCB,Techcombank,22844.839279142132,22893.548957775696,21919.35538510439,22747.419921875,27544500,-0.4264416933597026
2024-07-01,TCB,Techcombank,22503.87148178808,22503.87148178808,22065.484375,22065.484375,9512800,-2.997858874619963
2024-07-02,TCB,Techcombank,22260.323523642197,22601.291280021836,22065.484805710974,22309.033203125,9248300,1.1037547328937691
2024-07-03,TCB,Techcombank,22357.74236619016,22942.258506482714,22309.032687832445,22893.548828125,10183800,2.6200849659326453
2024-07-04,TCB,Techcombank,22893.548828125,22942.258506482714,22698.71011469415,22893.548828125,5683100,0.0
2024-07-05,TCB,Techcombank,22747.41979305186,22893.548828125,22601.290757978724,22893.548828125,8952700,0.0
2024-07-08,TCB,Techcombank,22893.549523587422,22893.549523587422,22503.872084888062,22844.83984375,7543600,-0.2127629261006514
2024-07-09,TCB,Techcombank,22698.710243241436,22893.548957775696,22650.00056460787,22747.419921875,11389200,-0.4264416933597026
2024-07-10,TCB,Techcombank,22796.130433315335,22844.8401137284,22503.872350836933,22552.58203125,10290600,-0.8565274272606005
2024-07-11,TCB,Techcombank,22552.581028988487,22747.41974198191,22211.61328125,22211.61328125,15569800,-1.5118834265962833
2024-07-12,TCB,Techcombank,22260.322959498357,22406.451994243424,22211.61328125,22211.61328125,6743800,0.0
2024-07-15,TCB,Techcombank,22260.323089128036,22309.032767660046,22016.774696467994,22065.484375,6070600,-0.6578941583381348
2024-07-16,TCB,Techcombank,22065.48368237197,22260.322390384084,21968.064328365916,22114.193359375,12585900,0.22074740598119202
2024-07-17,TCB,Techcombank,22260.322216178796,23575.483484968354,22211.61253955696,23088.38671875,30471410,4.405285526555303
2024-07-18,TCB,Techcombank,23088.38671875,23234.515748615504,22698.709305775315,23088.38671875,14816300,0.0
2024-07-19,TCB,Techcombank,23137.09664630075,23137.09664630075,22503.87084334936,22796.12890625,14242100,-1.2658217140076644
2024-07-22,TCB,Techcombank,22698.709987777485,23185.80676863108,22406.451919265328,23039.677734375,14972100,1.0683780089444372
2024-07-23,TCB,Techcombank,23185.80729731562,23185.80729731562,22406.45243017896,22455.162109375,14771200,-2.5369956634762603
2024-07-24,TCB,Techcombank,22260.324082880434,22601.291847826087,22260.324082880434,22406.453125,11077000,-0.2169166454365712
2024-07-25,TCB,Techcombank,22260.323656421704,22309.033336195054,21968.065577781595,22162.904296875,10033700,-1.086958416694972
2024-07-26,TCB,Techcombank,22114.19461710165,22260.323656421704,22016.775257554946,22162.904296875,6956500,0.0
2024-07-29,TCB,Techcombank,22260.323656421704,22357.743015968408,22162.904296875,22162.904296875,6236701,0.0
2024-07-30,TCB,Techcombank,22114.193797657954,22357.7421875,22016.774441721132,22357.7421875,7473500,0.8791171410349463
2024-07-31,TCB,Techcombank,22406.451612903227,22747.419354838712,22357.74193548387,22650.0,15112900,1.307188400550574
2024-08-01,TCB,Techcombank,22601.291847826087,22650.001528532608,21968.065998641305,22406.453125,15387400,-1.0752621412803531
2024-08-02,TCB,Techcombank,21968.06493932846,22893.548828125,21968.06493932846,22893.548828125,14275300,2.173908116593082
2024-08-05,TCB,Techcombank,22406.453107483183,22406.453107483183,21724.517578125,21724.517578125,16860500,-5.106378477083606
2024-08-06,TCB,Techcombank,21821.93693946188,22016.77566213565,21480.96917478279,21724.517578125,25516500,0.0
2024-08-07,TCB,Techcombank,21821.93606651376,21821.93606651376,21188.710243155103,21237.419921875,21275700,-2.2421563769980835
2024-08-08,TCB,Techcombank,21042.580710431655,21091.290388002097,20214.516191734114,20311.935546875,41503400,-4.357800422106505
2024-08-09,TCB,Techcombank,20458.065017772515,20750.323089454978,20458.065017772515,20555.484375,15115100,1.1990429349431064
2024-08-12,TCB,Techcombank,20652.903602941176,20701.61328125,20458.06488970588,20701.61328125,10900200,0.7108998434876446
2024-08-13,TCB,Techcombank,20652.90316220238,20652.90316220238,20360.64509858631,20458.064453125,12411700,-1.1764726971573158
2024-08-14,TCB,Techcombank,20506.77525703862,20750.32365676592,20360.64621720224,20652.904296875,21044400,0.9523864987151187
2024-08-15,TCB,Techcombank,20652.903036347518,20652.903036347518,20409.35465148493,20604.193359375,10972200,-0.23585514559988363
2024-08-16,TCB,Techcombank,20604.193113527097,20993.870524657632,20506.77376074446,20896.451171875,23458600,1.4184385061937865
2024-08-19,TCB,Techcombank,20993.87208369007,21383.549523758564,20847.743043664384,21334.83984375,15738900,2.0979096798265706
2024-08-20,TCB,Techcombank,21383.548260512016,21480.96761477403,21237.419229118994,21286.12890625,12809000,-0.22831639635799705
2024-08-21,TCB,Techcombank,21139.999751420455,21529.67716619318,20993.87072088068,21432.2578125,24738300,0.6864982679264608
2024-08-22,TCB,Techcombank,21432.258808724833,22065.48463716443,21432.258808724833,21773.2265625,28967900,1.5909138131080969
2024-08-23,TCB,Techcombank,21773.22586931501,21919.35490199498,21627.096836635046,21821.935546875,27522100,0.2237104557525349
2024-08-26,TCB,Techcombank,21919.35546875,22065.484505208333,21821.93611111111,21919.35546875,22585600,0.4464311686089184
2024-08-28,TCB,Techcombank,22114.19504076087,22552.582167119566,22016.775679347826,22406.453125,24136000,2.2222261824461187
2024-08-29,TCB,Techcombank,22406.453125,22650.001528532608,22406.453125,22406.453125,16888300,0.0
2024-08-30,TCB,Techcombank,22406.452171440043,22747.419921875,22406.452171440043,22747.419921875,13445500,1.521734809935471
2024-09-04,TCB,Techcombank,22455.16280570652,22650.001528532608,22260.324082880434,22406.453125,13719600,-1.4989251442406926
2024-09-05,TCB,Techcombank,22309.03263774671,22455.161672491777,22114.19392475329,22211.61328125,13972600,-0.8695702200747113
2024-09-06,TCB,Techcombank,22211.61328125,22357.742315995067,22065.484246504933,22211.61328125,13500400,0.0
2024-09-09,TCB,Techcombank,22114.19405353201,22260.323089128036,22016.774696467994,22065.484375,17151500,-0.6578941583381348
2024-09-10,TCB,Techcombank,22114.19374122191,22162.90341906601,21627.0969627809,21675.806640625,15470100,-1.766005802331272
2024-09-11,TCB,Techcombank,21578.38741250707,21675.80676877121,21383.54869997879,21529.677734375,28373100,-0.6741567161617112
2024-09-12,TCB,Techcombank,21724.517578125,21821.93693946188,21578.388536119674,21724.517578125,10882900,0.9049826298092256
2024-09-13,TCB,Techcombank,21724.517015061938,21773.226694467907,21578.38797684403,21627.09765625,10203800,-0.44843307348327865
2024-09-16,TCB,Techcombank,21627.09765625,22114.194450309686,21627.09765625,21627.09765625,16263300,0.0
2024-09-17,TCB,Techcombank,21578.38813959478,22162.904296875,21578.38813959478,22162.904296875,11705510,2.4774782503937054
2024-09-18,TCB,Techcombank,22162.904721467392,22503.872486413045,22114.19504076087,22406.453125,38316600,1.0989030357331897
2024-09-19,TCB,Techcombank,22601.291015625,22601.291015625,22309.032942147092,22601.291015625,14032600,0.8695615032778603
2024-09-20,TCB,Techcombank,22698.709428078557,23088.386843152868,22698.709428078557,22942.2578125,30615100,1.5086164619502407
2024-09-23,TCB,Techcombank,22942.25863640926,23137.097350943524,22747.419921875,22747.419921875,15699000,-0.8492533394810153
2024-09-24,TCB,Techcombank,22698.709428078557,22990.96748938429,22698.709428078557,22942.2578125,19034500,0.8565274272605894
2024-09-25,TCB,Techcombank,23137.09696280856,23331.935674074317,22990.96792935924,23185.806640625,35846800,1.0615730592666628
2024-09-26,TCB,Techcombank,23185.806389393154,23770.322516856846,23039.67735752723,23478.064453125,36214900,1.2605031044635728
2024-09-27,TCB,Techcombank,23575.484375,23721.61341038223,23429.355339617767,23575.484375,16900100,0.4149401756243787
2024-09-30,TCB,Techcombank,23526.774696539254,23721.61341038223,23331.93598269628,23575.484375,21749800,0.0
2024-10-01,TCB,Techcombank,23575.48399467546,24160.00012677485,23526.77431700051,24013.87109375,42036400,1.8595024890130096
2024-10-02,TCB,Techcombank,23916.452171969126,24500.96831466491,23721.6134577372,24257.419921875,30542200,1.0142006141957927
2024-10-03,TCB,Techcombank,24306.129419597022,24549.677810574947,23721.61328125,23721.61328125,29754600,-2.208836068925113
2024-10-04,TCB,Techcombank,23721.61354112526,23819.032898583682,23429.35546875,23429.35546875,21449400,-1.2320317721856044
2024-10-07,TCB,Techcombank,23624.19475042055,23721.6141102161,23380.646350931678,23526.775390625,12863900,0.4158028248149481
2024-10-08,TCB,Techcombank,23575.48355852971,23965.160972720285,23575.48355852971,23770.322265625,16248500,1.0351902075668606
2024-10-09,TCB,Techcombank,23770.322705375256,24111.2904490999,23672.903350025357,24013.87109375,22177200,1.02459203288634
2024-10-10,TCB,Techcombank,24257.420888492874,24354.840249490837,23916.453125,23916.453125,18247800,-0.4056737390222498
2024-10-11,TCB,Techcombank,23916.452561828988,23965.162241180984,23624.194485717027,23819.033203125,13916200,-0.40733432071148323
2024-10-14,TCB,Techcombank,23916.45199403234,23965.161672227925,23721.61328125,23721.61328125,13123500,-0.40900031938415626
2024-10-15,TCB,Techcombank,23721.61271343428,23965.161098582474,23526.77400531572,23624.193359375,14676800,-0.4106800019035961
2024-10-16,TCB,Techcombank,23575.484375,23672.903731921488,23478.065018078512,23575.484375,15668700,-0.2061826350387097
2024-10-17,TCB,Techcombank,23575.484246663244,23770.322959445584,23478.064890272075,23721.61328125,9452800,0.6198341630043291
2024-10-18,TCB,Techcombank,23819.033203125,24160.000958588957,23770.323523773008,23819.033203125,15574700,0.410680001903585
2024-10-21,TCB,Techcombank,23819.033470011647,23867.74314990942,23478.065710727227,23526.775390625,13585000,-1.2269927583024476
2024-10-22,TCB,Techcombank,23575.484375,23770.323088842975,23380.645661157025,23575.484375,19789300,0.20703638117107737
2024-10-23,TCB,Techcombank,23575.484375,23672.903731921488,23137.097268853304,23575.484375,20381400,0.0
2024-10-24,TCB,Techcombank,23526.774515228593,23575.484193313954,22942.258378204282,23039.677734375,17222800,-2.2727280258690308
2024-10-25,TCB,Techcombank,23137.097219913565,23234.51657662899,22796.129471409575,22893.548828125,18284200,-0.6342489158690623
2024-10-28,TCB,Techcombank,22893.54870011892,23088.38741246036,22844.839022033564,23039.677734375,7160103,0.6382973096354494
2024-10-29,TCB,Techcombank,23088.38797697368,23234.51701480263,23088.38797697368,23137.09765625,6629901,0.42283543632057885
2024-10-31,TCB,Techcombank,23380.64592050209,23478.065278504182,23234.516883498953,23283.2265625,8621601,0.63157837867589
2024-11-01,TCB,Techcombank,23234.515748615504,23380.64477848101,23088.38671875,23088.38671875,15280800,-0.8368249272796668
2024-11-04,TCB,Techcombank,23137.097922774523,23137.097922774523,22796.13016391258,22844.83984375,16960100,-1.0548457887801121
2024-11-06,TCB,Techcombank,22990.968488493723,23429.35559950314,22990.968488493723,23283.2265625,18270200,1.918974795833095
2024-11-07,TCB,Techcombank,23526.775660868712,23526.775660868712,23234.517578125,23234.517578125,8695800,-0.2092020375451309
2024-11-08,TCB,Techcombank,23380.646186440677,23380.646186440677,22844.839711334746,22990.96875,13220800,-1.0482198621343364
2024-11-11,TCB,Techcombank,23088.38780475485,23088.38780475485,22455.161978886048,22601.291015625,26301300,-1.6949165501127461
2024-11-12,TCB,Techcombank,22796.12986374729,22796.12986374729,22309.03307178688,22455.162109375,22626100,-0.6465511467861562
2024-11-13,TCB,Techcombank,22406.4529900108,22552.58203125,22114.194907532397,22552.58203125,16466900,0.43384198876179614
2024-11-14,TCB,Techcombank,22406.451994243424,22455.161672491777,22162.903603001647,22211.61328125,9866600,-1.5118834265962833
2024-11-15,TCB,Techcombank,22211.61424693764,22211.61424693764,21821.936804008907,21870.646484375,15154100,-1.5350834383688339
2024-11-18,TCB,Techcombank,21821.936804008907,22114.194886205456,21627.098082544544,21870.646484375,12312400,0.0
2024-11-19,TCB,Techcombank,21968.064579554968,21968.064579554968,21627.096836635046,21821.935546875,8502100,-0.22272289726231742
2024-11-20,TCB,Techcombank,21724.51582159464,22260.322265625,21675.806144864608,22260.322265625,10279500,2.008926833315572
2024-11-21,TCB,Techcombank,22211.613584321123,22601.291015625,22016.77486866918,22601.291015625,11574400,1.5317332154105134
2024-11-22,TCB,Techcombank,22601.290757978724,22942.258506482714,22552.58107962101,22893.548828125,33053600,1.2931022935723124
2024-11-25,TCB,Techcombank,22893.548828125,22990.968184840425,22796.129471409575,22893.548828125,11738600,0.0
2024-11-26,TCB,Techcombank,22893.54813561571,23088.386843152868,22844.838458731425,22942.2578125,14264400,0.2127629261006403
2024-11-27,TCB,Techcombank,22893.548828125,22990.968184840425,22747.41979305186,22893.548828125,9728200,-0.21231120656511893
2024-11-28,TCB,Techcombank,23039.678429555086,23088.38810911017,22796.13003177966,22990.96875,9790900,0.4255343835348091
2024-11-29,TCB,Techcombank,22893.54939088983,22990.96875,22747.420352224577,22990.96875,10974400,0.0
2024-12-02,TCB,Techcombank,23088.38741246036,23088.38741246036,22796.129343948203,23039.677734375,7071301,0.21186138307025537
2024-12-03,TCB,Techcombank,23039.677734375,23137.097090545718,22844.839022033564,23039.677734375,10358700,0.0
2024-12-04,TCB,Techcombank,22844.83984375,22990.96888326226,22796.13016391258,22844.83984375,8491302,-0.8456623954175568
2024-12-05,TCB,Techcombank,22844.83919808884,23575.484375,22747.419841167353,23575.484375,17651200,3.1982913263884916
2024-12-06,TCB,Techcombank,23575.485070522773,23624.19475042055,23331.9366710339,23526.775390625,17444760,-0.2066086261483191
2024-12-09,TCB,Techcombank,23478.065710727227,23672.904430318322,23331.9366710339,23526.775390625,8318200,0.0
2024-12-10,TCB,Techcombank,23429.35546875,23575.48450493763,23380.64579002079,23429.35546875,8221400,-0.41408106405359524
2024-12-11,TCB,Techcombank,23429.35603082945,23672.904430318322,23380.646350931678,23526.775390625,10641200,0.4158028248149481
2024-12-12,TCB,Techcombank,23575.483682345362,23867.741744523195,23526.77400531572,23624.193359375,18554600,0.41407276234217694
2024-12-13,TCB,Techcombank,23672.903603054416,23916.45199403234,23478.064890272075,23721.61328125,15732500,0.4123735375554771
2024-12-16,TCB,Techcombank,23672.904296875,23770.3236561214,23478.0655783822,23672.904296875,13385140,-0.20533588418920612
2024-12-17,TCB,Techcombank,23770.323088842975,23770.323088842975,23526.774696539254,23575.484375,19221400,-0.41152501042239775
2024-12-18,TCB,Techcombank,23624.194053460742,23672.903731921488,23478.065018078512,23575.484375,30364010,0.0
2024-12-19,TCB,Techcombank,23380.64605263158,23429.355731907894,23137.09765625,23137.09765625,18864390,-1.8595024890130207
2024-12-20,TCB,Techcombank,23234.516318441438,23331.935674074317,23185.806640625,23185.806640625,9341750,0.21052331238202715
2024-12-23,TCB,Techcombank,23380.64592050209,23429.35559950314,23185.80720449791,23283.2265625,7902800,0.4201705094197816
2024-12-24,TCB,Techcombank,23429.35616455078,23429.35616455078,23185.807763671874,23380.646484375,10919380,0.41841246363982787
2024-12-25,TCB,Techcombank,23380.646088957055,24257.420317292945,23331.936409605063,23819.033203125,22484760,1.8749982770706053
2024-12-26,TCB,Techcombank,23867.742315836756,23916.45199403234,23672.903603054416,23721.61328125,16412350,-0.40900031938415626
2024-12-27,TCB,Techcombank,23867.74275120681,24257.420183879574,23819.033072122715,23965.162109375,17282850,1.0266958879963983
2024-12-30,TCB,Techcombank,24111.29000304175,24111.29000304175,23721.612588851178,23770.322265625,17581200,-0.8130128344668308
2024-12-31,TCB,Techcombank,23721.613027700307,24013.87109375,23721.613027700307,24013.87109375,12111500,1.02459203288634
2025-01-02,TCB,Techcombank,24013.871350423513,24062.581028619097,23672.903603054416,23721.61328125,12334500,-1.2170374837069287
2025-01-03,TCB,Techcombank,23721.613943326272,23721.613943326272,22990.96875,22990.96875,24408400,-3.080079430464011
2025-01-06,TCB,Techcombank,22990.96875,23234.517147775423,22893.54939088983,22990.96875,8175100,0.0
2025-01-07,TCB,Techcombank,23283.226124801797,23283.226124801797,22942.258378204282,23039.677734375,8254000,0.21186138307025537
2025-01-08,TCB,Techcombank,23185.80651422234,23672.90328973121,23039.677481569677,23331.935546875,12801000,1.2684978317381246
2025-01-09,TCB,Techcombank,23429.354901976774,23429.354901976774,23137.09683667145,23331.935546875,6159600,0.0
2025-01-10,TCB,Techcombank,23380.64503205128,23380.64503205128,22796.12890625,22796.12890625,6657100,-2.296451743356387
2025-01-13,TCB,Techcombank,22601.29050682773,23185.806640625,22552.58082901129,23185.806640625,8004200,1.7094031007526045
2025-01-14,TCB,Techcombank,22942.259070444914,23137.097788665254,22893.54939088983,22990.96875,5054100,-0.8403325950437912
2025-01-15,TCB,Techcombank,23185.80607199367,23283.225425237342,23039.67704212816,23088.38671875,7076900,0.42372276614051074
2025-01-16,TCB,Techcombank,23234.517578125,23331.93693903957,22990.969175838574,23234.517578125,8713000,0.6329193163432612
2025-01-17,TCB,Techcombank,23234.51582111296,23770.322265625,23137.096467565316,23770.322265625,10306550,2.3060719281060127
2025-01-20,TCB,Techcombank,23770.322265625,23867.741619172644,23624.193235303534,23770.322265625,13279000,0.0
2025-01-21,TCB,Techcombank,23770.323088842975,23867.742445764463,23526.774696539254,23575.484375,8439900,-0.8196686963170108
2025-01-22,TCB,Techcombank,23819.032767303717,23819.032767303717,23526.774696539254,23575.484375,13909200,0.0
2025-01-23,TCB,Techcombank,23721.613713954524,24208.71050479548,23624.194355786334,23965.162109375,27232000,1.6528938628646905
2025-01-24,TCB,Techcombank,24160.000694444447,24208.71037326389,24013.87165798611,24111.291015625,11330500,0.60975555092464
2025-02-03,TCB,Techcombank,23867.741744523195,24062.580452641752,23624.193359375,23624.193359375,12611800,-2.0202056204055685
2025-02-04,TCB,Techcombank,23721.613027700307,24062.58077142495,23672.903350025357,24013.87109375,20245600,1.6494858827438508
2025-02-05,TCB,Techcombank,24208.711071925605,24257.42075215081,23916.45299057439,24062.58203125,9819701,0.202845002831209
2025-02-06,TCB,Techcombank,24257.419666108628,24841.93580264137,24160.00031001984,24549.677734375,40507800,2.024286930190655
2025-02-07,TCB,Techcombank,24793.22630461165,25134.19405339806,24549.67791262136,25085.484375,26974880,2.1825404244502744
2025-02-10,TCB,Techcombank,25085.484375,25572.58115898058,24793.22630461165,25085.484375,30082900,0.0
2025-02-11,TCB,Techcombank,25426.451993846524,25475.16167199566,25085.484246802607,25231.61328125,16412900,0.5825237578255926
2025-02-12,TCB,Techcombank,25329.033469114784,25329.033469114784,25036.775390625,25036.775390625,12339500,-0.772197514495776
2025-02-13,TCB,Techcombank,24939.354527938343,25329.03194243738,24890.644851125962,25280.322265625,12877400,0.9727565599010557
2025-02-14,TCB,Techcombank,25426.45256159856,25523.871920072117,25231.61384465144,25329.033203125,12855600,0.19268321419396717
2025-02-17,TCB,Techcombank,25329.033469114784,25426.452828611382,25036.775390625,25036.775390625,13942340,-1.1538451158251917
2025-02-18,TCB,Techcombank,25036.775258401838,25426.45269433027,24988.065578910784,25182.904296875,10805020,0.5836570563504617
2025-02-19,TCB,Techcombank,25280.324084051725,25475.16280531609,25134.195043103446,25426.453125,15212400,0.9671196985616248
2025-02-20,TCB,Techcombank,25523.872086864405,25913.549523305086,25377.74304819915,25864.83984375,24481100,1.7241363417651367
2025-02-21,TCB,Techcombank,25913.548260613206,25913.548260613206,25718.70955188679,25816.12890625,24224900,-0.1883287806700662
2025-02-24,TCB,Techcombank,25718.70955188679,25962.25793779481,25621.290197523584,25816.12890625,23272700,0.0
2025-02-25,TCB,Techcombank,25913.549656723488,26108.38837594697,25670.00125769413,25718.7109375,14496400,-0.37735312332755067
2025-02-26,TCB,Techcombank,25718.71037309886,25864.839409309647,25621.291015625,25621.291015625,15262600,-0.3787900649909859
2025-02-27,TCB,Techcombank,25718.71107142857,25718.71107142857,25329.03363095238,25572.58203125,17004700,-0.19011135834371418
2025-02-28,TCB,Techcombank,25572.582165948275,25621.29184626437,25377.743444683907,25426.453125,16188500,-0.5714280477091771
2025-03-03,TCB,Techcombank,25475.16280531609,25621.29184626437,25377.743444683907,25426.453125,45526000,0.0
2025-03-04,TCB,Techcombank,25426.453167613636,26839.033899147726,25329.03380681818,26790.32421875,59243100,5.363984850914982
2025-03-05,TCB,Techcombank,26790.32308836996,26887.742445054944,26595.484375,26595.484375,17520400,-0.7272769159457737
2025-03-06,TCB,Techcombank,26741.613714886058,26985.162109375,26644.19435709048,26985.162109375,18892900,1.4652026219206693
2025-03-07,TCB,Techcombank,26985.161416103605,27180.000126689192,26741.613027871623,27033.87109375,15454800,0.18050284144144335
2025-03-10,TCB,Techcombank,27033.87235133768,27569.6788303732,26985.162671425358,27082.58203125,16470900,0.18018484045838612
2025-03-11,TCB,Techcombank,26790.323137555806,27277.419921875,26741.613459123884,27277.419921875,15632000,0.7194213993340082
2025-03-12,TCB,Techcombank,27374.839408943,27520.9684449338,27082.5813369614,27131.291015625,14776100,-0.5357138126279026
2025-03-13,TCB,Techcombank,27082.58115842491,27082.58115842491,26546.77469665751,26595.484375,20519000,-1.9748659963008341
2025-03-14,TCB,Techcombank,26400.645661630035,26692.903731684983,26400.645661630035,26595.484375,20697700,0.0
2025-03-17,TCB,Techcombank,26644.193925034153,26741.61328125,26449.35521260246,26741.61328125,23393410,0.5494500652425183
2025-03-18,TCB,Techcombank,26790.323655622717,26887.743014370437,26595.48493812728,26692.904296875,12435800,-0.18214676826978637
2025-03-19,TCB,Techcombank,26595.485070240826,26644.19474985665,26449.35603139335,26546.775390625,41831300,-0.5474447614421174
2025-03-20,TCB,Techcombank,26790.322959357924,26839.032637465847,26400.645534494535,26741.61328125,19811200,0.7339418357146466
2025-03-21,TCB,Techcombank,26644.193359375,26839.032067670247,26595.48368230119,26644.193359375,9396202,-0.36430084023130194
2025-03-24,TCB,Techcombank,26644.194102260048,27472.25863560268,26498.065066964286,27277.419921875,24585400,2.376602488801538
2025-03-25,TCB,Techcombank,27374.83870967742,27472.25806451613,27131.290322580648,27180.0,17748810,-0.35714492849404644
2025-03-26,TCB,Techcombank,27180.000565011163,27764.516706194197,27082.581208147323,27277.419921875,25004900,0.35842502529432885
2025-03-27,TCB,Techcombank,27277.419481981982,27423.54851492117,27033.87109375,27033.87109375,11907780,-0.8928587411219491
2025-03-28,TCB,Techcombank,27033.871919663114,27082.581598797642,26741.613844855947,26839.033203125,15763600,-0.72071768763462
2025-03-31,TCB,Techcombank,26692.904857954545,26790.32421875,26498.066136363635,26790.32421875,20298500,-0.18148561465071156
2025-04-01,TCB,Techcombank,26790.32382043828,27277.420617173524,26692.90446109123,27228.7109375,12074500,1.6363621252600602
2025-04-02,TCB,Techcombank,27277.419354838712,27423.548387096776,27131.290322580648,27180.0,17556500,-0.17889549605124566
2025-04-03,TCB,Techcombank,26254.515801872592,26498.06418593449,25280.322265625,25280.322265625,64088500,-6.989248470842535
2025-04-04,TCB,Techcombank,23526.77531842777,25085.485070373295,23526.77531842777,25036.775390625,62464700,-0.9633851674872185
2025-04-08,TCB,Techcombank,24354.838775443633,24354.838775443633,23331.935546875,23331.935546875,35039200,-6.809342725454881
2025-04-09,TCB,Techcombank,21724.517081567796,24257.420418432204,21724.517081567796,22990.96875,42662800,-1.4613738161156076
2025-04-10,TCB,Techcombank,24598.388671875,24598.388671875,24598.388671875,24598.388671875,5529900,6.99152758352124
2025-04-11,TCB,Techcombank,25816.12947162829,25913.548828125,24939.355263157897,25913.548828125,56656620,5.346529700759262
2025-04-14,TCB,Techcombank,25913.549523305086,26010.968882415254,25426.452727754237,25864.83984375,24747100,-0.18796724716505508
2025-04-15,TCB,Techcombank,25377.742882361777,25670.000957782453,25134.194486177887,25329.033203125,24536300,-2.0715637284507427
2025-04-16,TCB,Techcombank,25475.161098746365,25767.41916106468,25085.48368232195,25134.193359375,22388500,-0.769235217892017
2025-04-17,TCB,Techcombank,24939.35576923077,25329.033203125,24890.646089993992,25329.033203125,15875300,0.7751983163498899
2025-04-18,TCB,Techcombank,25816.12999549279,25816.12999549279,25329.033203125,25329.033203125,18104900,0.0
2025-04-21,TCB,Techcombank,25329.03276699029,25621.29083737864,24939.355339805825,25085.484375,12337500,-0.9615401668586099
2025-04-22,TCB,Techcombank,24598.38810884692,24988.065544234592,23331.936443836978,24500.96875,35079800,-2.330095031302337
2025-04-23,TCB,Techcombank,25085.485362787356,25621.29184626437,24500.96919899425,25426.453125,20399100,3.777337885874421
2025-04-24,TCB,Techcombank,25329.03276699029,25426.45212378641,25036.774696601944,25085.484375,21453400,-1.3410000534630262
2025-04-25,TCB,Techcombank,25280.322265625,25377.74161924976,24744.515820688826,25280.322265625,29050500,0.7766957484750536
2025-04-28,TCB,Techcombank,25329.033203125,25426.45256159856,25134.194486177887,25329.033203125,30189400,0.19268321419396717
2025-04-29,TCB,Techcombank,25329.032943203423,25913.549088046577,25329.032943203423,25621.291015625,26803000,1.1538451158251917
2025-05-05,TCB,Techcombank,25962.25793779481,25962.25793779481,25475.161165978774,25816.12890625,13517840,0.7604530564294221
2025-05-06,TCB,Techcombank,25816.129902816574,26498.065409683426,25718.710544692738,26157.09765625,24730960,1.3207586282134365
2025-05-07,TCB,Techcombank,26157.097526041667,26400.64592013889,25913.549131944445,26303.2265625,16994050,0.5586587173026292
2025-05-08,TCB,Techcombank,26303.226861884123,26741.61397624886,26157.097823762546,26692.904296875,18614500,1.4814826365467937
2025-05-09,TCB,Techcombank,26595.484120244568,27277.419610507248,26546.77444236866,26887.7421875,19677800,0.7299239095829968
2025-05-12,TCB,Techcombank,26936.45226469494,28690.000694223,26887.742586096938,28641.291015625,59207230,6.521740709564727
2025-05-13,TCB,Techcombank,28738.710372821002,28933.54908721301,28397.74262263499,28641.291015625,28515330,0.0
2025-05-14,TCB,Techcombank,28592.580954904734,29712.90354768635,28543.871276957707,29079.677734375,21172990,1.5306108880037694
2025-05-15,TCB,Techcombank,29128.388671875,29420.646752194814,28787.42091150188,29128.388671875,20151310,0.16750851899027808
2025-05-16,TCB,Techcombank,29128.387096774193,29128.387096774193,28495.161290322583,28690.0,23149630,-1.5050220484674082
2025-05-19,TCB,Techcombank,28446.45286016949,29177.098053495763,28349.033501059323,28738.7109375,22142420,0.16978367898221602
2025-05-20,TCB,Techcombank,28738.710337994748,30297.42005124192,28738.710337994748,30151.291015625,50869920,4.915252048698471
2025-05-21,TCB,Techcombank,30200.00139057443,30589.678827872165,29907.74331260113,30102.58203125,25144240,-0.16154858626039603
2025-05-22,TCB,Techcombank,29859.033334400614,30394.83980532787,29518.06558017418,29712.904296875,30662740,-1.294499368760027
2025-05-23,TCB,Techcombank,29761.612967065714,29810.322644589553,29030.96780420813,29371.935546875,30872620,-1.1475443349234005
2025-05-26,TCB,Techcombank,29371.936673059103,29566.775390625,28738.710840969932,29566.775390625,32849880,0.663353776733766
2025-05-27,TCB,Techcombank,29810.32421875,30443.550059997957,29566.775818270016,29810.32421875,23409090,0.8237246872793147
2025-05-28,TCB,Techcombank,29907.74301357582,30005.162371926228,29469.355900998977,29712.904296875,19391070,-0.3267992698104405
2025-05-29,TCB,Techcombank,29712.90403688109,30005.162109375,29518.065321885148,30005.162109375,19549890,0.9836056737501098
2025-05-30,TCB,Techcombank,30005.16109913793,30005.16109913793,29664.193359375,29664.193359375,10871060,-1.136366964981217
2025-06-02,TCB,Techcombank,29615.483995137765,30151.290448997162,29420.645284643437,30053.87109375,14370610,1.313629970160135
2025-06-03,TCB,Techcombank,30102.582062153877,31076.77565639834,30102.582062153877,30784.517578125,24094820,2.4311227066084795
2025-06-04,TCB,Techcombank,30881.936503189794,30881.936503189794,30394.839712918663,30540.96875,17248990,-0.791140635895693
2025-06-05,TCB,Techcombank,30540.968313529946,30784.516705184888,30248.710243544014,30297.419921875,16058920,-0.7974495836023499
2025-06-06,TCB,Techcombank,30199.99993554043,30199.99993554043,29518.064453125,29518.064453125,30236360,-2.572349298255916
2025-06-09,TCB,Techcombank,29518.066248686973,29664.19528952206,28982.259765625,28982.259765625,21609700,-1.8151755456421004
2025-06-10,TCB,Techcombank,29177.09821846402,29712.904696599417,29079.678858803036,29274.517578125,17066400,1.0084024326034058
2025-06-11,TCB,Techcombank,29566.774955876244,29566.774955876244,29177.097526474252,29323.2265625,7730570,0.16638697544719694
2025-06-12,TCB,Techcombank,29566.77487315731,30346.129729780896,29469.355516079362,30151.291015625,25661360,2.8239199781103563
2025-06-13,TCB,Techcombank,29907.74305138221,30687.097919170672,29712.904334435098,30394.83984375,30218430,0.8077558868002876
2025-06-16,TCB,Techcombank,30200.00145123839,31515.16280476006,30151.29177147833,31466.453125,27114170,3.5256421378063285
2025-06-17,TCB,Techcombank,31710.000126591436,31758.70980420525,31222.903350453318,31563.87109375,39773350,0.30959310336950985
2025-06-18,TCB,Techcombank,31563.871403391768,32489.355287133192,31369.032691025153,31953.548828125,26925830,1.2345688943462996
2025-06-19,TCB,Techcombank,31953.549724264707,33122.58203125,31953.549724264707,33122.58203125,25189970,3.658539492477386
2025-06-20,TCB,Techcombank,33317.420749080884,33950.64658203125,33025.16267233456,33122.58203125,23312960,0.0
2025-06-23,TCB,Techcombank,32732.90347633136,33122.58089866864,32538.06476516272,32927.7421875,22712170,-0.5882386933668826
2025-06-24,TCB,Techcombank,33171.29171070772,33853.22722311581,32830.32395450368,33122.58203125,33673640,0.5917194159275274
2025-06-25,TCB,Techcombank,33268.709932045116,33366.12928762944,32927.7421875,32927.7421875,35585270,-0.5882386933668826
2025-06-26,TCB,Techcombank,33122.58328744493,33560.970419190526,32927.74456222467,33171.29296875,31822080,0.7396522356836632
2025-06-27,TCB,Techcombank,33220.0001265648,33366.129159379605,32976.451738540134,33073.87109375,20739810,-0.2936933302291833
2025-06-30,TCB,Techcombank,33220.0025127924,33804.51868603801,33122.5831505848,33317.421875,17436530,0.736384261036882
2025-07-01,TCB,Techcombank,33317.419104287794,33658.38684365916,33171.290073128635,33512.2578125,24758790,0.5847869568989639
2025-07-02,TCB,Techcombank,33609.67667410714,34194.19279017857,33560.96699776786,34096.7734375,33644690,1.7441845556045443
2025-07-03,TCB,Techcombank,34242.90259034254,34389.03161988881,33901.93485473458,33950.64453125,32348620,-0.42857106851431626
2025-07-04,TCB,Techcombank,33950.64704600322,34096.77608637339,33755.80832550966,34048.06640625,12519490,0.2869514742505963
2025-07-07,TCB,Techcombank,34291.611898017,34535.1602779745,34194.19254603399,34389.03125,15621910,1.0014220475304647
2025-07-08,TCB,Techcombank,34389.03125,34632.57962995751,34194.19254603399,34389.03125,29726400,0.0
2025-07-09,TCB,Techcombank,34535.161930291906,34681.29096525788,33804.516755462035,33999.35546875,35398640,-1.1331397456856296
2025-07-10,TCB,Techcombank,33999.356860632186,34096.776221264365,33755.808459051725,33901.9375,16362740,-0.2865288691708878
2025-07-11,TCB,Techcombank,33901.93736587983,34583.8728876073,33901.93736587983,34048.06640625,21728560,0.4310340854412731
2025-07-14,TCB,Techcombank,34048.06627270299,34194.1953125,33414.84043358262,34194.1953125,21280640,0.4291841554420195
2025-07-15,TCB,Techcombank,34242.90526221264,34827.42142600575,33901.9375,33901.9375,26857680,-0.8547000735916188
2025-07-16,TCB,Techcombank,33901.93710106383,34535.16293772163,33707.0983820922,34340.32421875,26131970,1.2931022563238415
2025-07-17,TCB,Techcombank,34486.45072457326,34681.28942923187,34194.19266758535,34242.90234375,18369700,-0.2836952685111971
2025-07-18,TCB,Techcombank,34242.902737068966,35558.06400862069,34145.48338362069,35314.515625,38505770,3.1294464192682225
2025-07-21,TCB,Techcombank,35363.22864509873,35558.06737041608,34437.74469984133,34535.1640625,25047380,-2.2068873059900573
2025-07-22,TCB,Techcombank,34242.90347639675,34535.161543051625,33999.35508751768,34437.7421875,28701000,-0.2820947218426184
2025-07-23,TCB,Techcombank,34486.450848214285,34535.16052455357,33999.354084821425,34096.7734375,28792740,-0.990101929863918
2025-07-24,TCB,Techcombank,34145.484375,34681.290834522115,34048.06501872325,34145.484375,19490550,0.14286084162564716
2025-07-25,TCB,Techcombank,34194.19392533736,34291.61328125,34048.0648914684,34291.61328125,19158720,0.4279596817112097
2025-07-28,TCB,Techcombank,34340.325200798805,34924.84137442942,34291.61551966292,34681.29296875,33735460,1.1363702381219642
2025-07-29,TCB,Techcombank,34827.422278300146,34827.422278300146,33025.1640625,33025.1640625,59504810,-4.775280171192797
2025-07-30,TCB,Techcombank,33268.71192255435,33707.09904891304,32830.32479619565,33609.6796875,33707260,1.7699098296493077
2025-07-31,TCB,Techcombank,33707.098184742645,34096.77562040441,32927.743313419116,33122.58203125,30528080,-1.4492778889266256
2025-08-01,TCB,Techcombank,33268.709677419356,33804.51612903226,33171.290322580644,33220.0,22932930,0.2941134500265896
2025-08-04,TCB,Techcombank,33220.00024310467,34437.7421875,33122.58088755304,34437.7421875,27044200,3.6656899081878302
2025-08-05,TCB,Techcombank,34876.13171452703,36824.51896114865,34876.13171452703,36045.1640625,98321320,4.667616901968241
2025-08-06,TCB,Techcombank,37019.35659358639,37993.550188154455,36240.00171793194,37214.1953125,33350510,3.2432401971398406
2025-08-07,TCB,Techcombank,37506.45060221354,37896.12801106771,36824.51513671875,37409.03125,33427900,0.523552735357824
2025-08-08,TCB,Techcombank,37750.00077402576,37750.00077402576,36434.83945673712,36873.2265625,30873500,-1.4322869895220802
2025-08-11,TCB,Techcombank,36970.64731477649,37457.744117342714,36629.67955298013,36775.80859375,24708610,-0.26419702811978363
2025-08-12,TCB,Techcombank,36824.51701342838,37019.35572778514,36240.00087035809,36727.09765625,22670840,-0.1324537497954026
2025-08-13,TCB,Techcombank,36824.515875000005,37019.354583333334,35947.741687500005,36532.2578125,33435430,-0.5305070538750956
2025-08-14,TCB,Techcombank,36775.80546061198,38188.386067708336,36775.80546061198,37409.03125,42042550,2.3999979470198607
2025-08-15,TCB,Techcombank,37896.13137882314,37944.841059258644,36629.6796875,36629.6796875,33928530,-2.0833246316689924
2025-08-18,TCB,Techcombank,37214.19291419631,37652.58000349967,36678.386471714424,36970.64453125,25584420,0.9308430940671242
2025-08-19,TCB,Techcombank,37262.90285694356,38431.935103435906,37116.77382613202,38188.38671875,47546950,3.2938083794310957
2025-08-20,TCB,Techcombank,39406.13016493056,39844.51727430556,37896.13012152778,39454.83984375,58894700,3.3163305230126117
2025-08-21,TCB,Techcombank,40234.19379888688,41403.22606422984,39941.935732551145,40477.7421875,49900640,2.5925902824619707
2025-08-22,TCB,Techcombank,39454.84119591346,40039.35736177885,37652.583017828525,37993.55078125,62677460,-6.137178785177266
2025-08-25,TCB,Techcombank,38529.35590046604,38626.77525798935,36337.420356191746,36580.96875,41080510,-3.717952131884228
2025-08-26,TCB,Techcombank,37019.3543519695,38383.225301778904,35996.45113961245,38334.515625,36945660,4.7936042563115455
2025-08-27,TCB,Techcombank,38480.64631137677,39649.67860438061,37896.13016487484,37944.83984375,25186190,-1.0165141645767206
2025-08-28,TCB,Techcombank,38578.06640625,38578.06640625,37798.711529356064,38578.06640625,18845860,1.668808104362851
2025-08-29,TCB,Techcombank,39065.163204308716,39211.292243726326,38578.06640625,38578.06640625,27753820,0.0
2025-09-03,TCB,Techcombank,39016.453524502846,39065.163204308716,38431.93736683239,38578.06640625,13849060,0.0
2025-09-04,TCB,Techcombank,38578.06640625,38919.0341648911,38383.22768702652,38578.06640625,17785140,0.0
2025-09-05,TCB,Techcombank,38919.031620846516,39893.22515328322,38480.64453125,38480.64453125,35589010,-0.25253177278012906
2025-09-08,TCB,Techcombank,38480.64581620066,38578.06517269737,37019.35546875,37019.35546875,33033890,-3.7974651420230043
2025-09-09,TCB,Techcombank,37555.162804383115,37652.58216314935,36873.22729301948,37506.453125,28212210,1.3157918339804286
2025-09-10,TCB,Techcombank,38237.099183693914,38772.90566907051,37603.87333733975,37993.55078125,30378840,1.2987035980891681
2025-09-11,TCB,Techcombank,37896.13169210271,37993.55105377907,36727.099351986435,37701.29296875,22594090,-0.7692300574449917
2025-09-12,TCB,Techcombank,38042.2581919932,38090.967869575776,37506.451738584845,37603.87109375,24807120,-0.2584045992288675
2025-09-15,TCB,Techcombank,37555.163656850964,37993.55078125,37555.163656850964,37993.55078125,19235340,1.036275458259306
2025-09-16,TCB,Techcombank,38626.77368567344,39065.16077668361,38237.096271442184,38334.515625,46913510,0.8974282127857114
2025-09-17,TCB,Techcombank,38334.51881964631,38431.93818132267,37506.45424539728,37701.29296875,16526690,-1.6518342436992794
2025-09-18,TCB,Techcombank,37701.29157941366,37798.7109375,37214.19478898196,37798.7109375,13728960,0.25839423817837215
2025-09-19,TCB,Techcombank,37798.708658854164,37798.708658854164,37116.773193359375,37409.03125,11775850,-1.030933801272571
2025-09-22,TCB,Techcombank,37311.61264583334,37409.032,36337.41910416667,36532.2578125,26046700,-2.3437480421255263
2025-09-23,TCB,Techcombank,36580.96748958334,37019.354583333334,36532.2578125,36532.2578125,10324320,0.0
2025-09-24,TCB,Techcombank,36532.25928237758,37798.7109375,36191.29152907539,37798.7109375,19686030,3.466670829654195
2025-09-25,TCB,Techcombank,37798.70955173521,37944.838583507386,37555.16116544826,37896.12890625,13478510,0.25772828314458707
2025-09-26,TCB,Techcombank,37896.13169210271,37944.84137294089,37409.03488372093,37701.29296875,12304850,-0.5141315039908112
2025-09-29,TCB,Techcombank,37603.87096774194,37798.709677419356,37409.032258064515,37750.0,13483200,0.12919193856393285
2025-09-30,TCB,Techcombank,38050.0,38050.0,37500.0,37850.0,12789270,0.26490066225166586
2025-10-01,TCB,Techcombank,37850.0,38600.0,37800.0,38550.0,13393520,1.8494055482166427
2025-10-02,TCB,Techcombank,38850.0,39200.0,38400.0,38850.0,18874150,0.7782101167315147
2025-10-03,TCB,Techcombank,38550.0,38650.0,38050.0,38350.0,11278750,-1.2870012870012881
2025-10-06,TCB,Techcombank,38950.0,39400.0,38500.0,39400.0,25132420,2.7379400260756137
2025-10-07,TCB,Techcombank,40000.0,40000.0,38950.0,39000.0,13260090,-1.0152284263959421
2025-10-08,TCB,Techcombank,39250.0,39400.0,38450.0,38600.0,20783750,-1.025641025641022
2025-10-09,TCB,Techcombank,38600.0,39100.0,38550.0,38950.0,19877780,0.90673575129534
2025-10-10,TCB,Techcombank,39100.0,39900.0,39000.0,39350.0,27332760,1.0269576379974277
2025-10-13,TCB,Techcombank,39300.0,41500.0,39250.0,41300.0,49239080,4.955527318932651
2025-10-14,TCB,Techcombank,41750.0,42000.0,40550.0,40800.0,27813530,-1.210653753026636
2025-10-15,TCB,Techcombank,41000.0,41350.0,40550.0,40800.0,15471520,0.0
2025-10-16,TCB,Techcombank,41200.0,41250.0,40800.0,41250.0,22008520,1.1029411764705843
2025-10-17,TCB,Techcombank,41650.0,41650.0,40450.0,40650.0,19542260,-1.4545454545454528
2025-10-20,TCB,Techcombank,40650.0,40650.0,37850.0,37850.0,38371230,-6.888068880688802
2025-10-21,TCB,Techcombank,38100.0,38450.0,36500.0,37650.0,29006370,-0.5284015852047519
2025-10-22,TCB,Techcombank,38100.0,38150.0,36400.0,38000.0,23896270,0.9296148738379806
2025-10-23,TCB,Techcombank,38050.0,38050.0,36800.0,37250.0,15631170,-1.9736842105263164
2025-10-24,TCB,Techcombank,37000.0,37000.0,36050.0,36100.0,23732790,-3.087248322147651
2025-10-27,TCB,Techcombank,36300.0,36500.0,35050.0,35050.0,16807140,-2.908587257617734
2025-10-28,TCB,Techcombank,35050.0,36400.0,34000.0,36000.0,29343480,2.710413694721825
2025-10-29,TCB,Techcombank,35900.0,36900.0,35650.0,36400.0,13774450,1.1111111111111072
2025-10-30,TCB,Techcombank,36500.0,36600.0,35600.0,35700.0,10679850,-1.9230769230769273
2025-10-31,TCB,Techcombank,35700.0,36200.0,35100.0,35100.0,12815550,-1.6806722689075682
2025-11-03,TCB,Techcombank,35100.0,35500.0,33600.0,33600.0,22413750,-4.273504273504269
2025-11-04,TCB,Techcombank,33600.0,35200.0,33450.0,35000.0,20671720,4.166666666666674
2025-11-05,TCB,Techcombank,34900.0,34900.0,34050.0,34100.0,12670960,-2.571428571428569
2025-11-06,TCB,Techcombank,34150.0,34500.0,33500.0,33600.0,14276120,-1.4662756598240456
2025-11-07,TCB,Techcombank,33600.0,33950.0,33000.0,33000.0,16139420,-1.7857142857142905
2025-11-10,TCB,Techcombank,33300.0,33600.0,32950.0,33400.0,13019590,1.21212121212122
2025-11-11,TCB,Techcombank,33450.0,34000.0,33350.0,33650.0,11457130,0.7485029940119681
2025-11-12,TCB,Techcombank,33700.0,35000.0,33600.0,35000.0,13033510,4.011887072808329
2025-11-13,TCB,Techcombank,34650.0,35500.0,34600.0,35100.0,12761540,0.28571428571428914
2025-11-14,TCB,Techcombank,34800.0,35350.0,34700.0,35100.0,5608854,0.0
2025-11-17,TCB,Techcombank,35100.0,35250.0,34700.0,35150.0,11178130,0.14245014245013454
2025-11-18,TCB,Techcombank,35200.0,35350.0,34950.0,35350.0,12856850,0.5689900426742556
2025-11-19,TCB,Techcombank,35400.0,35400.0,34750.0,34800.0,12271150,-1.555869872701554
2025-11-20,TCB,Techcombank,34850.0,35000.0,34600.0,34600.0,10002020,-0.5747126436781658
2025-11-21,TCB,Techcombank,34500.0,34500.0,33500.0,34250.0,8928300,-1.0115606936416222
2025-11-24,TCB,Techcombank,34300.0,34400.0,33900.0,33950.0,10286490,-0.8759124087591275
2025-11-25,TCB,Techcombank,34000.0,34000.0,33450.0,33450.0,15944170,-1.4727540500736325
2025-11-26,TCB,Techcombank,33600.0,33900.0,33500.0,33850.0,13075090,1.195814648729443
2025-11-27,TCB,Techcombank,33950.0,34200.0,33700.0,33750.0,11219610,-0.2954209748892156
2025-11-28,TCB,Techcombank,33750.0,33900.0,33300.0,33750.0,24418750,0.0
2025-12-01,TCB,Techcombank,33700.0,33700.0,33200.0,33200.0,9725920,-1.6296296296296253
2025-12-02,TCB,Techcombank,33200.0,34300.0,33150.0,34200.0,16653270,3.0120481927710774
2025-12-03,TCB,Techcombank,34250.0,35000.0,34250.0,34900.0,19102270,2.0467836257309857
2025-12-04,TCB,Techcombank,35000.0,35500.0,34800.0,35400.0,12849140,1.4326647564469885
2025-12-05,TCB,Techcombank,35500.0,35500.0,34700.0,34700.0,7464816,-1.9774011299435013
2025-12-08,TCB,Techcombank,34650.0,34800.0,34150.0,34200.0,8314625,-1.4409221902017322
2025-12-09,TCB,Techcombank,34200.0,34200.0,33500.0,33800.0,16619630,-1.1695906432748537
2025-12-10,TCB,Techcombank,33750.0,34150.0,33700.0,33700.0,7816706,-0.295857988165682
2025-12-11,TCB,Techcombank,33750.0,34000.0,33400.0,33400.0,11398880,-0.8902077151335286
2025-12-12,TCB,Techcombank,33450.0,33600.0,32000.0,32000.0,22325810,-4.191616766467066
2025-12-15,TCB,Techcombank,32000.0,32300.0,31500.0,32000.0,31912100,0.0
2025-12-16,TCB,Techcombank,32000.0,33100.0,30500.0,33000.0,14582600,3.125
2025-12-17,TCB,Techcombank,33000.0,33150.0,32550.0,32600.0,9312295,-1.2121212121212088
2025-12-18,TCB,Techcombank,32800.0,33100.0,32500.0,33000.0,9652940,1.2269938650306678
2025-12-19,TCB,Techcombank,33200.0,33650.0,33100.0,33600.0,10144140,1.8181818181818077
2025-12-22,TCB,Techcombank,33850.0,35200.0,33750.0,35200.0,18607900,4.761904761904767
2025-12-23,TCB,Techcombank,35300.0,35350.0,34750.0,34800.0,12972220,-1.1363636363636354
2025-12-24,TCB,Techcombank,34700.0,35200.0,34300.0,34950.0,15784400,0.4310344827586299
2025-12-25,TCB,Techcombank,34950.0,35800.0,34000.0,34000.0,12280590,-2.7181688125894166
2025-12-26,TCB,Techcombank,33500.0,34350.0,33050.0,33900.0,14538620,-0.2941176470588225
2025-12-29,TCB,Techcombank,33950.0,34450.0,33800.0,34050.0,24496200,0.4424778761061843
2025-12-30,TCB,Techcombank,34200.0,34400.0,33750.0,34350.0,17520790,0.8810572687224738
2025-12-31,TCB,Techcombank,34800.0,34900.0,34250.0,34900.0,9637961,1.6011644832605532
2026-01-05,TCB,Techcombank,34650.0,34950.0,33800.0,34950.0,12274950,0.14326647564470996
2026-01-06,TCB,Techcombank,34950.0,36000.0,34200.0,36000.0,25388780,3.0042918454935563
2026-01-07,TCB,Techcombank,36250.0,36500.0,35950.0,36400.0,23041370,1.1111111111111072
2026-01-08,TCB,Techcombank,36500.0,36650.0,35500.0,36000.0,33184940,-1.098901098901095
2026-01-09,TCB,Techcombank,37050.0,37150.0,36200.0,36650.0,40995590,1.8055555555555491
2026-01-12,TCB,Techcombank,36700.0,38000.0,36450.0,38000.0,24836270,3.683492496589369
2026-01-13,TCB,Techcombank,38100.0,38200.0,37150.0,37350.0,26157620,-1.7105263157894735
2026-01-14,TCB,Techcombank,37200.0,37300.0,36000.0,36500.0,25041820,-2.2757697456492587
2026-01-15,TCB,Techcombank,36000.0,36600.0,35300.0,35600.0,26635290,-2.465753424657535
2026-01-16,TCB,Techcombank,35650.0,36350.0,35600.0,35800.0,10243950,0.561797752808979
2026-01-19,TCB,Techcombank,35900.0,36450.0,35800.0,36300.0,10205340,1.3966480446927276
2026-01-20,TCB,Techcombank,36350.0,36600.0,35650.0,35950.0,20876990,-0.9641873278236957
2026-01-21,TCB,Techcombank,35800.0,35900.0,35000.0,35800.0,15127980,-0.4172461752433909
2026-01-22,TCB,Techcombank,35850.0,36250.0,35650.0,36000.0,24273110,0.5586592178770999
2026-01-23,TCB,Techcombank,36200.0,36900.0,35950.0,36500.0,21887640,1.388888888888884
2026-01-26,TCB,Techcombank,36700.0,36700.0,35650.0,35650.0,20154610,-2.328767123287667
2026-01-27,TCB,Techcombank,35500.0,35800.0,34750.0,34950.0,15509180,-1.963534361851338
2026-01-28,TCB,Techcombank,35000.0,35300.0,34350.0,34500.0,16010470,-1.2875536480686733
2026-01-29,TCB,Techcombank,34650.0,35000.0,34150.0,34900.0,11332920,1.1594202898550732
2026-01-30,TCB,Techcombank,34850.0,35900.0,34800.0,35900.0,11882610,2.865329512893977
2026-02-02,TCB,Techcombank,35300.0,35750.0,34750.0,35000.0,12004050,-2.506963788300831
2026-02-03,TCB,Techcombank,35600.0,35600.0,34700.0,34700.0,18687950,-0.8571428571428563
2026-02-04,TCB,Techcombank,34700.0,34900.0,34350.0,34550.0,16976260,-0.4322766570605152
2026-02-05,TCB,Techcombank,34950.0,35100.0,34750.0,34850.0,13105660,0.868306801736618
2026-02-06,TCB,Techcombank,34500.0,34600.0,34100.0,34600.0,17102590,-0.717360114777621
2026-02-09,TCB,Techcombank,35000.0,35000.0,34500.0,34750.0,9086718,0.43352601156070314
2026-02-10,TCB,Techcombank,34800.0,35000.0,34450.0,34600.0,10847020,-0.4316546762589968
2026-02-11,TCB,Techcombank,34700.0,35350.0,34600.0,35300.0,11052610,2.0231213872832443
2026-02-12,TCB,Techcombank,35400.0,35750.0,35200.0,35450.0,7989305,0.4249291784702569
2026-02-13,TCB,Techcombank,35200.0,35500.0,35200.0,35450.0,8866662,0.0
2024-01-02,STB,Sacombank,28000.0,28150.0,27750.0,27750.0,14813300,
2024-01-03,STB,Sacombank,27750.0,28500.0,27600.0,28500.0,20090700,2.7027027027026973
2024-01-04,STB,Sacombank,28600.0,29550.0,28500.0,28600.0,31484000,0.35087719298245723
2024-01-05,STB,Sacombank,29000.0,29450.0,28850.0,29300.0,31291500,2.447552447552437
2024-01-08,STB,Sacombank,29600.0,29650.0,29000.0,29200.0,16388600,-0.34129692832765013
2024-01-09,STB,Sacombank,29200.0,29500.0,29100.0,29200.0,16760900,0.0
2024-01-10,STB,Sacombank,29100.0,29800.0,29100.0,29450.0,25102500,0.8561643835616417
2024-01-11,STB,Sacombank,29700.0,29950.0,29200.0,29500.0,24549200,0.1697792869269854
2024-01-12,STB,Sacombank,29300.0,30150.0,29100.0,29900.0,41145100,1.3559322033898313
2024-01-15,STB,Sacombank,30100.0,30250.0,29700.0,29800.0,13267500,-0.33444816053511683
2024-01-16,STB,Sacombank,29750.0,29900.0,29600.0,29900.0,13319500,0.3355704697986628
2024-01-17,STB,Sacombank,29900.0,30050.0,29700.0,29700.0,15239500,-0.6688963210702337
2024-01-19,STB,Sacombank,30000.0,30300.0,29950.0,30300.0,19382800,2.020202020202011
2024-01-22,STB,Sacombank,30500.0,30600.0,30150.0,30250.0,13830000,-0.16501650165016146
2024-01-23,STB,Sacombank,30350.0,30700.0,30250.0,30500.0,19926900,0.8264462809917328
2024-01-24,STB,Sacombank,30450.0,31250.0,30400.0,30750.0,25678500,0.8196721311475308
2024-01-25,STB,Sacombank,31000.0,31000.0,30300.0,30500.0,17446300,-0.8130081300813052
2024-01-26,STB,Sacombank,30700.0,30700.0,30200.0,30300.0,17489100,-0.6557377049180357
2024-01-29,STB,Sacombank,30300.0,30650.0,30300.0,30350.0,8935200,0.16501650165017256
2024-01-30,STB,Sacombank,30350.0,30700.0,30300.0,30700.0,11807400,1.1532125205930832
2024-01-31,STB,Sacombank,30750.0,30900.0,29800.0,29900.0,34456400,-2.6058631921824116
2024-02-01,STB,Sacombank,29900.0,30150.0,29700.0,29800.0,11604100,-0.33444816053511683
2024-02-02,STB,Sacombank,29950.0,30150.0,29750.0,29900.0,10703500,0.3355704697986628
2024-02-05,STB,Sacombank,30000.0,30850.0,29850.0,30600.0,20315900,2.341137123745818
2024-02-06,STB,Sacombank,30800.0,31100.0,30700.0,30800.0,15373200,0.6535947712418277
2024-02-07,STB,Sacombank,30750.0,31200.0,30750.0,31100.0,12202200,0.9740259740259827
2024-02-15,STB,Sacombank,31200.0,31700.0,31000.0,31250.0,17188200,0.4823151125401992
2024-02-16,STB,Sacombank,31300.0,31400.0,30750.0,30800.0,20883800,-1.4399999999999968
2024-02-19,STB,Sacombank,30950.0,30950.0,30450.0,30700.0,16273300,-0.32467532467532756
2024-02-20,STB,Sacombank,30700.0,31050.0,30550.0,30700.0,16318900,0.0
2024-02-21,STB,Sacombank,31000.0,32000.0,30850.0,31500.0,45678100,2.6058631921824116
2024-02-22,STB,Sacombank,31400.0,31500.0,31000.0,31050.0,15526000,-1.4285714285714235
2024-02-23,STB,Sacombank,31150.0,31550.0,30650.0,30650.0,33551000,-1.2882447665056307
2024-02-26,STB,Sacombank,30650.0,30750.0,30150.0,30500.0,24763200,-0.4893964110929905
2024-02-27,STB,Sacombank,30600.0,30850.0,30350.0,30750.0,15451600,0.8196721311475308
2024-02-28,STB,Sacombank,30850.0,31500.0,30750.0,31400.0,28484800,2.1138211382113914
2024-02-29,STB,Sacombank,31600.0,31800.0,31100.0,31550.0,23713600,0.4777070063694211
2024-03-01,STB,Sacombank,31750.0,32200.0,31700.0,31950.0,27190200,1.267828843106189
2024-03-04,STB,Sacombank,32100.0,32200.0,31650.0,31750.0,17207800,-0.6259780907668211
2024-03-05,STB,Sacombank,31750.0,31950.0,31550.0,31900.0,12476000,0.47244094488188004
2024-03-06,STB,Sacombank,31800.0,32150.0,31350.0,31550.0,18418500,-1.0971786833855801
2024-03-07,STB,Sacombank,31550.0,31600.0,31150.0,31300.0,17422800,-0.7923930269413626
2024-03-08,STB,Sacombank,31350.0,31500.0,30600.0,30650.0,34910800,-2.076677316293929
2024-03-11,STB,Sacombank,30600.0,30700.0,30100.0,30200.0,20552600,-1.4681892332789603
2024-03-12,STB,Sacombank,30100.0,30550.0,30100.0,30250.0,13290300,0.16556291390728006
2024-03-13,STB,Sacombank,30300.0,30850.0,30150.0,30850.0,16466100,1.983471074380172
2024-03-14,STB,Sacombank,30900.0,30950.0,30400.0,30450.0,16242300,-1.296596434359809
2024-03-15,STB,Sacombank,30450.0,30750.0,30200.0,30500.0,17494500,0.16420361247948545
2024-03-18,STB,Sacombank,30500.0,30700.0,29700.0,30250.0,26204600,-0.8196721311475419
2024-03-19,STB,Sacombank,30300.0,30550.0,29900.0,30400.0,13244500,0.49586776859504855
2024-03-20,STB,Sacombank,30400.0,31250.0,30150.0,31150.0,28332700,2.4671052631578982
2024-03-21,STB,Sacombank,31250.0,31500.0,31100.0,31500.0,15916500,1.1235955056179803
2024-03-22,STB,Sacombank,31650.0,32400.0,31550.0,31650.0,33033900,0.4761904761904745
2024-03-25,STB,Sacombank,31600.0,31700.0,30800.0,30850.0,25301500,-2.5276461295418606
2024-03-26,STB,Sacombank,30800.0,31000.0,30750.0,31000.0,19366000,0.4862236628849326
2024-03-27,STB,Sacombank,31000.0,31200.0,30650.0,30900.0,15270500,-0.3225806451612856
2024-03-28,STB,Sacombank,31200.0,32000.0,30800.0,32000.0,32067700,3.5598705501618033
2024-03-29,STB,Sacombank,32250.0,32600.0,31600.0,31600.0,34619500,-1.2499999999999956
2024-04-01,STB,Sacombank,31500.0,31700.0,31050.0,31400.0,24211300,-0.6329113924050667
2024-04-02,STB,Sacombank,30500.0,30950.0,29600.0,30200.0,105089800,-3.821656050955413
2024-04-03,STB,Sacombank,30500.0,30800.0,30100.0,30100.0,30357600,-0.3311258278145712
2024-04-04,STB,Sacombank,30100.0,30200.0,29650.0,29700.0,30271800,-1.3289036544850474
2024-04-05,STB,Sacombank,29500.0,29850.0,29150.0,29600.0,25476900,-0.33670033670033517
2024-04-08,STB,Sacombank,29300.0,29450.0,28950.0,29000.0,26890900,-2.0270270270270285
2024-04-09,STB,Sacombank,29000.0,29250.0,28700.0,29150.0,17970600,0.5172413793103514
2024-04-10,STB,Sacombank,29300.0,29450.0,29100.0,29100.0,14930400,-0.17152658662092923
2024-04-11,STB,Sacombank,28900.0,29100.0,28750.0,28850.0,10462800,-0.8591065292096189
2024-04-12,STB,Sacombank,29100.0,29400.0,28900.0,29100.0,16215100,0.8665511265164572
2024-04-15,STB,Sacombank,29000.0,29400.0,27500.0,27500.0,24337900,-5.498281786941583
2024-04-16,STB,Sacombank,27650.0,27800.0,27200.0,27300.0,22651800,-0.727272727272732
2024-04-17,STB,Sacombank,27600.0,27600.0,26800.0,26800.0,12981400,-1.831501831501836
2024-04-19,STB,Sacombank,26400.0,28000.0,26150.0,26800.0,23052500,0.0
2024-04-22,STB,Sacombank,27400.0,28150.0,27100.0,27650.0,13422600,3.171641791044766
2024-04-23,STB,Sacombank,27550.0,28150.0,27550.0,27800.0,18401000,0.5424954792043302
2024-04-24,STB,Sacombank,27900.0,28600.0,27800.0,28600.0,13991900,2.877697841726623
2024-04-25,STB,Sacombank,28600.0,28650.0,28200.0,28450.0,10180100,-0.5244755244755206
2024-04-26,STB,Sacombank,28250.0,28950.0,28100.0,28200.0,11932400,-0.8787346221441172
2024-05-02,STB,Sacombank,28350.0,28350.0,27500.0,27600.0,10054400,-2.127659574468088
2024-05-03,STB,Sacombank,27800.0,28050.0,27500.0,27550.0,8851200,-0.18115942028985588
2024-05-06,STB,Sacombank,27950.0,28150.0,27650.0,28100.0,8910000,1.9963702359346636
2024-05-07,STB,Sacombank,28150.0,28350.0,28100.0,28300.0,8585700,0.7117437722419906
2024-05-08,STB,Sacombank,28300.0,28350.0,27850.0,27950.0,9279100,-1.2367491166077715
2024-05-09,STB,Sacombank,28000.0,28150.0,27800.0,27800.0,7577300,-0.536672629695889
2024-05-10,STB,Sacombank,27900.0,28000.0,27600.0,27600.0,7003400,-0.7194244604316502
2024-05-13,STB,Sacombank,27700.0,27700.0,27200.0,27250.0,8671600,-1.26811594202898
2024-05-14,STB,Sacombank,27300.0,27550.0,27200.0,27250.0,7458600,0.0
2024-05-15,STB,Sacombank,27350.0,27900.0,27300.0,27800.0,9943400,2.0183486238532167
2024-05-16,STB,Sacombank,28100.0,28650.0,28100.0,28400.0,16790800,2.158273381294973
2024-05-17,STB,Sacombank,28500.0,28550.0,28300.0,28500.0,7280700,0.35211267605634866
2024-05-20,STB,Sacombank,28750.0,28750.0,28200.0,28300.0,10164400,-0.7017543859649145
2024-05-21,STB,Sacombank,28300.0,28450.0,27850.0,28300.0,10117400,0.0
2024-05-22,STB,Sacombank,28300.0,28400.0,27950.0,28000.0,7853200,-1.0600706713780883
2024-05-23,STB,Sacombank,27900.0,28550.0,27700.0,28550.0,10710600,1.9642857142857073
2024-05-24,STB,Sacombank,28450.0,29250.0,28300.0,28700.0,28342000,0.5253940455341555
2024-05-27,STB,Sacombank,28800.0,28950.0,28350.0,28700.0,6564000,0.0
2024-05-28,STB,Sacombank,28800.0,29000.0,28600.0,28850.0,9012300,0.5226480836237002
2024-05-29,STB,Sacombank,28900.0,28900.0,28250.0,28250.0,10808900,-2.0797227036395194
2024-05-30,STB,Sacombank,28000.0,28250.0,27600.0,27850.0,16001700,-1.415929203539823
2024-05-31,STB,Sacombank,28050.0,28200.0,27800.0,27850.0,5567800,0.0
2024-06-03,STB,Sacombank,28100.0,29750.0,28100.0,29750.0,28987800,6.8222621184919285
2024-06-04,STB,Sacombank,30500.0,30600.0,29850.0,29950.0,23621100,0.6722689075630228
2024-06-05,STB,Sacombank,30000.0,30400.0,29600.0,29600.0,15295100,-1.1686143572620988
2024-06-06,STB,Sacombank,29950.0,31100.0,29650.0,30700.0,31379700,3.716216216216206
2024-06-07,STB,Sacombank,30700.0,31100.0,30700.0,30750.0,12983500,0.16286644951140072
2024-06-10,STB,Sacombank,31200.0,31700.0,31050.0,31100.0,15241800,1.1382113821138296
2024-06-11,STB,Sacombank,31200.0,31350.0,30700.0,31200.0,14064100,0.3215434083601254
2024-06-12,STB,Sacombank,31250.0,31350.0,30900.0,31350.0,11308500,0.48076923076922906
2024-06-13,STB,Sacombank,31500.0,31900.0,31250.0,31650.0,19842400,0.9569377990430672
2024-06-14,STB,Sacombank,31650.0,31900.0,30550.0,30550.0,15915800,-3.4755134281200584
2024-06-17,STB,Sacombank,30400.0,30800.0,30250.0,30500.0,14726900,-0.16366612111292644
2024-06-18,STB,Sacombank,30550.0,31150.0,30550.0,30550.0,11579400,0.16393442622950616
2024-06-19,STB,Sacombank,30600.0,31200.0,30450.0,30900.0,13605100,1.1456628477905184
2024-06-20,STB,Sacombank,31100.0,31100.0,30000.0,30750.0,24298600,-0.4854368932038833
2024-06-21,STB,Sacombank,30700.0,31350.0,30450.0,30650.0,11788900,-0.3252032520325243
2024-06-24,STB,Sacombank,30650.0,30750.0,29400.0,29500.0,20348400,-3.7520391517128826
2024-06-25,STB,Sacombank,29700.0,29800.0,29250.0,29600.0,11449300,0.3389830508474523
2024-06-26,STB,Sacombank,29400.0,29650.0,28950.0,29500.0,14626700,-0.33783783783783994
2024-06-27,STB,Sacombank,29300.0,29500.0,29100.0,29200.0,6835800,-1.016949152542368
2024-06-28,STB,Sacombank,29050.0,29400.0,28800.0,28800.0,10284700,-1.3698630136986356
2024-07-01,STB,Sacombank,29000.0,29350.0,28800.0,29300.0,5212400,1.736111111111116
2024-07-02,STB,Sacombank,29350.0,29750.0,29250.0,29600.0,5431700,1.0238907849829282
2024-07-03,STB,Sacombank,29550.0,30100.0,29550.0,29900.0,6484600,1.0135135135135087
2024-07-04,STB,Sacombank,29900.0,29950.0,29600.0,29900.0,4518800,0.0
2024-07-05,STB,Sacombank,29900.0,30150.0,29600.0,30100.0,6500200,0.6688963210702337
2024-07-08,STB,Sacombank,30000.0,30300.0,29750.0,30150.0,22848600,0.16611295681063787
2024-07-09,STB,Sacombank,30150.0,30400.0,29950.0,30350.0,11960500,0.6633499170812573
2024-07-10,STB,Sacombank,30350.0,30450.0,29850.0,29850.0,7896500,-1.6474464579901205
2024-07-11,STB,Sacombank,30000.0,30150.0,29850.0,29850.0,16548800,0.0
2024-07-12,STB,Sacombank,30000.0,30150.0,29700.0,29750.0,9773900,-0.335008375209378
2024-07-15,STB,Sacombank,29800.0,29950.0,29600.0,29750.0,14795700,0.0
2024-07-16,STB,Sacombank,29750.0,30200.0,29750.0,29900.0,7816800,0.5042016806722671
2024-07-17,STB,Sacombank,30100.0,31200.0,29950.0,30400.0,25058400,1.6722408026755842
2024-07-18,STB,Sacombank,30400.0,30600.0,29950.0,30600.0,21855700,0.6578947368421018
2024-07-19,STB,Sacombank,30550.0,30850.0,30150.0,30300.0,8190200,-0.9803921568627416
2024-07-22,STB,Sacombank,30300.0,30600.0,29900.0,30000.0,22644710,-0.990099009900991
2024-07-23,STB,Sacombank,30100.0,30300.0,29000.0,29000.0,11984600,-3.3333333333333326
2024-07-24,STB,Sacombank,29000.0,29450.0,28600.0,29200.0,12412500,0.6896551724137945
2024-07-25,STB,Sacombank,29150.0,29150.0,28600.0,28800.0,8729600,-1.3698630136986356
2024-07-26,STB,Sacombank,28800.0,29100.0,28750.0,29100.0,5366200,1.041666666666674
2024-07-29,STB,Sacombank,29200.0,29400.0,28800.0,29100.0,5947800,0.0
2024-07-30,STB,Sacombank,29050.0,29150.0,28800.0,28900.0,4458200,-0.6872852233676952
2024-07-31,STB,Sacombank,29000.0,29250.0,28850.0,29000.0,6032600,0.34602076124568004
2024-08-01,STB,Sacombank,29000.0,29250.0,28050.0,28050.0,11998200,-3.2758620689655182
2024-08-02,STB,Sacombank,28000.0,28550.0,27950.0,28400.0,10783600,1.2477718360071277
2024-08-05,STB,Sacombank,28200.0,28400.0,27000.0,27200.0,21048700,-4.225352112676061
2024-08-06,STB,Sacombank,27550.0,28450.0,27300.0,28400.0,10313400,4.4117647058823595
2024-08-07,STB,Sacombank,28400.0,28500.0,27900.0,28400.0,7957500,0.0
2024-08-08,STB,Sacombank,28050.0,28600.0,28000.0,28250.0,5940500,-0.5281690140845119
2024-08-09,STB,Sacombank,28650.0,28950.0,28200.0,28850.0,9945304,2.123893805309729
2024-08-12,STB,Sacombank,28850.0,29350.0,28600.0,29200.0,9701500,1.21317157712304
2024-08-13,STB,Sacombank,29200.0,29500.0,29150.0,29150.0,7059600,-0.1712328767123239
2024-08-14,STB,Sacombank,29250.0,29400.0,29200.0,29200.0,5866500,0.17152658662091813
2024-08-15,STB,Sacombank,29200.0,29300.0,28750.0,28950.0,3915700,-0.8561643835616417
2024-08-16,STB,Sacombank,28950.0,29450.0,28950.0,29350.0,8323900,1.3816925734024155
2024-08-19,STB,Sacombank,29500.0,29700.0,29350.0,29650.0,6192100,1.0221465076660996
2024-08-20,STB,Sacombank,29650.0,29800.0,29500.0,29650.0,6480400,0.0
2024-08-21,STB,Sacombank,29650.0,29950.0,29400.0,29950.0,9081200,1.0118043844856706
2024-08-22,STB,Sacombank,30000.0,30050.0,29800.0,29900.0,4940600,-0.16694490818029983
2024-08-23,STB,Sacombank,29900.0,30000.0,29650.0,29950.0,5876500,0.16722408026756952
2024-08-26,STB,Sacombank,30050.0,30200.0,29750.0,29750.0,7701300,-0.6677796327211993
2024-08-28,STB,Sacombank,29700.0,29850.0,29550.0,29550.0,4675800,-0.6722689075630228
2024-08-29,STB,Sacombank,29650.0,30900.0,29650.0,30450.0,25493800,3.0456852791878264
2024-08-30,STB,Sacombank,30550.0,30650.0,30350.0,30550.0,5079700,0.3284072249589487
2024-09-04,STB,Sacombank,30400.0,30400.0,29950.0,30100.0,9528600,-1.4729950900163713
2024-09-05,STB,Sacombank,30100.0,30150.0,29400.0,29600.0,10457600,-1.661129568106312
2024-09-06,STB,Sacombank,29550.0,29900.0,29500.0,29900.0,8550100,1.0135135135135087
2024-09-09,STB,Sacombank,29650.0,29750.0,29500.0,29500.0,4193600,-1.3377926421404673
2024-09-10,STB,Sacombank,29700.0,29750.0,29150.0,29200.0,7772100,-1.016949152542368
2024-09-11,STB,Sacombank,29150.0,29700.0,29100.0,29600.0,6358300,1.3698630136986356
2024-09-12,STB,Sacombank,29650.0,29800.0,29550.0,29700.0,5982700,0.33783783783782884
2024-09-13,STB,Sacombank,29700.0,29950.0,29550.0,29800.0,9758600,0.33670033670034627
2024-09-16,STB,Sacombank,29800.0,29900.0,29550.0,29550.0,4878700,-0.8389261744966459
2024-09-17,STB,Sacombank,29650.0,29850.0,29450.0,29850.0,9358400,1.0152284263959421
2024-09-18,STB,Sacombank,29850.0,30600.0,29800.0,30250.0,15209700,1.340033500837512
2024-09-19,STB,Sacombank,30350.0,30600.0,30300.0,30500.0,7185600,0.8264462809917328
2024-09-20,STB,Sacombank,30700.0,31300.0,30600.0,30850.0,23334300,1.1475409836065653
2024-09-23,STB,Sacombank,30900.0,31300.0,30800.0,30800.0,6107200,-0.16207455429497752
2024-09-24,STB,Sacombank,30850.0,32050.0,30800.0,31850.0,30939400,3.409090909090917
2024-09-25,STB,Sacombank,32000.0,32700.0,31850.0,32700.0,29117000,2.668759811616961
2024-09-26,STB,Sacombank,32800.0,33200.0,32600.0,32750.0,25868600,0.1529051987767538
2024-09-27,STB,Sacombank,32900.0,33650.0,32800.0,33600.0,23107200,2.595419847328251
2024-09-30,STB,Sacombank,33550.0,33650.0,33200.0,33350.0,12432400,-0.7440476190476164
2024-10-01,STB,Sacombank,33400.0,34400.0,33400.0,33500.0,20488900,0.4497751124437732
2024-10-02,STB,Sacombank,33500.0,33900.0,33400.0,33550.0,14108200,0.14925373134329067
2024-10-03,STB,Sacombank,33550.0,34200.0,33550.0,33750.0,19099200,0.5961251862891315
2024-10-04,STB,Sacombank,33700.0,33800.0,33100.0,33100.0,14387400,-1.925925925925931
2024-10-07,STB,Sacombank,33400.0,34150.0,33350.0,33800.0,14756600,2.114803625377637
2024-10-08,STB,Sacombank,33850.0,34200.0,33550.0,33700.0,13909400,-0.295857988165682
2024-10-09,STB,Sacombank,33700.0,34300.0,33600.0,34150.0,17686600,1.335311572700304
2024-10-10,STB,Sacombank,34500.0,34800.0,33600.0,33600.0,20748300,-1.6105417276720324
2024-10-11,STB,Sacombank,33650.0,33800.0,33400.0,33800.0,8112400,0.5952380952380931
2024-10-14,STB,Sacombank,34100.0,34200.0,33600.0,33900.0,12952200,0.2958579881656709
2024-10-15,STB,Sacombank,33950.0,34200.0,33600.0,33700.0,12425100,-0.5899705014749235
2024-10-16,STB,Sacombank,33650.0,33750.0,33150.0,33600.0,18659100,-0.29673590504450953
2024-10-17,STB,Sacombank,33700.0,34600.0,33250.0,34600.0,37009600,2.9761904761904656
2024-10-18,STB,Sacombank,35100.0,36450.0,34700.0,35550.0,32953800,2.7456647398844014
2024-10-21,STB,Sacombank,35650.0,36100.0,35250.0,35250.0,13537800,-0.8438818565400852
2024-10-22,STB,Sacombank,35250.0,35900.0,34900.0,35000.0,17765700,-0.7092198581560294
2024-10-23,STB,Sacombank,35100.0,35800.0,34650.0,35800.0,12497200,2.285714285714291
2024-10-24,STB,Sacombank,35800.0,35800.0,33400.0,33400.0,32657700,-6.703910614525144
2024-10-25,STB,Sacombank,33650.0,34000.0,33300.0,33450.0,19673700,0.14970059880239361
2024-10-28,STB,Sacombank,33300.0,34100.0,33300.0,33750.0,11423600,0.8968609865470878
2024-10-29,STB,Sacombank,33850.0,34300.0,33800.0,34050.0,11810900,0.8888888888888946
2024-10-31,STB,Sacombank,34800.0,35700.0,34600.0,35200.0,18664700,3.3773861967694607
2024-11-01,STB,Sacombank,35000.0,35250.0,34950.0,35000.0,13517100,-0.5681818181818232
2024-11-04,STB,Sacombank,35000.0,35350.0,34650.0,34900.0,11337200,-0.28571428571428914
2024-11-06,STB,Sacombank,35000.0,35500.0,34800.0,35500.0,6934000,1.7191977077363862
2024-11-07,STB,Sacombank,35600.0,35800.0,35400.0,35600.0,8581800,0.28169014084507005
2024-11-08,STB,Sacombank,35850.0,36000.0,35000.0,35500.0,12953400,-0.2808988764044895
2024-11-11,STB,Sacombank,35400.0,35550.0,33400.0,33800.0,33193000,-4.7887323943662015
2024-11-12,STB,Sacombank,33800.0,33900.0,33250.0,33550.0,14613800,-0.7396449704141994
2024-11-13,STB,Sacombank,33500.0,33500.0,32400.0,33400.0,15506400,-0.44709388971684305
2024-11-14,STB,Sacombank,33550.0,33550.0,32500.0,32500.0,9354900,-2.6946107784431184
2024-11-15,STB,Sacombank,32400.0,32850.0,32200.0,32400.0,12216400,-0.3076923076923088
2024-11-18,STB,Sacombank,32550.0,32700.0,31900.0,32600.0,10269900,0.6172839506172867
2024-11-19,STB,Sacombank,32600.0,32600.0,31750.0,31950.0,7621700,-1.9938650306748462
2024-11-20,STB,Sacombank,31700.0,32750.0,31300.0,32400.0,8775900,1.4084507042253502
2024-11-21,STB,Sacombank,32400.0,33050.0,32250.0,33050.0,14326600,2.0061728395061706
2024-11-22,STB,Sacombank,33000.0,33150.0,32600.0,32650.0,9810500,-1.2102874432677768
2024-11-25,STB,Sacombank,32700.0,33150.0,32650.0,32850.0,9229200,0.6125574272588086
2024-11-26,STB,Sacombank,33000.0,33350.0,32950.0,33200.0,7302800,1.0654490106544845
2024-11-27,STB,Sacombank,33100.0,33300.0,32800.0,33200.0,6523000,0.0
2024-11-28,STB,Sacombank,33200.0,33600.0,32950.0,33150.0,9679500,-0.1506024096385561
2024-11-29,STB,Sacombank,33050.0,33300.0,32800.0,33300.0,11291200,0.4524886877828038
2024-12-02,STB,Sacombank,33400.0,33400.0,32850.0,33100.0,5372300,-0.6006006006005982
2024-12-03,STB,Sacombank,33150.0,33150.0,32600.0,32600.0,12292200,-1.5105740181268867
2024-12-04,STB,Sacombank,32550.0,32600.0,32150.0,32400.0,7150600,-0.6134969325153339
2024-12-05,STB,Sacombank,32350.0,34000.0,32250.0,33950.0,15503900,4.783950617283961
2024-12-06,STB,Sacombank,33900.0,33950.0,33600.0,33800.0,17860500,-0.44182621502208974
2024-12-09,STB,Sacombank,33700.0,34100.0,33600.0,34000.0,18239800,0.591715976331364
2024-12-10,STB,Sacombank,34050.0,34200.0,33500.0,33500.0,10071300,-1.4705882352941124
2024-12-11,STB,Sacombank,33800.0,33900.0,33500.0,33650.0,11092000,0.4477611940298498
2024-12-12,STB,Sacombank,33650.0,34100.0,33650.0,33800.0,5153300,0.4457652303120341
2024-12-13,STB,Sacombank,33800.0,34200.0,33550.0,34000.0,9444600,0.591715976331364
2024-12-16,STB,Sacombank,34000.0,34100.0,33850.0,34100.0,6502700,0.2941176470588225
2024-12-17,STB,Sacombank,34100.0,34200.0,33850.0,34100.0,7815800,0.0
2024-12-18,STB,Sacombank,34100.0,34200.0,33850.0,34200.0,9450900,0.2932551319648091
2024-12-19,STB,Sacombank,33800.0,34000.0,33550.0,33900.0,16276200,-0.8771929824561431
2024-12-20,STB,Sacombank,33750.0,33950.0,33500.0,33850.0,12178900,-0.1474926253687281
2024-12-23,STB,Sacombank,34150.0,35000.0,34100.0,34500.0,19898800,1.9202363367799125
2024-12-24,STB,Sacombank,34550.0,34750.0,34350.0,34700.0,8926800,0.5797101449275255
2024-12-25,STB,Sacombank,34800.0,36500.0,34750.0,36250.0,28371900,4.466858789625361
2024-12-26,STB,Sacombank,36450.0,37400.0,36350.0,37100.0,16442000,2.344827586206888
2024-12-27,STB,Sacombank,37200.0,37400.0,36900.0,37400.0,21965700,0.8086253369272267
2024-12-30,STB,Sacombank,37350.0,37850.0,36800.0,37850.0,11931900,1.2032085561497263
2024-12-31,STB,Sacombank,37550.0,37550.0,36900.0,36900.0,9681400,-2.509907529722588
2025-01-02,STB,Sacombank,36950.0,37200.0,36600.0,37000.0,17557100,0.27100271002709064
2025-01-03,STB,Sacombank,36950.0,36950.0,36100.0,36100.0,8642600,-2.43243243243243
2025-01-06,STB,Sacombank,36100.0,36600.0,36050.0,36250.0,9584000,0.41551246537396835
2025-01-07,STB,Sacombank,36450.0,37050.0,36350.0,36900.0,10607300,1.7931034482758568
2025-01-08,STB,Sacombank,36700.0,36900.0,36500.0,36700.0,6074100,-0.5420054200542035
2025-01-09,STB,Sacombank,36800.0,36900.0,36400.0,36400.0,5593400,-0.8174386920980936
2025-01-10,STB,Sacombank,36400.0,36550.0,35200.0,35200.0,16660200,-3.296703296703296
2025-01-13,STB,Sacombank,35000.0,35350.0,34700.0,35300.0,9412600,0.28409090909091717
2025-01-14,STB,Sacombank,35300.0,35400.0,34900.0,35400.0,7922700,0.28328611898016387
2025-01-15,STB,Sacombank,35400.0,35450.0,35100.0,35100.0,6977700,-0.8474576271186418
2025-01-16,STB,Sacombank,35400.0,35800.0,35050.0,35450.0,9548300,0.9971509971509862
2025-01-17,STB,Sacombank,35400.0,35800.0,35150.0,35750.0,6798900,0.8462623413258097
2025-01-20,STB,Sacombank,35850.0,36350.0,35750.0,35950.0,6359200,0.5594405594405494
2025-01-21,STB,Sacombank,36450.0,36450.0,35900.0,36050.0,5696100,0.2781641168289273
2025-01-22,STB,Sacombank,36200.0,36650.0,36150.0,36350.0,11662200,0.832177531206657
2025-01-23,STB,Sacombank,36650.0,37550.0,36450.0,37000.0,13155400,1.7881705639614776
2025-01-24,STB,Sacombank,37300.0,37350.0,36900.0,37000.0,5248200,0.0
2025-02-03,STB,Sacombank,36800.0,36900.0,36300.0,36550.0,9000500,-1.216216216216215
2025-02-04,STB,Sacombank,36700.0,37800.0,36650.0,37300.0,17935000,2.0519835841313228
2025-02-05,STB,Sacombank,37450.0,37500.0,37000.0,37250.0,5279300,-0.13404825737265424
2025-02-06,STB,Sacombank,37500.0,37850.0,37300.0,37350.0,9629500,0.26845637583892135
2025-02-07,STB,Sacombank,37350.0,38100.0,37200.0,37450.0,11948300,0.2677376171352108
2025-02-10,STB,Sacombank,37400.0,38850.0,37200.0,38450.0,24408100,2.6702269692923997
2025-02-11,STB,Sacombank,38400.0,38700.0,38150.0,38500.0,7162500,0.13003901170351995
2025-02-12,STB,Sacombank,38500.0,38850.0,38300.0,38650.0,8573900,0.3896103896103842
2025-02-13,STB,Sacombank,38500.0,38800.0,38400.0,38800.0,4891600,0.38809831824062613
2025-02-14,STB,Sacombank,39300.0,39300.0,38250.0,38250.0,8303000,-1.4175257731958713
2025-02-17,STB,Sacombank,38250.0,38500.0,38100.0,38300.0,6468100,0.13071895424836555
2025-02-18,STB,Sacombank,38300.0,39150.0,38150.0,38650.0,8042000,0.9138381201044377
2025-02-19,STB,Sacombank,38650.0,39100.0,38500.0,38750.0,7778000,0.2587322121604174
2025-02-20,STB,Sacombank,38900.0,39050.0,38550.0,38750.0,7041600,0.0
2025-02-21,STB,Sacombank,38750.0,38950.0,38300.0,38850.0,8350200,0.2580645161290418
2025-02-24,STB,Sacombank,38850.0,39600.0,38700.0,39400.0,7261100,1.4157014157014203
2025-02-25,STB,Sacombank,39500.0,39700.0,39250.0,39250.0,6494000,-0.3807106598984755
2025-02-26,STB,Sacombank,39250.0,39350.0,38550.0,38550.0,15149500,-1.7834394904458595
2025-02-27,STB,Sacombank,38550.0,38650.0,38100.0,38300.0,12864400,-0.6485084306095956
2025-02-28,STB,Sacombank,38250.0,38700.0,38250.0,38250.0,5601900,-0.13054830287205776
2025-03-03,STB,Sacombank,38350.0,38850.0,38350.0,38850.0,9489600,1.5686274509803866
2025-03-04,STB,Sacombank,38650.0,39400.0,38500.0,39200.0,9150700,0.9009009009008917
2025-03-05,STB,Sacombank,39300.0,39700.0,38800.0,38800.0,11856400,-1.0204081632653073
2025-03-06,STB,Sacombank,38850.0,39550.0,38750.0,39500.0,9659100,1.8041237113401998
2025-03-07,STB,Sacombank,39650.0,39900.0,39400.0,39750.0,11663800,0.6329113924050667
2025-03-10,STB,Sacombank,40000.0,40300.0,39200.0,40000.0,16136900,0.6289308176100628
2025-03-11,STB,Sacombank,39400.0,39900.0,39400.0,39900.0,5697100,-0.24999999999999467
2025-03-12,STB,Sacombank,40000.0,40050.0,39300.0,39750.0,12312700,-0.3759398496240629
2025-03-13,STB,Sacombank,39650.0,39700.0,38950.0,39000.0,16107200,-1.8867924528301883
2025-03-14,STB,Sacombank,38800.0,39050.0,38350.0,38850.0,12595200,-0.38461538461538325
2025-03-17,STB,Sacombank,39000.0,39200.0,38500.0,38850.0,7477600,0.0
2025-03-18,STB,Sacombank,38950.0,39100.0,38400.0,38400.0,6847870,-1.158301158301156
2025-03-19,STB,Sacombank,38400.0,38600.0,37900.0,38400.0,12413700,0.0
2025-03-20,STB,Sacombank,38400.0,39000.0,38100.0,38900.0,9049900,1.302083333333326
2025-03-21,STB,Sacombank,38950.0,39000.0,38350.0,38650.0,6849400,-0.6426735218509005
2025-03-24,STB,Sacombank,38700.0,38700.0,37900.0,38600.0,9993700,-0.1293661060802087
2025-03-25,STB,Sacombank,38750.0,38800.0,38350.0,38650.0,5559800,0.12953367875647714
2025-03-26,STB,Sacombank,38650.0,39200.0,38450.0,38600.0,12149900,-0.1293661060802087
2025-03-27,STB,Sacombank,38400.0,38600.0,38150.0,38250.0,5286900,-0.90673575129534
2025-03-28,STB,Sacombank,38250.0,38700.0,37950.0,38250.0,7340700,0.0
2025-03-31,STB,Sacombank,38000.0,38750.0,37950.0,38300.0,10183800,0.13071895424836555
2025-04-01,STB,Sacombank,38650.0,39700.0,38300.0,39700.0,12814400,3.6553524804177506
2025-04-02,STB,Sacombank,39650.0,39750.0,39250.0,39250.0,8155200,-1.133501259445846
2025-04-03,STB,Sacombank,38100.0,38500.0,36550.0,36550.0,90990400,-6.878980891719744
2025-04-04,STB,Sacombank,34100.0,37500.0,34100.0,37400.0,39331000,2.3255813953488413
2025-04-08,STB,Sacombank,36000.0,36900.0,34800.0,34800.0,55818200,-6.951871657754005
2025-04-09,STB,Sacombank,33000.0,36000.0,32400.0,33100.0,30887500,-4.885057471264364
2025-04-10,STB,Sacombank,35400.0,35400.0,35400.0,35400.0,551100,6.9486404833836835
2025-04-11,STB,Sacombank,35400.0,37850.0,35400.0,37850.0,45803600,6.920903954802249
2025-04-14,STB,Sacombank,37950.0,38500.0,37550.0,37800.0,14443000,-0.13210039630119352
2025-04-15,STB,Sacombank,37450.0,38450.0,37100.0,38450.0,17596600,1.7195767195767209
2025-04-16,STB,Sacombank,38600.0,38850.0,38050.0,38150.0,9915900,-0.7802340702210642
2025-04-17,STB,Sacombank,38000.0,38500.0,37950.0,38300.0,13194500,0.3931847968545288
2025-04-18,STB,Sacombank,38600.0,39150.0,38500.0,38550.0,14439400,0.6527415143603221
2025-04-21,STB,Sacombank,38550.0,41200.0,37850.0,40450.0,34723200,4.928664072632949
2025-04-22,STB,Sacombank,40450.0,40650.0,37650.0,40650.0,33497500,0.49443757725586845
2025-04-23,STB,Sacombank,41050.0,41200.0,40150.0,40200.0,16176800,-1.1070110701106972
2025-04-24,STB,Sacombank,40200.0,40450.0,39500.0,40200.0,13836900,0.0
2025-04-25,STB,Sacombank,40200.0,40500.0,39150.0,39150.0,28758700,-2.6119402985074647
2025-04-28,STB,Sacombank,39250.0,39300.0,38750.0,39250.0,9043800,0.25542784163474774
2025-04-29,STB,Sacombank,39200.0,39400.0,38900.0,39100.0,11882800,-0.3821656050955413
2025-05-05,STB,Sacombank,39200.0,39650.0,38950.0,39500.0,7418993,1.0230179028132946
2025-05-06,STB,Sacombank,39400.0,39700.0,38850.0,38850.0,12034180,-1.6455696202531622
2025-05-07,STB,Sacombank,38950.0,39150.0,38550.0,38850.0,11356800,0.0
2025-05-08,STB,Sacombank,38850.0,39600.0,38750.0,39500.0,13531700,1.6731016731016624
2025-05-09,STB,Sacombank,39400.0,40150.0,39300.0,39750.0,17226420,0.6329113924050667
2025-05-12,STB,Sacombank,39800.0,40050.0,39750.0,40000.0,17748530,0.6289308176100628
2025-05-13,STB,Sacombank,40350.0,40400.0,39600.0,40100.0,13381300,0.24999999999999467
2025-05-14,STB,Sacombank,40200.0,40300.0,39700.0,40000.0,16609570,-0.24937655860348684
2025-05-15,STB,Sacombank,40200.0,41100.0,40050.0,40700.0,19331970,1.750000000000007
2025-05-16,STB,Sacombank,40700.0,40750.0,39800.0,39800.0,8324643,-2.211302211302213
2025-05-19,STB,Sacombank,39500.0,39650.0,38950.0,39000.0,18997060,-2.010050251256279
2025-05-20,STB,Sacombank,39000.0,39650.0,39000.0,39500.0,16477930,1.2820512820512775
2025-05-21,STB,Sacombank,39500.0,42250.0,39500.0,41800.0,39113220,5.822784810126591
2025-05-22,STB,Sacombank,41750.0,42000.0,41000.0,41100.0,13342190,-1.674641148325362
2025-05-23,STB,Sacombank,41100.0,41800.0,40800.0,41800.0,10684960,1.7031630170316392
2025-05-26,STB,Sacombank,41500.0,41750.0,40300.0,41550.0,10362200,-0.5980861244019087
2025-05-27,STB,Sacombank,41550.0,42100.0,41100.0,41500.0,8613262,-0.12033694344163459
2025-05-28,STB,Sacombank,41700.0,41700.0,41050.0,41050.0,7827083,-1.0843373493975905
2025-05-29,STB,Sacombank,41150.0,41400.0,40750.0,41300.0,7366402,0.6090133982947554
2025-05-30,STB,Sacombank,41350.0,41350.0,40550.0,40700.0,9041826,-1.4527845036319653
2025-06-02,STB,Sacombank,40700.0,42200.0,40500.0,41800.0,11984070,2.7027027027026973
2025-06-03,STB,Sacombank,41900.0,42000.0,41550.0,41600.0,9645411,-0.4784688995215336
2025-06-04,STB,Sacombank,41700.0,41750.0,41000.0,41000.0,12024000,-1.4423076923076872
2025-06-05,STB,Sacombank,41000.0,41900.0,41000.0,41350.0,14109860,0.8536585365853666
2025-06-06,STB,Sacombank,41300.0,42450.0,41100.0,41750.0,24961640,0.96735187424426
2025-06-09,STB,Sacombank,41950.0,42200.0,41600.0,41950.0,11214980,0.4790419161676551
2025-06-10,STB,Sacombank,42100.0,44000.0,42000.0,42900.0,15157250,2.2646007151370773
2025-06-11,STB,Sacombank,43150.0,43300.0,42600.0,42850.0,7881595,-0.11655011655011815
2025-06-12,STB,Sacombank,43200.0,45750.0,43200.0,45000.0,20159520,5.017502917152861
2025-06-13,STB,Sacombank,44700.0,45200.0,44250.0,44900.0,13809740,-0.22222222222222365
2025-06-16,STB,Sacombank,44600.0,45500.0,44550.0,45500.0,8044015,1.3363028953229383
2025-06-17,STB,Sacombank,45550.0,46400.0,45500.0,46000.0,8800849,1.098901098901095
2025-06-18,STB,Sacombank,46000.0,47800.0,45700.0,47200.0,13450990,2.60869565217392
2025-06-19,STB,Sacombank,47200.0,47450.0,46700.0,47150.0,8462343,-0.10593220338983578
2025-06-20,STB,Sacombank,47300.0,47500.0,46150.0,46600.0,13736660,-1.166489925768821
2025-06-23,STB,Sacombank,46250.0,47200.0,46150.0,46450.0,7078896,-0.32188841201716833
2025-06-24,STB,Sacombank,46850.0,47200.0,46150.0,46500.0,11192450,0.10764262648008671
2025-06-25,STB,Sacombank,46500.0,47350.0,46450.0,46800.0,10917920,0.6451612903225712
2025-06-26,STB,Sacombank,47000.0,47200.0,46200.0,46800.0,13650300,0.0
2025-06-27,STB,Sacombank,47050.0,47100.0,46350.0,46350.0,5792021,-0.9615384615384581
2025-06-30,STB,Sacombank,46600.0,47050.0,46350.0,46700.0,6020920,0.7551240560949246
2025-07-01,STB,Sacombank,46800.0,46950.0,46450.0,46950.0,6143340,0.5353319057815886
2025-07-02,STB,Sacombank,47300.0,48100.0,47000.0,47550.0,13507800,1.2779552715654896
2025-07-03,STB,Sacombank,47400.0,47700.0,46400.0,46650.0,20262190,-1.8927444794952675
2025-07-04,STB,Sacombank,46700.0,47200.0,46200.0,47050.0,10943050,0.8574490889603492
2025-07-07,STB,Sacombank,47100.0,48500.0,47100.0,47550.0,10885350,1.0626992561105109
2025-07-08,STB,Sacombank,47700.0,48050.0,47200.0,47650.0,6922602,0.2103049421661396
2025-07-09,STB,Sacombank,48000.0,48100.0,47350.0,47800.0,10780350,0.31479538300105414
2025-07-10,STB,Sacombank,47900.0,47900.0,47250.0,47650.0,8928711,-0.3138075313807498
2025-07-11,STB,Sacombank,47800.0,48500.0,47350.0,47650.0,10961590,0.0
2025-07-14,STB,Sacombank,47750.0,48100.0,47200.0,47950.0,9836311,0.6295907660021083
2025-07-15,STB,Sacombank,48200.0,49200.0,47700.0,47700.0,9822536,-0.5213764337851923
2025-07-16,STB,Sacombank,47800.0,48150.0,47250.0,47800.0,10667540,0.20964360587001352
2025-07-17,STB,Sacombank,48050.0,48400.0,47600.0,47700.0,9053649,-0.20920502092049986
2025-07-18,STB,Sacombank,48000.0,50500.0,47400.0,50200.0,26114970,5.2410901467505155
2025-07-21,STB,Sacombank,50700.0,50800.0,49150.0,49500.0,10604750,-1.3944223107569709
2025-07-22,STB,Sacombank,49200.0,49500.0,48700.0,49500.0,9546497,0.0
2025-07-23,STB,Sacombank,49700.0,49700.0,48500.0,48700.0,15515150,-1.6161616161616155
2025-07-24,STB,Sacombank,48800.0,49500.0,48500.0,49000.0,11471450,0.6160164271047153
2025-07-25,STB,Sacombank,49450.0,49500.0,48800.0,48800.0,7950881,-0.40816326530612734
2025-07-28,STB,Sacombank,48800.0,49300.0,48350.0,49100.0,15485120,0.6147540983606481
2025-07-29,STB,Sacombank,49100.0,50800.0,48000.0,48000.0,24491060,-2.2403258655804503
2025-07-30,STB,Sacombank,48850.0,50300.0,48100.0,49300.0,18875930,2.708333333333335
2025-07-31,STB,Sacombank,49900.0,50700.0,49250.0,49950.0,18166860,1.3184584178498993
2025-08-01,STB,Sacombank,50300.0,50800.0,49100.0,49400.0,14741840,-1.1011011011010985
2025-08-04,STB,Sacombank,48900.0,50000.0,48500.0,50000.0,10242710,1.2145748987854255
2025-08-05,STB,Sacombank,50400.0,53500.0,49650.0,51700.0,37262640,3.400000000000003
2025-08-06,STB,Sacombank,52600.0,54100.0,52200.0,54100.0,12772020,4.642166344293996
2025-08-07,STB,Sacombank,54800.0,55200.0,52900.0,54600.0,16934450,0.9242144177449063
2025-08-08,STB,Sacombank,54400.0,54400.0,52500.0,54000.0,16928750,-1.098901098901095
2025-08-11,STB,Sacombank,53600.0,53800.0,52700.0,53700.0,11424770,-0.5555555555555536
2025-08-12,STB,Sacombank,53600.0,54800.0,53000.0,54000.0,7094339,0.5586592178770999
2025-08-13,STB,Sacombank,54400.0,54400.0,52900.0,53900.0,10607330,-0.18518518518518823
2025-08-14,STB,Sacombank,54300.0,56300.0,53700.0,55400.0,16037120,2.782931354359919
2025-08-15,STB,Sacombank,55900.0,56000.0,53000.0,53900.0,13837090,-2.7075812274368283
2025-08-18,STB,Sacombank,53900.0,53900.0,52200.0,52800.0,13006730,-2.0408163265306145
2025-08-19,STB,Sacombank,52700.0,53900.0,52300.0,53200.0,10624660,0.7575757575757569
2025-08-20,STB,Sacombank,53400.0,54400.0,51700.0,54100.0,25015740,1.6917293233082775
2025-08-21,STB,Sacombank,54800.0,57800.0,54700.0,57800.0,27522560,6.839186691312382
2025-08-22,STB,Sacombank,57400.0,59100.0,54600.0,55500.0,21868840,-3.979238754325265
2025-08-25,STB,Sacombank,56200.0,56500.0,51700.0,53000.0,22716680,-4.504504504504503
2025-08-26,STB,Sacombank,52500.0,55000.0,52400.0,55000.0,16118290,3.7735849056603765
2025-08-27,STB,Sacombank,55300.0,56400.0,54100.0,55600.0,16463040,1.090909090909098
2025-08-28,STB,Sacombank,55900.0,56200.0,54400.0,54800.0,8588857,-1.4388489208633115
2025-08-29,STB,Sacombank,55200.0,55800.0,54300.0,55600.0,13875990,1.4598540145985384
2025-09-03,STB,Sacombank,56000.0,56300.0,55200.0,56300.0,7617078,1.2589928057553879
2025-09-04,STB,Sacombank,56700.0,56800.0,55700.0,56400.0,9532512,0.1776198934280604
2025-09-05,STB,Sacombank,56900.0,57100.0,54800.0,56000.0,14047120,-0.7092198581560294
2025-09-08,STB,Sacombank,55700.0,56200.0,53900.0,54000.0,14931590,-3.57142857142857
2025-09-09,STB,Sacombank,53900.0,54300.0,53100.0,54200.0,6247990,0.37037037037037646
2025-09-10,STB,Sacombank,54500.0,54900.0,53400.0,53900.0,12256160,-0.5535055350553542
2025-09-11,STB,Sacombank,54200.0,55700.0,52600.0,55400.0,13576850,2.782931354359919
2025-09-12,STB,Sacombank,55900.0,55900.0,55100.0,55400.0,8000799,0.0
2025-09-15,STB,Sacombank,55200.0,56000.0,54500.0,56000.0,9036955,1.0830324909747224
2025-09-16,STB,Sacombank,56400.0,56900.0,55900.0,56100.0,6902030,0.17857142857142794
2025-09-17,STB,Sacombank,56300.0,56600.0,55500.0,56200.0,9364978,0.17825311942958333
2025-09-18,STB,Sacombank,56500.0,57300.0,55800.0,57000.0,10570460,1.4234875444839812
2025-09-19,STB,Sacombank,57400.0,57500.0,55200.0,55200.0,19608840,-3.157894736842104
2025-09-22,STB,Sacombank,55500.0,55700.0,53600.0,54800.0,10972850,-0.7246376811594235
2025-09-23,STB,Sacombank,55200.0,55700.0,54500.0,55400.0,8084382,1.0948905109489093
2025-09-24,STB,Sacombank,55400.0,57000.0,54500.0,57000.0,9384008,2.8880866425992746
2025-09-25,STB,Sacombank,57200.0,57200.0,56000.0,56900.0,8699334,-0.17543859649122862
2025-09-26,STB,Sacombank,56900.0,56900.0,55900.0,56500.0,11858440,-0.7029876977152849
2025-09-29,STB,Sacombank,56500.0,56600.0,55400.0,56600.0,14328690,0.1769911504424737
2025-09-30,STB,Sacombank,56600.0,57100.0,56000.0,56900.0,12643920,0.5300353356890497
2025-10-01,STB,Sacombank,57100.0,59800.0,56700.0,59800.0,24204260,5.096660808435849
2025-10-02,STB,Sacombank,60000.0,60300.0,58000.0,58700.0,10900630,-1.8394648829431426
2025-10-03,STB,Sacombank,58600.0,58600.0,57000.0,57000.0,9467224,-2.8960817717206155
2025-10-06,STB,Sacombank,58000.0,59800.0,57100.0,59800.0,11922310,4.912280701754379
2025-10-07,STB,Sacombank,60000.0,60400.0,58500.0,58500.0,7769493,-2.1739130434782594
2025-10-08,STB,Sacombank,58600.0,60000.0,58500.0,59900.0,10445680,2.3931623931623847
2025-10-09,STB,Sacombank,60300.0,61000.0,59700.0,60000.0,15161510,0.16694490818029983
2025-10-10,STB,Sacombank,60200.0,60400.0,59200.0,60400.0,8207678,0.6666666666666599
2025-10-13,STB,Sacombank,59900.0,61000.0,59300.0,61000.0,11184160,0.9933774834437026
2025-10-14,STB,Sacombank,61100.0,61300.0,60100.0,60600.0,9231796,-0.6557377049180357
2025-10-15,STB,Sacombank,60200.0,60800.0,60000.0,60000.0,5566543,-0.990099009900991
2025-10-16,STB,Sacombank,60100.0,60400.0,58500.0,59500.0,10421690,-0.8333333333333304
2025-10-17,STB,Sacombank,59000.0,59300.0,58100.0,59000.0,6700212,-0.8403361344537785
2025-10-20,STB,Sacombank,58600.0,58800.0,54900.0,54900.0,13419710,-6.949152542372882
2025-10-21,STB,Sacombank,55500.0,55600.0,53000.0,55600.0,15863430,1.2750455373406133
2025-10-22,STB,Sacombank,55700.0,55700.0,53500.0,55400.0,5684973,-0.3597122302158251
2025-10-23,STB,Sacombank,55400.0,55900.0,54700.0,55600.0,6135295,0.3610108303249149
2025-10-24,STB,Sacombank,55200.0,55500.0,53600.0,54500.0,7446651,-1.9784172661870492
2025-10-27,STB,Sacombank,54500.0,55300.0,53500.0,54600.0,5180313,0.18348623853210455
2025-10-28,STB,Sacombank,54400.0,56800.0,53600.0,56800.0,9983338,4.029304029304037
2025-10-29,STB,Sacombank,56800.0,58100.0,56500.0,57200.0,6310832,0.7042253521126751
2025-10-30,STB,Sacombank,57200.0,57300.0,56400.0,56900.0,3284685,-0.5244755244755206
2025-10-31,STB,Sacombank,56700.0,57200.0,55500.0,55500.0,6862230,-2.4604569420035194
2025-11-03,STB,Sacombank,55400.0,55800.0,52300.0,52300.0,6773883,-5.765765765765762
2025-11-04,STB,Sacombank,52000.0,54800.0,51700.0,53900.0,11922510,3.0592734225621365
2025-11-05,STB,Sacombank,53500.0,54500.0,53200.0,53500.0,12914950,-0.7421150278293154
2025-11-06,STB,Sacombank,53500.0,53800.0,51900.0,51900.0,8102423,-2.990654205607479
2025-11-07,STB,Sacombank,51700.0,51900.0,48350.0,48350.0,21028390,-6.84007707129094
2025-11-10,STB,Sacombank,48500.0,49400.0,48350.0,48500.0,13856820,0.31023784901758056
2025-11-11,STB,Sacombank,48700.0,49650.0,47450.0,49650.0,13321470,2.3711340206185483
2025-11-12,STB,Sacombank,49700.0,50600.0,48850.0,50600.0,10302590,1.9133937562940684
2025-11-13,STB,Sacombank,50500.0,50500.0,48550.0,48700.0,17044680,-3.754940711462451
2025-11-14,STB,Sacombank,48600.0,48650.0,47400.0,48050.0,16400550,-1.3347022587268942
2025-11-17,STB,Sacombank,48100.0,49050.0,47900.0,48900.0,13579430,1.768990634755463
2025-11-18,STB,Sacombank,48900.0,49650.0,48500.0,49500.0,9465060,1.2269938650306678
2025-11-19,STB,Sacombank,49450.0,50300.0,49050.0,49500.0,12959060,0.0
2025-11-20,STB,Sacombank,49500.0,49800.0,49100.0,49500.0,9327484,0.0
2025-11-21,STB,Sacombank,49050.0,51300.0,48900.0,51300.0,10156660,3.6363636363636376
2025-11-24,STB,Sacombank,51500.0,51500.0,50000.0,50000.0,8133142,-2.5341130604288553
2025-11-25,STB,Sacombank,50000.0,51000.0,49750.0,50000.0,10203050,0.0
2025-11-26,STB,Sacombank,50100.0,51200.0,49950.0,49950.0,11985870,-0.10000000000000009
2025-11-27,STB,Sacombank,49800.0,50600.0,49300.0,49300.0,7683890,-1.3013013013013053
2025-11-28,STB,Sacombank,49000.0,49550.0,48600.0,48600.0,6476387,-1.4198782961460488
2025-12-01,STB,Sacombank,48700.0,49600.0,48650.0,49000.0,6152811,0.8230452674897082
2025-12-02,STB,Sacombank,49000.0,49650.0,49000.0,49400.0,5969432,0.8163265306122547
2025-12-03,STB,Sacombank,49200.0,50900.0,49200.0,49700.0,8303838,0.6072874493927127
2025-12-04,STB,Sacombank,50000.0,51000.0,49950.0,50200.0,9776524,1.0060362173038184
2025-12-05,STB,Sacombank,50600.0,50600.0,49200.0,49200.0,6315148,-1.9920318725099584
2025-12-08,STB,Sacombank,49200.0,49250.0,48700.0,48700.0,5542611,-1.0162601626016232
2025-12-09,STB,Sacombank,48350.0,49250.0,48050.0,48550.0,17275770,-0.30800821355235763
2025-12-10,STB,Sacombank,48450.0,48650.0,48400.0,48600.0,6095523,0.1029866117404632
2025-12-11,STB,Sacombank,48400.0,48600.0,47700.0,47700.0,6165318,-1.851851851851849
2025-12-12,STB,Sacombank,47700.0,48500.0,46000.0,46000.0,10963590,-3.563941299790352
2025-12-15,STB,Sacombank,46050.0,47200.0,45950.0,46800.0,6056512,1.7391304347825987
2025-12-16,STB,Sacombank,46500.0,48200.0,46500.0,47050.0,6531174,0.5341880341880323
2025-12-17,STB,Sacombank,47200.0,47800.0,47100.0,47200.0,4965327,0.31880977683316214
2025-12-18,STB,Sacombank,47000.0,48000.0,46900.0,48000.0,5529969,1.6949152542372836
2025-12-19,STB,Sacombank,47700.0,49000.0,47700.0,49000.0,7526911,2.083333333333326
2025-12-22,STB,Sacombank,49300.0,52400.0,48600.0,52400.0,15138040,6.938775510204076
2025-12-23,STB,Sacombank,54700.0,56000.0,54200.0,56000.0,12789610,6.870229007633588
2025-12-24,STB,Sacombank,58800.0,58800.0,56600.0,58700.0,19997450,4.8214285714285765
2025-12-25,STB,Sacombank,58300.0,58600.0,55900.0,55900.0,19115010,-4.7700170357751315
2025-12-26,STB,Sacombank,55500.0,57500.0,53100.0,57500.0,17737620,2.8622540250447193
2025-12-29,STB,Sacombank,58200.0,60400.0,58100.0,59900.0,25564620,4.17391304347825
2025-12-30,STB,Sacombank,60300.0,60800.0,58500.0,60000.0,20873470,0.16694490818029983
2025-12-31,STB,Sacombank,59600.0,60200.0,58000.0,58000.0,18845870,-3.3333333333333326
2026-01-05,STB,Sacombank,58200.0,58300.0,56000.0,57900.0,18344730,-0.17241379310344307
2026-01-06,STB,Sacombank,57500.0,58700.0,56700.0,56700.0,12716440,-2.072538860103623
2026-01-07,STB,Sacombank,55600.0,55900.0,52800.0,53400.0,54002710,-5.820105820105825
2026-01-08,STB,Sacombank,53700.0,55200.0,53100.0,53500.0,19746630,0.1872659176029856
2026-01-09,STB,Sacombank,53600.0,54300.0,51500.0,51800.0,21570190,-3.1775700934579487
2026-01-12,STB,Sacombank,51500.0,54300.0,51100.0,53800.0,25444040,3.8610038610038533
2026-01-13,STB,Sacombank,53800.0,55200.0,53700.0,54100.0,18239570,0.5576208178438735
2026-01-14,STB,Sacombank,53900.0,55100.0,53800.0,54100.0,19693300,0.0
2026-01-15,STB,Sacombank,53800.0,57800.0,53700.0,57800.0,23824970,6.839186691312382
2026-01-16,STB,Sacombank,59400.0,60600.0,57900.0,58400.0,22499300,1.038062283737018
2026-01-19,STB,Sacombank,58000.0,58700.0,57600.0,58300.0,8947134,-0.1712328767123239
2026-01-20,STB,Sacombank,58200.0,60900.0,58100.0,58100.0,16610660,-0.34305317324184736
2026-01-21,STB,Sacombank,57600.0,62100.0,57200.0,62100.0,28409480,6.8846815834767705
2026-01-22,STB,Sacombank,63000.0,66400.0,63000.0,63500.0,17221290,2.254428341384873
2026-01-23,STB,Sacombank,63200.0,66100.0,62600.0,62600.0,16542820,-1.4173228346456734
2026-01-26,STB,Sacombank,63000.0,63800.0,61600.0,62000.0,15362140,-0.9584664536741228
2026-01-27,STB,Sacombank,62000.0,63300.0,61000.0,61900.0,12505130,-0.1612903225806428
2026-01-28,STB,Sacombank,62000.0,65600.0,61900.0,63200.0,14376800,2.100161550888524
2026-01-29,STB,Sacombank,64000.0,64400.0,62600.0,62800.0,8023777,-0.6329113924050667
2026-01-30,STB,Sacombank,62800.0,65000.0,62700.0,63000.0,13220750,0.31847133757962887
2026-02-02,STB,Sacombank,63000.0,64000.0,62000.0,63500.0,16113950,0.7936507936507908
2026-02-03,STB,Sacombank,64000.0,64500.0,62700.0,63000.0,10294150,-0.7874015748031482
2026-02-04,STB,Sacombank,62800.0,64600.0,62600.0,63800.0,15339630,1.2698412698412653
2026-02-05,STB,Sacombank,63800.0,65000.0,62300.0,62300.0,10912950,-2.351097178683381
2026-02-06,STB,Sacombank,61800.0,62400.0,60800.0,61500.0,18580970,-1.2841091492776902
2026-02-09,STB,Sacombank,61600.0,62100.0,60300.0,60300.0,10278270,-1.9512195121951237
2026-02-10,STB,Sacombank,60300.0,60700.0,59000.0,59500.0,16272240,-1.3266998341625258
2026-02-11,STB,Sacombank,59300.0,62900.0,59300.0,61100.0,12777310,2.6890756302520913
2026-02-12,STB,Sacombank,61200.0,62700.0,61100.0,61100.0,5438968,0.0
2026-02-13,STB,Sacombank,61200.0,62600.0,61100.0,62600.0,9001143,2.454991816693952
2024-01-02,TPB,TPBank,12426.463557351059,12462.069540422837,12284.040501303221,12319.646484375,8783083,
2024-01-03,TPB,TPBank,12284.03984221869,12426.462890625,12177.221898734533,12426.462890625,11132352,0.8670411637661468
2024-01-04,TPB,TPBank,12462.069136838081,12960.552007460314,12390.857173000726,12746.9169921875,38553480,2.5788038348729447
2024-01-05,TPB,TPBank,12746.916842923265,12924.945874192712,12640.098898418053,12818.1279296875,13890870,0.5586522415078399
2024-01-08,TPB,TPBank,12960.551487144461,12960.551487144461,12675.704519469793,12782.5224609375,28428372,-0.2777743282428635
2024-01-09,TPB,TPBank,12818.127660341035,12853.733641094586,12604.492652058949,12640.0986328125,15376788,-1.1142075326699974
2024-01-10,TPB,TPBank,12675.70464447402,13245.398585441519,12640.09866363365,13174.1875,40227516,4.225353636094709
2024-01-11,TPB,TPBank,13174.1875,13530.246432164491,13067.369557478885,13174.1875,23454396,0.0
2024-01-12,TPB,TPBank,13067.37001694322,13387.822979534849,12924.946088573937,13209.7939453125,24947496,0.2702743172017241
2024-01-15,TPB,TPBank,13352.216625541,13387.822606641581,13031.763671875,13031.763671875,18151686,-1.3477142351692284
2024-01-16,TPB,TPBank,12960.551470197785,13245.3984375,12960.551470197785,13245.3984375,11759958,1.6393388569964973
2024-01-17,TPB,TPBank,13209.79305944311,13316.610122317497,13067.369140625,13067.369140625,9390780,-1.3440841188360864
2024-01-18,TPB,TPBank,13067.369095524225,13138.5810546875,12960.551156779315,13138.5810546875,6764941,0.5449598407770484
2024-01-19,TPB,TPBank,13138.581372411178,13281.004417942677,13102.975391968499,13245.3984375,7118370,0.8130054711988022
2024-01-22,TPB,TPBank,13245.398901123519,13316.610864501481,13138.58183229582,13281.0048828125,11084094,0.2688212474733165
2024-01-23,TPB,TPBank,13281.004417942677,13387.822359270713,13174.187352853856,13245.3984375,11869452,-0.26810053626724617
2024-01-24,TPB,TPBank,13209.793577377906,13209.793577377906,12996.15769077442,13031.763671875,12993120,-1.6128979934658894
2024-01-25,TPB,TPBank,13031.764236996396,13031.764236996396,12924.9462890625,12924.9462890625,7975926,-0.8196694284982486
2024-01-26,TPB,TPBank,12960.551709673839,13174.187596277325,12924.945728573257,13031.763671875,4911984,0.8264435334860432
2024-01-29,TPB,TPBank,13031.764236996396,13102.976202285658,12924.9462890625,12924.9462890625,4973852,-0.8196694284982486
2024-01-30,TPB,TPBank,12924.945728573257,13138.581615176743,12924.945728573257,13031.763671875,13565916,0.8264435334860432
2024-01-31,TPB,TPBank,13138.581438083618,13138.581438083618,12675.704566254348,12711.310546875,14175163,-2.4590157792041434
2024-02-01,TPB,TPBank,12711.310546875,12853.733593118393,12675.704566254348,12711.310546875,6370434,0.0
2024-02-02,TPB,TPBank,12746.9161969538,12782.52217665115,12462.068359375,12462.068359375,11556846,-1.9607906405942899
2024-02-05,TPB,TPBank,12462.069390921557,12996.158254351763,12462.069390921557,12924.9462890625,37002546,3.714294580476163
2024-02-06,TPB,TPBank,12996.157787849623,13067.369750582706,12889.33984375,12889.33984375,13369986,-0.2754862149224713
2024-02-07,TPB,TPBank,12889.339653277028,13245.398585441519,12889.339653277028,13174.1875,18490752,2.2099475978059724
2024-02-15,TPB,TPBank,13281.00478522806,13637.064599501658,13245.398803800701,13423.4287109375,32630598,1.8918905696271526
2024-02-16,TPB,TPBank,13459.03515625,13565.853104213715,13387.823190940857,13459.03515625,18094860,0.2652559646216801
2024-02-19,TPB,TPBank,13459.034226012242,13494.64020620586,13281.00432504414,13387.822265625,11187164,-0.5291084375534161
2024-02-20,TPB,TPBank,13352.216796875,13423.428759989945,13281.004833760055,13352.216796875,11733876,-0.2659541488044814
2024-02-21,TPB,TPBank,13352.216816167935,13886.3056640625,13209.793765971493,13886.3056640625,41343624,4.000001462772085
2024-02-22,TPB,TPBank,13886.305152515242,14064.335054001534,13672.670146970902,13921.9111328125,20673702,0.25640706471086183
2024-02-23,TPB,TPBank,13957.517931998378,14313.576879621756,13601.458984375,13601.458984375,54916722,-2.3017827464953955
2024-02-26,TPB,TPBank,13565.853462497598,13743.882504233063,13494.641495307696,13637.0654296875,10585260,0.2617840141517558
2024-02-27,TPB,TPBank,13637.0654296875,13743.882504233063,13423.429528117795,13637.0654296875,19490436,0.0
2024-02-28,TPB,TPBank,13708.276362838082,14242.365234375,13601.459289522121,14242.365234375,32255748,4.438636800625595
2024-02-29,TPB,TPBank,14242.364821458359,14420.39473222229,14028.729804780896,14135.546875,37996434,-0.7500043540323298
2024-03-01,TPB,TPBank,14135.546875,14206.758839305572,13921.911858322537,14135.546875,18199175,0.0
2024-03-04,TPB,TPBank,14171.152590786905,14206.75857227043,13886.305615157953,13957.517578125,26249832,-1.2594439992262396
2024-03-05,TPB,TPBank,13957.51767694244,13957.51767694244,13743.88178652878,13815.09375,24702930,-1.0204094483693527
2024-03-06,TPB,TPBank,13815.093951215067,13993.1238624861,13601.458933929087,13672.6708984375,12618018,-1.0309220779808337
2024-03-07,TPB,TPBank,13779.487351944692,13779.487351944692,13637.064305544527,13708.275390625,11509974,0.26040626920647014
2024-03-08,TPB,TPBank,13708.275307015607,13743.881287458285,13245.3984375,13245.3984375,27796860,-3.3766242647967126
2024-03-11,TPB,TPBank,13209.793480840372,13387.822508803005,13102.975538319257,13174.1875,17163090,-0.5376277492596171
2024-03-12,TPB,TPBank,13174.1875,13316.610547122262,13138.581519159628,13174.1875,10054550,0.0
2024-03-13,TPB,TPBank,13174.188121354648,13530.2470703125,13138.582138834936,13530.2470703125,9628668,2.7027061085361126
2024-03-14,TPB,TPBank,13530.246704662362,13565.852686219834,13245.398852202581,13352.216796875,9669619,-1.3157946969654888
2024-03-15,TPB,TPBank,13316.61030523776,13530.246186399481,13138.581280508866,13387.822265625,11967104,0.266663351049945
2024-03-18,TPB,TPBank,13530.246531043906,13530.246531043906,12604.492774907258,13031.763671875,17257716,-2.6595706656804663
2024-03-19,TPB,TPBank,13031.76372027816,13102.975682743821,12960.5517578125,12960.5517578125,10541470,-0.5464487835686316
2024-03-20,TPB,TPBank,12960.551470197785,13352.216378828034,12782.522444223605,13245.3984375,23943780,2.1977974781497878
2024-03-21,TPB,TPBank,13387.822778432472,13423.428759989945,13174.187765326877,13352.216796875,11776591,0.8064563695764582
2024-03-22,TPB,TPBank,13387.822778432472,13708.275736210484,13281.004833760055,13352.216796875,22844052,0.0
2024-03-25,TPB,TPBank,13387.823140233653,13708.276106671794,13316.61117519423,13530.2470703125,23799006,1.333338696830988
2024-03-26,TPB,TPBank,13530.247478902647,13672.67141328245,13459.035511712746,13637.0654296875,13700610,0.7894782617043017
2024-03-27,TPB,TPBank,13672.6708984375,13708.27600445245,13530.246969420674,13672.6708984375,7731990,0.26109333370571974
2024-03-28,TPB,TPBank,13815.094002453323,13886.30596722585,13530.247019602471,13601.458984375,12767328,-0.5208339657369998
2024-03-29,TPB,TPBank,13672.670949147527,13672.670949147527,13530.247019602471,13601.458984375,7443199,0.0
2024-04-01,TPB,TPBank,13530.246704662362,13565.852686219834,13281.004833760055,13352.216796875,18292050,-1.832466559553081
2024-04-02,TPB,TPBank,13281.00478522806,13423.4287109375,13031.76379147578,13423.4287109375,13176450,0.5333340159602962
2024-04-03,TPB,TPBank,13387.822508803005,13387.822508803005,13138.581519159628,13174.1875,16067268,-1.8567626521114988
2024-04-04,TPB,TPBank,13174.187547877038,13209.793528846807,13031.76362399796,13102.9755859375,14371182,-0.5405412217072247
2024-04-05,TPB,TPBank,12960.5517578125,13067.36970151099,12889.33979534684,12960.5517578125,12259422,-1.0869578989207151
2024-04-08,TPB,TPBank,12960.552220620717,13245.399204415724,12889.34025561215,12996.158203125,14698908,0.27472939407102714
2024-04-09,TPB,TPBank,13067.36941152582,13245.3984375,12924.945489755106,13245.3984375,5601456,1.9177993256120018
2024-04-10,TPB,TPBank,13281.00414261297,13281.00414261297,13067.369140625,13067.369140625,5377050,-1.3440841188360864
2024-04-11,TPB,TPBank,12889.33924210236,13067.369140625,12889.33924210236,13067.369140625,8656200,0.0
2024-04-12,TPB,TPBank,13067.369365579327,13316.6103515625,12996.157404944359,13316.6103515625,13834926,1.9073557060742763
2024-04-15,TPB,TPBank,13138.581097385453,13281.004139935658,12462.068359375,12462.068359375,20346480,-6.417113436733035
2024-04-16,TPB,TPBank,12462.06831430037,12640.098212143195,12106.009394853912,12533.2802734375,21159684,0.5714293326671394
2024-04-17,TPB,TPBank,12604.492618612765,12604.492618612765,12106.009765625,12106.009765625,7807590,-3.4090876330120756
2024-04-19,TPB,TPBank,12070.404080412429,12177.222025004216,11678.739159815117,11821.1630859375,10660105,-2.3529361466097742
2024-04-22,TPB,TPBank,12106.009438640696,12497.67433907235,11963.585519851296,12462.068359375,25176047,5.421676943108267
2024-04-23,TPB,TPBank,12390.8571080191,12533.281034946893,12212.828075598603,12284.0400390625,7967862,-1.4285615772487104
2024-04-24,TPB,TPBank,12497.674972411103,12818.1279296875,12462.068990909365,12818.1279296875,14979006,4.347819519690854
2024-04-25,TPB,TPBank,12782.5224609375,12818.12756518752,12604.492558491322,12782.5224609375,6229693,-0.2777743282428635
2024-04-26,TPB,TPBank,12568.887082594112,12782.522974106178,12568.887082594112,12746.9169921875,3894408,-0.2785480632544024
2024-05-02,TPB,TPBank,12746.916623189776,12782.522604077732,12568.88671875,12568.88671875,2219491,-1.396653587268304
2024-05-03,TPB,TPBank,12640.09825786175,12746.9161969538,12462.068359375,12462.068359375,9897426,-0.8498633312976733
2024-05-06,TPB,TPBank,12604.493114008012,12746.91704224199,12533.281149891021,12675.705078125,5086119,1.7142958342808656
2024-05-07,TPB,TPBank,12711.310594319602,12711.310594319602,12533.280690551846,12640.0986328125,3242611,-0.28090307476423826
2024-05-08,TPB,TPBank,12604.492652058949,12675.704613566051,12497.674709798293,12640.0986328125,5250674,0.0
2024-05-09,TPB,TPBank,12675.705286789347,13102.976202285658,12604.493321500084,12924.9462890625,19574856,2.253523999492879
2024-05-10,TPB,TPBank,12960.551806483083,13031.763769216164,12818.127881016919,12889.33984375,10481940,-0.2754862149224713
2024-05-13,TPB,TPBank,12889.339892690974,13067.369800199662,12746.916842923265,12818.1279296875,9692676,-0.5524868994514875
2024-05-14,TPB,TPBank,12853.733911189238,12960.55185569445,12746.916842923265,12818.1279296875,7731109,0.0
2024-05-15,TPB,TPBank,12960.551487144461,12960.551487144461,12746.916480448264,12782.5224609375,13221180,-0.2777743282428635
2024-05-16,TPB,TPBank,12960.551201511416,13102.975120329527,12818.127282693305,13067.369140625,12143377,2.228407425513801
2024-05-17,TPB,TPBank,13102.9755859375,13281.004614547119,12996.157643028191,13102.9755859375,15288210,0.2724836570339395
2024-05-20,TPB,TPBank,13102.975075105864,13245.39811719322,13102.975075105864,13138.5810546875,18032490,0.27173574823884383
2024-05-21,TPB,TPBank,13174.187079738582,13174.187079738582,12960.551201511416,13067.369140625,5605362,-0.5420061250609232
2024-05-22,TPB,TPBank,13102.976202285658,13138.58218493029,12889.34030641787,12924.9462890625,7754040,-1.0899122082632773
2024-05-23,TPB,TPBank,12924.945728573257,13031.763671875,12853.733766372095,13031.763671875,7510230,0.8264435334860432
2024-05-24,TPB,TPBank,12818.127660341035,13067.369525615894,12533.280690551846,12640.0986328125,19653858,-3.005464562772775
2024-05-27,TPB,TPBank,12640.099146262392,12746.917092862066,12497.675217462824,12604.4931640625,9399726,-0.2816866369821813
2024-05-28,TPB,TPBank,12675.704566254348,12746.916527495654,12604.492605013042,12711.310546875,5615318,0.8474548037921359
2024-05-29,TPB,TPBank,12746.917092862066,12746.917092862066,12604.4931640625,12604.4931640625,5896422,-0.8403333583786976
2024-05-30,TPB,TPBank,12604.4931640625,12640.099146262392,12462.069235262932,12604.4931640625,8011586,0.0
2024-05-31,TPB,TPBank,12604.492699637955,12675.704661413865,12497.67475697409,12568.88671875,4896360,-0.28249009975284123
2024-06-03,TPB,TPBank,12640.099354520065,13067.370271719206,12604.493371733532,12853.734375,15173298,2.2662918572181168
2024-06-04,TPB,TPBank,12924.94634057307,12960.552323359603,12818.128392213466,12853.734375,8093484,0.0
2024-06-05,TPB,TPBank,12853.733911189238,12924.945874192712,12782.522824425003,12818.1279296875,5109552,-0.27701245625358917
2024-06-06,TPB,TPBank,12818.12829060358,13067.370168133568,12782.52318433856,12996.158203125,10644228,1.3888944970284811
2024-06-07,TPB,TPBank,13031.763769216164,13102.975731949246,12889.33984375,12889.33984375,4509918,-0.8219225843935529
2024-06-10,TPB,TPBank,12996.157181215944,13245.398162908443,12960.551201511416,13067.369140625,17570448,1.3812134603722548
2024-06-11,TPB,TPBank,13102.975682743821,13174.187645209482,12924.945776579669,12960.5517578125,5727582,-0.8174360245201684
2024-06-12,TPB,TPBank,12960.551156779315,13174.187034269138,12924.945177197678,13138.5810546875,8499331,1.3736243657040736
2024-06-13,TPB,TPBank,13174.188121354648,13601.459035351923,13138.582138834936,13530.2470703125,55438362,2.9810374042276377
2024-06-14,TPB,TPBank,13530.246754635366,13601.458718013326,13281.0048828125,13281.0048828125,15006852,-1.8421111322266759
2024-06-17,TPB,TPBank,13316.611015350209,13316.611015350209,13102.97599903554,13209.7939453125,11620982,-0.5361863663807309
2024-06-18,TPB,TPBank,13352.216378828034,13352.216378828034,13174.187352853856,13245.3984375,9982098,0.2695310186888511
2024-06-19,TPB,TPBank,13316.611015350209,13352.216997442529,13102.97599903554,13209.7939453125,10649520,-0.2688065017862895
2024-06-20,TPB,TPBank,13489.911464403878,13489.911464403878,13268.764943605607,13453.0537109375,11252054,1.8415106748226107
2024-06-21,TPB,TPBank,13379.338222266688,13526.769236333435,13305.622715233314,13342.48046875,9419011,-0.8219192799148844
2024-06-24,TPB,TPBank,13305.622538560236,13342.480291587523,12826.47265625,12826.47265625,12590679,-3.8674054176700112
2024-06-25,TPB,TPBank,12937.0458984375,12973.903651416655,12826.472639500036,12937.0458984375,5283307,0.8620705407548002
2024-06-26,TPB,TPBank,12900.188145458345,12937.0458984375,12752.758040586219,12937.0458984375,8634404,0.0
2024-06-27,TPB,TPBank,12863.3310546875,12937.046564440707,12789.615544934293,12863.3310546875,3614058,-0.5697965697014529
2024-06-28,TPB,TPBank,12715.90072299114,12900.188587152317,12605.327460267721,12679.04296875,6900522,-1.4326622330873118
2024-07-01,TPB,TPBank,12679.042879474664,12789.615234375,12642.185125493044,12789.615234375,2901784,0.8720868436011164
2024-07-02,TPB,TPBank,12789.615544934293,12973.904319317311,12789.615544934293,12863.3310546875,3441440,0.5763724628272682
2024-07-03,TPB,TPBank,12900.188145458345,13047.619157374964,12863.33039247919,12937.0458984375,4370061,0.5730618565020773
2024-07-04,TPB,TPBank,12973.903964880321,13121.334980359034,12937.046211010644,13010.76171875,5976812,0.5698041182755853
2024-07-05,TPB,TPBank,13010.761387693163,13047.619140625,12863.330375965808,13047.619140625,3215143,0.28328412026703553
2024-07-08,TPB,TPBank,13047.619784312332,13305.62316051897,13047.619784312332,13084.4775390625,16106202,0.28249137287230663
2024-07-09,TPB,TPBank,13084.477517184383,13268.765383582544,13047.619762495844,13195.05078125,9773316,0.8450718942150548
2024-07-10,TPB,TPBank,13268.764734423961,13268.764734423961,12973.903618385913,13158.1923828125,6208525,-0.2793350252950577
2024-07-11,TPB,TPBank,13195.05078125,13305.623138271083,13084.477517184383,13195.05078125,12089952,0.28011749156096055
2024-07-12,TPB,TPBank,13195.05044936352,13268.765049841968,13121.33494184056,13231.908203125,5369273,0.27932762431936986
2024-07-15,TPB,TPBank,13231.908241968069,13268.765088793232,12973.903964880321,13010.76171875,3702528,-1.671312111451706
2024-07-16,TPB,TPBank,13047.619124156548,13305.622487309278,13047.619124156548,13158.1923828125,5972658,1.1331439868738524
2024-07-17,TPB,TPBank,13158.1923828125,13489.911251735864,13047.619124156548,13158.1923828125,13816782,0.0
2024-07-18,TPB,TPBank,13231.90780283552,13268.7646484375,13047.619039603193,13268.7646484375,5181410,0.8403302095615572
2024-07-19,TPB,TPBank,13268.76492578988,13674.200213375672,13195.050326000603,13563.626953125,54037620,2.222228764319989
2024-07-22,TPB,TPBank,13563.626538508624,13932.20315436628,13489.911033928198,13711.056640625,41199102,1.086948852320302
2024-07-23,TPB,TPBank,13747.915310476445,13784.773065226613,12752.758653355528,13084.4775390625,17876754,-4.569881942621301
2024-07-24,TPB,TPBank,13010.76168055612,13342.480557364928,12900.188419271679,13231.908203125,20423592,1.1267600377803388
2024-07-25,TPB,TPBank,13047.619453307254,13268.76506915348,13047.619453307254,13121.3349609375,9489085,-0.835656055725853
2024-07-26,TPB,TPBank,13195.050135697818,13268.764734423961,13121.334629927183,13158.1923828125,7000693,0.2808968903295739
2024-07-29,TPB,TPBank,13268.764961716626,13489.911482816748,13231.908115244445,13342.48046875,16677612,1.4005577709763628
2024-07-30,TPB,TPBank,13342.48015373043,13416.195659023362,13121.334544896123,13268.7646484375,6450069,-0.5524896250375111
2024-07-31,TPB,TPBank,13305.622385418857,13674.199911449574,13268.764632815784,13379.337890625,27238692,0.8333348666375029
2024-08-01,TPB,TPBank,13416.195762898891,13453.05351583073,12900.188128897647,13047.619140625,18618768,-2.479336068135607
2024-08-02,TPB,TPBank,12900.188765311663,13084.4775390625,12789.615501061158,13084.4775390625,15380946,0.28249137287230663
2024-08-05,TPB,TPBank,12752.758198415599,12937.046058547643,12384.1806640625,12384.1806640625,23219154,-5.352119508855657
2024-08-06,TPB,TPBank,12568.469617529809,12900.188496319854,12421.038601603335,12789.615234375,13283802,3.2738102044088
2024-08-07,TPB,TPBank,12789.61534532615,12973.904116832964,12531.611972261138,12568.4697265625,17815656,-1.7291021173031162
2024-08-08,TPB,TPBank,12568.469747462965,12679.043010550928,12421.038730012346,12457.896484375,7716883,-0.8797669453251888
2024-08-09,TPB,TPBank,12679.042655096207,12789.615008039767,12531.61164177879,12605.3271484375,16668540,1.1834314424382208
2024-08-12,TPB,TPBank,12605.327130791726,12752.758143902758,12531.611624236211,12715.900390625,6303138,0.8771945454918662
2024-08-13,TPB,TPBank,12715.900390625,12900.18824996929,12642.184884069484,12715.900390625,9074524,0.0
2024-08-14,TPB,TPBank,12789.615324428896,12789.615324428896,12679.04296875,12679.04296875,3427332,-0.2898530245028841
2024-08-15,TPB,TPBank,12679.042655096207,12752.758161754915,12605.3271484375,12605.3271484375,4752847,-0.5813989312457357
2024-08-16,TPB,TPBank,12642.185106130837,12937.04623048767,12642.185106130837,12900.1884765625,10297605,2.3391802898312664
2024-08-19,TPB,TPBank,12900.1884765625,13010.761738338006,12789.615214786994,12900.1884765625,10495934,0.0
2024-08-20,TPB,TPBank,12900.188145458345,13047.619157374964,12900.188145458345,12937.0458984375,11195733,0.285712274219585
2024-08-21,TPB,TPBank,12937.046498430227,13195.05078125,12900.188743741688,13195.05078125,21155526,1.994310639677499
2024-08-22,TPB,TPBank,13268.7646484375,13416.195659023362,13195.050050189053,13268.7646484375,10061104,0.558647847663063
2024-08-23,TPB,TPBank,13268.765383582544,13268.765383582544,13047.619762495844,13195.05078125,10140494,-0.555544311325018
2024-08-26,TPB,TPBank,13195.050468567746,13416.196084413972,13121.3349609375,13121.3349609375,14879844,-0.5586626496144276
2024-08-27,TPB,TPBank,13121.335293812668,13195.050803313003,13047.619784312332,13084.4775390625,5624396,-0.2808968903295739
2024-08-28,TPB,TPBank,13121.335293812668,13268.765405768801,13047.619784312332,13084.4775390625,10122345,0.0
2024-08-29,TPB,TPBank,13084.476877041865,13305.622487309278,13084.476877041865,13158.1923828125,9247521,0.5633762871305459
2024-08-30,TPB,TPBank,13158.193026561461,13268.765383582544,13121.335271872922,13195.05078125,8815975,0.28011749156096055
2024-09-04,TPB,TPBank,12973.903964880321,13084.477226489356,12900.188457140965,13010.76171875,9557607,-1.396652923548214
2024-09-05,TPB,TPBank,13084.47756131354,13121.335316126388,12937.046542062153,12973.904296875,6129272,-0.28328412026702443
2024-09-06,TPB,TPBank,13010.761387693163,13195.050152352354,12937.045881829485,13047.619140625,9332948,0.568177798010705
2024-09-09,TPB,TPBank,13010.762051687847,13084.47756131354,12937.046542062153,12973.904296875,3821337,-0.5649677765384942
2024-09-10,TPB,TPBank,13047.619453307254,13305.622822968602,13047.619453307254,13121.3349609375,21276360,1.136363123150308
2024-09-11,TPB,TPBank,13195.050135697818,13231.907888583135,13047.619124156548,13158.1923828125,4958605,0.2808968903295739
2024-09-12,TPB,TPBank,13268.764632815784,13526.768901037287,13195.050034654125,13379.337890625,36387414,1.6806678408302078
2024-09-13,TPB,TPBank,13416.195643228071,13453.053395831144,13305.622385418857,13379.337890625,7702004,0.0
2024-09-16,TPB,TPBank,13379.337906376895,13526.768916962757,13195.050050189053,13268.7646484375,26373375,-0.8264477890567279
2024-09-17,TPB,TPBank,13268.764632815784,13379.337890625,13195.050034654125,13379.337890625,6160292,0.8333348666375029
2024-09-18,TPB,TPBank,13453.0537109375,13563.626971336636,13305.622697071987,13453.0537109375,20138328,0.5509676257160256
2024-09-19,TPB,TPBank,13489.911464403878,13637.342478269393,13453.0537109375,13453.0537109375,19182870,0.0
2024-09-20,TPB,TPBank,13526.769236333435,13637.342496883497,13305.622715233314,13342.48046875,31341870,-0.8219192799148844
2024-09-23,TPB,TPBank,13534.140435884967,13799.515347275288,13489.9111328125,13489.9111328125,12526395,1.1049719308775074
2024-09-24,TPB,TPBank,13534.140999545998,13622.599609375,13401.453084802499,13622.599609375,5607630,0.9836126810335521
2024-09-25,TPB,TPBank,13711.057017074776,13843.744928962613,13666.828620156664,13799.515625,15747900,1.2986949679064663
2024-09-26,TPB,TPBank,13887.97414564326,14728.3291015625,13755.28623458933,14728.3291015625,68544630,6.730768686400901
2024-09-27,TPB,TPBank,15037.934193105319,15214.850500396462,14684.099764434044,14949.4755859375,63295995,1.501504229366657
2024-09-30,TPB,TPBank,14949.475669986545,15435.996198055878,14905.24636615397,15214.8505859375,43220100,1.775145880365403
2024-10-01,TPB,TPBank,15214.851189298068,15391.76750459967,14993.705568409932,15126.392578125,31546935,-0.5813925500803729
2024-10-02,TPB,TPBank,15259.080879662926,15568.684194082933,15082.163663372063,15480.2255859375,35929530,2.339176416220967
2024-10-03,TPB,TPBank,15568.684194082933,16010.977234810092,15347.537673719351,15480.2255859375,54655125,0.0
2024-10-04,TPB,TPBank,15657.142981818784,15657.142981818784,15214.850843062952,15259.0810546875,22822170,-1.4285614251700052
2024-10-07,TPB,TPBank,15435.996281864784,15568.684194082933,15259.080879662926,15480.2255859375,18692415,1.4492650668636697
2024-10-08,TPB,TPBank,15657.14299195097,16010.977428820222,15524.455078125,15524.455078125,33631290,0.28571607010481337
2024-10-09,TPB,TPBank,15568.6845703125,15657.143180595605,15391.767349746291,15568.6845703125,15840625,0.28490205913780375
2024-10-10,TPB,TPBank,15745.601218485928,15966.747736154448,15391.766790216296,15435.99609375,36329685,-0.8522780197854352
2024-10-11,TPB,TPBank,15435.996281864784,15480.2255859375,15259.080879662926,15480.2255859375,13799520,0.28653474592033046
2024-10-14,TPB,TPBank,15568.684004351111,15657.14261141852,15347.537486682591,15435.99609375,14652645,-0.28571607010481337
2024-10-15,TPB,TPBank,15568.684004351111,15745.601218485928,15391.766790216296,15435.99609375,15949710,0.0
2024-10-16,TPB,TPBank,15391.766977792067,15524.454890010216,15347.537673719351,15480.2255859375,9036618,0.28653474592033046
2024-10-17,TPB,TPBank,15524.45540803499,15878.289852423573,15303.31069438119,15834.060546875,23602530,2.2857222523871235
2024-10-18,TPB,TPBank,15922.51878050015,16010.977389500225,15701.372257999961,15745.6015625,30993973,-0.5586626633965919
2024-10-21,TPB,TPBank,15612.913498155647,15745.601410373796,15480.2255859375,15480.2255859375,14033586,-1.6853975093242823
2024-10-22,TPB,TPBank,15391.767343030457,15745.601784008486,15170.621724463714,15303.310546875,32593291,-1.1428453550651918
2024-10-23,TPB,TPBank,15347.53822847143,15701.372673842858,15214.85121850168,15612.9140625,25057683,2.023114637036638
2024-10-24,TPB,TPBank,15701.372521815487,15789.83113230185,15082.1640625,15082.1640625,19233490,-3.3994294586862983
2024-10-25,TPB,TPBank,15170.621765941836,15303.310588715907,15037.934757256819,15082.1640625,17746596,0.0
2024-10-28,TPB,TPBank,15082.163581484272,15214.8505859375,15082.163581484272,15214.8505859375,8315612,0.8797578576101639
2024-10-29,TPB,TPBank,15259.081401929137,15347.538199013135,15126.392578125,15126.392578125,11153541,-0.5813925500803729
2024-10-30,TPB,TPBank,15170.621538482917,15259.0810546875,15037.934531787327,15259.0810546875,11673690,0.8771984191021653
2024-10-31,TPB,TPBank,15170.621724463714,15524.455258397218,15082.16402126373,15303.310546875,20901111,0.2898568532992529
2024-11-01,TPB,TPBank,15214.851071185018,15303.310588715907,15082.1640625,15082.1640625,13717200,-1.4450891766040752
2024-11-04,TPB,TPBank,15082.164148709971,15126.392547161435,14595.642695298535,14639.87109375,35868399,-2.9325564084646705
2024-11-05,TPB,TPBank,14639.87109375,14772.55901023799,14595.642695298535,14639.87109375,16252215,0.0
2024-11-06,TPB,TPBank,14772.558557423685,15082.163686405527,14639.870645002897,14993.705078125,13006770,2.416920081530338
2024-11-07,TPB,TPBank,15082.164104963542,15082.164104963542,14816.788272757292,14861.017578125,7199881,-0.884954714719477
2024-11-08,TPB,TPBank,14949.475619985718,14949.475619985718,14639.870494193212,14728.3291015625,9728500,-0.8928626580579135
2024-11-11,TPB,TPBank,14684.10013204743,14728.32943673861,14153.350289842294,14330.2666015625,42262090,-2.702699656254759
2024-11-12,TPB,TPBank,14418.72483129392,14418.72483129392,14197.578313660895,14241.8076171875,10366770,-0.6172877786192354
2024-11-13,TPB,TPBank,14197.578501153608,14330.266413485695,13887.974279423244,14286.037109375,18436845,0.3105609440624768
2024-11-14,TPB,TPBank,14197.579029049364,14418.725557825534,13932.2041015625,13932.2041015625,11940810,-2.4767750853755155
2024-11-15,TPB,TPBank,13799.515625,13932.203536887837,13711.057017074776,13799.515625,17293920,-0.9523868269172064
2024-11-18,TPB,TPBank,13799.51614100566,14241.808290125924,13755.28683538918,14153.3505859375,17780805,2.5641114554519007
2024-11-19,TPB,TPBank,14109.12052695195,14197.578226417098,13976.4326171875,13976.4326171875,10457373,-1.250007676103082
2024-11-20,TPB,TPBank,13887.973911472354,14462.95394263325,13887.973911472354,14197.578125,12416565,1.5822743461771926
2024-11-21,TPB,TPBank,14286.037483213813,14374.49609375,14197.578872677626,14374.49609375,6391563,1.2461137187790516
2024-11-22,TPB,TPBank,14330.26622424071,14418.72483129392,14241.8076171875,14241.8076171875,7640222,-0.9230826297987105
2024-11-25,TPB,TPBank,14286.037109375,14374.49571759639,14197.578501153608,14286.037109375,5699925,0.3105609440624768
2024-11-26,TPB,TPBank,14286.037109375,14507.183629928477,14286.037109375,14286.037109375,8235255,0.0
2024-11-27,TPB,TPBank,14286.037109375,14418.725021707087,14241.807805264305,14286.037109375,6475981,0.0
2024-11-28,TPB,TPBank,14374.49609375,14595.642620090466,14330.266788481906,14374.49609375,11987115,0.6191988981811392
2024-11-29,TPB,TPBank,14374.495906253682,14462.954515636042,14330.2666015625,14330.2666015625,5590411,-0.3076942099329072
2024-12-02,TPB,TPBank,14462.954134820524,14551.412741873735,14241.8076171875,14241.8076171875,7313571,-0.6172877786192354
2024-12-03,TPB,TPBank,14286.037595742404,14330.266901358884,14153.3505859375,14153.3505859375,7353885,-0.6211081741003599
2024-12-04,TPB,TPBank,14197.578226417098,14197.578226417098,13976.4326171875,13976.4326171875,8411450,-1.250007676103082
2024-12-05,TPB,TPBank,14020.662338113292,14551.4130859375,13932.203728968507,14551.4130859375,12796875,4.113928671919598
2024-12-06,TPB,TPBank,14595.642620090466,14595.642620090466,14374.49609375,14374.49609375,10369066,-1.2158062666674851
2024-12-09,TPB,TPBank,14462.954289749605,14595.64220175079,14374.495681748815,14507.18359375,9146027,0.9230758360822877
2024-12-10,TPB,TPBank,14507.1834049874,14595.642011837195,14462.9541015625,14462.9541015625,5228265,-0.3048799369062549
2024-12-11,TPB,TPBank,14507.183215066741,14595.641820758483,14330.266003683259,14418.724609375,7258546,-0.305812297245156
2024-12-12,TPB,TPBank,14462.9541015625,14728.3290150674,14374.495494712704,14462.9541015625,18223905,0.30675037762175617
2024-12-13,TPB,TPBank,14462.954704286187,14551.413314822374,14374.49609375,14374.49609375,5287384,-0.6116178423254737
2024-12-16,TPB,TPBank,14374.495906253682,14507.183820327224,14286.03729687132,14330.2666015625,17220630,-0.3076942099329072
2024-12-17,TPB,TPBank,14330.2666015625,14418.725210944862,14286.03729687132,14330.2666015625,4977422,0.0
2024-12-18,TPB,TPBank,14330.266788481906,14418.725399018093,14241.808177945719,14374.49609375,6725986,0.3086438893096233
2024-12-19,TPB,TPBank,14197.578984509444,14286.037595742404,14109.12128032102,14153.3505859375,11797170,-1.5384574622316904
2024-12-20,TPB,TPBank,14197.578607847214,14197.578607847214,14064.8916015625,14064.8916015625,5851441,-0.625003838051541
2024-12-23,TPB,TPBank,14286.03673087775,14330.266033816624,14153.349729105605,14197.578125,8108213,0.9433881696092161
2024-12-24,TPB,TPBank,14197.578125,14286.03673087775,14153.349729105605,14197.578125,7821660,0.0
2024-12-25,TPB,TPBank,14241.80776974763,14905.246422709053,14197.578465747234,14507.18359375,16842630,2.1806921294895254
2024-12-26,TPB,TPBank,14462.954778810545,14684.100399245997,14462.954778810545,14639.87109375,9389626,0.9146330791399482
2024-12-27,TPB,TPBank,14684.10017150739,15082.163914797717,14639.870866697356,14816.7880859375,29186220,1.2084600407651802
2024-12-30,TPB,TPBank,14861.01701261643,14949.475619985718,14595.642097553064,14728.3291015625,7098638,-0.5970186241575193
2024-12-31,TPB,TPBank,14728.3291015625,14861.01701261643,14595.642097553064,14728.3291015625,8326503,0.0
2025-01-02,TPB,TPBank,14772.55901023799,14772.55901023799,14507.18408430654,14639.87109375,5407088,-0.6005977134440621
2025-01-03,TPB,TPBank,14595.642429709584,14639.870827356248,14330.2666015625,14330.2666015625,10560060,-2.114803403697152
2025-01-06,TPB,TPBank,14330.266033816624,14418.724639694376,14153.349729105605,14197.578125,8158294,-0.9259316679288587
2025-01-07,TPB,TPBank,14241.8076171875,14374.495527767314,14197.578313660895,14241.8076171875,6073728,0.311528429694774
2025-01-08,TPB,TPBank,14374.495906253682,14462.954515636042,14286.03729687132,14330.2666015625,4899936,0.6211218881249536
2025-01-09,TPB,TPBank,14418.72483129392,14418.72483129392,14197.578313660895,14241.8076171875,4671136,-0.6172877786192354
2025-01-10,TPB,TPBank,14241.807912290287,14374.495825619513,14020.662297119425,14064.8916015625,8785771,-1.2422300622253246
2025-01-13,TPB,TPBank,13976.43299267635,14197.578607847214,13887.974383790199,14064.8916015625,7283645,0.0
2025-01-14,TPB,TPBank,14064.8916015625,14197.578607847214,14020.662297119425,14064.8916015625,3724876,0.0
2025-01-15,TPB,TPBank,14153.3505859375,14241.808290125924,14064.89197470454,14153.3505859375,6290028,0.6289347040909554
2025-01-16,TPB,TPBank,14241.807427938875,14330.266033816624,14153.349729105605,14197.578125,6590955,0.31248811928987763
2025-01-17,TPB,TPBank,14197.578501153608,14330.266413485695,14153.350104087418,14286.037109375,5457691,0.6230568593895258
2025-01-20,TPB,TPBank,14374.495681748815,14551.412897750395,14330.26637774842,14507.18359375,7303905,1.5479904096698416
2025-01-21,TPB,TPBank,14595.642429709584,14595.642429709584,14330.2666015625,14330.2666015625,5768175,-1.219513016046203
2025-01-22,TPB,TPBank,14418.72483129392,14418.72483129392,14241.8076171875,14241.8076171875,5587786,-0.6172877786192354
2025-01-23,TPB,TPBank,14374.495494712704,14507.1834049874,14241.80758443801,14462.9541015625,6782895,1.552797863300115
2025-01-24,TPB,TPBank,14418.72517222032,14595.642390509893,14418.72517222032,14551.4130859375,9195586,0.611624594490312
2025-02-03,TPB,TPBank,14507.183629928477,14507.183629928477,14241.807805264305,14286.037109375,9315707,-1.823712755560214
2025-02-04,TPB,TPBank,14374.49616781855,14684.100399245997,14286.037556826555,14639.87109375,11527950,2.476781921158544
2025-02-05,TPB,TPBank,14684.099609375,14772.558215608726,14551.412607068894,14684.099609375,9667144,0.302110007265588
2025-02-06,TPB,TPBank,14772.55901023799,14949.47623222198,14595.642695298535,14639.87109375,10095652,-0.301200051767303
2025-02-07,TPB,TPBank,14728.329704741995,14861.017621229985,14551.413389802537,14639.87109375,11603445,0.0
2025-02-10,TPB,TPBank,14595.642468931837,14905.246695557573,14462.95455450173,14816.7880859375,18585210,1.2084600407651802
2025-02-11,TPB,TPBank,14816.788046845779,15214.85088204136,14816.788046845779,15037.9345703125,44639700,1.4925399694748265
2025-02-12,TPB,TPBank,15126.391701826786,15126.391701826786,14861.016790725747,14905.24609375,8020324,-0.8823583846710559
2025-02-13,TPB,TPBank,14905.24628235359,14993.704889521408,14816.787675185773,14949.4755859375,10971450,0.2967377519922154
2025-02-14,TPB,TPBank,15037.934193105319,15170.621196812552,14949.4755859375,14949.4755859375,10307430,0.0
2025-02-17,TPB,TPBank,14949.475396774254,15037.934002822762,14861.016790725747,14905.24609375,9367302,-0.2958598242008281
2025-02-18,TPB,TPBank,14905.24628235359,15082.163496689227,14861.016978769681,14949.4755859375,9688460,0.2967377519922154
2025-02-19,TPB,TPBank,14993.705265619155,15037.9345703125,14905.246656232468,15037.9345703125,9018665,0.5917196484016563
2025-02-20,TPB,TPBank,15037.934873996466,15259.081401929137,14993.705568409932,15126.392578125,17962875,0.5882324291204943
2025-02-21,TPB,TPBank,15170.621577348016,15170.621577348016,14949.475960925813,15037.9345703125,12399240,-0.584792490050956
2025-02-24,TPB,TPBank,15037.934757256819,15170.621765941836,14949.476146770456,15082.1640625,13511610,0.2941194615570186
2025-02-25,TPB,TPBank,15170.621387641548,15170.621387641548,14949.475773984737,14993.705078125,16306395,-0.5865138716727225
2025-02-26,TPB,TPBank,15126.392083501285,15126.392083501285,14949.475773984737,14993.705078125,13709020,0.0
2025-02-27,TPB,TPBank,15037.934193105319,15082.163496689227,14861.016978769681,14949.4755859375,19362315,-0.29498707595648765
2025-02-28,TPB,TPBank,14905.246506497075,14949.475810746098,14772.55859375,14772.55859375,21457905,-1.1834327643835185
2025-03-03,TPB,TPBank,14507.183820327224,14551.413125018404,14241.80799218014,14330.2666015625,65344230,-2.9940107489208057
2025-03-04,TPB,TPBank,14330.2666015625,14462.954515636042,14241.80799218014,14330.2666015625,22543185,0.0
2025-03-05,TPB,TPBank,14374.495527767314,14507.18343834713,14241.8076171875,14241.8076171875,16243920,-0.6172877786192354
2025-03-06,TPB,TPBank,14241.80799218014,14374.495906253682,14197.578687488958,14330.2666015625,18355680,0.6211218881249536
2025-03-07,TPB,TPBank,14330.266191287807,14551.412708412297,14330.266191287807,14462.9541015625,20323170,0.9259248532440534
2025-03-10,TPB,TPBank,14462.954515636042,14551.413125018404,14330.2666015625,14330.2666015625,12685155,-0.9174301395706186
2025-03-11,TPB,TPBank,14241.808177945719,14374.49609375,14197.578872677626,14374.49609375,10306384,0.3086438893096233
2025-03-12,TPB,TPBank,14374.49571759639,14418.725021707087,14241.807805264305,14286.037109375,9308675,-0.6153884198658033
2025-03-13,TPB,TPBank,14286.03673087775,14330.266033816624,14197.578125,14197.578125,10845765,-0.6191988981811503
2025-03-14,TPB,TPBank,14197.578313660895,14286.036920714105,14153.349917178783,14241.8076171875,10729530,0.311528429694774
2025-03-17,TPB,TPBank,14286.036887862909,14551.412708412297,14197.578281013111,14462.9541015625,15696240,1.552797863300115
2025-03-18,TPB,TPBank,14507.18400955428,14507.18400955428,14330.266788481906,14374.49609375,5853754,-0.6116178423254737
2025-03-19,TPB,TPBank,14374.495336755499,14418.724639694376,14153.349729105605,14197.578125,19182135,-1.2307768397316066
2025-03-20,TPB,TPBank,14197.578999365349,14241.80830502811,13268.76539453646,13445.6826171875,86600535,-5.2959420345679575
2025-03-21,TPB,TPBank,13268.764751171539,13445.681965244363,12914.931230070382,13047.619140625,40577250,-2.9605300667565837
2025-03-24,TPB,TPBank,13003.389870780977,13224.536388944698,12782.243352617255,12826.47265625,30837030,-1.6949182988215794
2025-03-25,TPB,TPBank,12870.702112034482,13268.76494239041,12870.702112034482,13091.8486328125,23086875,2.0689708205411383
2025-03-26,TPB,TPBank,13091.848478046466,13136.077781679209,12782.243352617255,12826.47265625,19630170,-2.0270321175069217
2025-03-27,TPB,TPBank,12826.472952193448,12914.93156149993,12561.098031318517,12649.556640625,20900985,-1.3793037288298726
2025-03-28,TPB,TPBank,12693.785566247723,12738.014869580298,12561.09765625,12561.09765625,12305475,-0.6993050182557914
2025-03-31,TPB,TPBank,12561.098031318517,12826.472952193448,12561.098031318517,12649.556640625,12993540,0.7042297321125046
2025-04-01,TPB,TPBank,12738.01524993148,12782.243647540208,12605.327335971759,12649.556640625,8309917,0.0
2025-04-02,TPB,TPBank,12649.556452432724,12738.015060423173,12561.097844442274,12605.3271484375,12851790,-0.3496525091278957
2025-04-03,TPB,TPBank,11853.430360726992,12384.181122811633,11764.97265625,11764.97265625,55155555,-6.6666615018529445
2025-04-04,TPB,TPBank,10968.84603231968,11455.367487433507,10968.84603231968,11278.451171875,48149850,-4.135338845148451
2025-04-08,TPB,TPBank,10968.845853177074,11057.304463033894,10526.5537109375,10526.5537109375,36232140,-6.666673016349101
2025-04-09,TPB,TPBank,9818.88692798307,11013.075474190877,9818.88692798307,10349.6376953125,37037070,-1.6806641611601503
2025-04-10,TPB,TPBank,11057.3046875,11057.3046875,11057.3046875,11057.3046875,1341695,6.8376015955419644
2025-04-11,TPB,TPBank,11809.201584920314,11809.201584920314,11278.450839783563,11676.513671875,27413715,5.599999293453495
2025-04-14,TPB,TPBank,11720.743395598962,11764.972701529952,11455.36756001302,11543.826171875,14055825,-1.1363623058105232
2025-04-15,TPB,TPBank,11543.82529327911,11588.054595843825,11278.450384935284,11322.6796875,19622610,-1.9157121831390178
2025-04-16,TPB,TPBank,11278.450876573657,11499.596491992714,11278.450876573657,11455.3671875,9655487,1.1718736523694595
2025-04-17,TPB,TPBank,11411.1374758418,11588.0546875,11366.90907997173,11588.0546875,9901817,1.1582998417090318
2025-04-18,TPB,TPBank,11588.055063178123,11809.201584920314,11588.055063178123,11676.513671875,13035645,0.7633635390970284
2025-04-21,TPB,TPBank,11941.888858722203,12163.035385423684,11853.430248041612,11986.1181640625,18622905,2.651514834716795
2025-04-22,TPB,TPBank,11853.4296875,11986.117597246155,11499.596168554735,11853.4296875,26202855,-1.1070179247884782
2025-04-23,TPB,TPBank,12118.805890468073,12118.805890468073,11897.659367226732,11941.888671875,8975191,0.7462733293831736
2025-04-24,TPB,TPBank,11986.11778758969,12030.347091540783,11809.201478829811,11897.6591796875,7984936,-0.3703726722194878
2025-04-25,TPB,TPBank,11986.117597246155,12030.346900494875,11853.4296875,11853.4296875,16840740,-0.37174953089101903
2025-04-28,TPB,TPBank,12030.347281171536,12030.347281171536,11853.430062578464,11941.888671875,8875968,0.7462733293831736
2025-04-29,TPB,TPBank,11986.118350222765,12074.576962277237,11941.889044195528,12030.34765625,7389376,0.7407453444389756
2025-05-05,TPB,TPBank,12118.806268304472,12163.035574331707,11986.118350222765,12030.34765625,4724020,0.0
2025-05-06,TPB,TPBank,11941.888817315867,12339.951656953792,11941.888817315867,12207.2646484375,15434790,1.47058919029317
2025-05-07,TPB,TPBank,12384.180355244414,12384.180355244414,12207.264050211104,12295.72265625,12768147,0.724634144995151
2025-05-08,TPB,TPBank,12384.180851458355,12516.868765833287,12339.95154666671,12428.41015625,18011700,1.079135433593681
2025-05-09,TPB,TPBank,12561.098070624932,12561.098070624932,12384.180851458355,12428.41015625,23164428,0.0
2025-05-12,TPB,TPBank,12516.86840545102,13091.848444143207,12472.639101932815,13047.619140625,36005634,4.9822059023664655
2025-05-13,TPB,TPBank,13285.7138671875,13285.7138671875,12857.142578125,12952.380859375,19546600,-0.7299284277348828
2025-05-14,TPB,TPBank,13000.0,13142.857421875,12952.380859375,13142.857421875,15511954,1.4705911180965092
2025-05-15,TPB,TPBank,13142.857421875,13238.095703125,12904.76171875,13095.23828125,14960547,-0.36231954054178894
2025-05-16,TPB,TPBank,13047.619140625,13095.23828125,12904.76171875,12952.380859375,9022851,-1.0909112060950132
2025-05-19,TPB,TPBank,12857.142578125,12904.76171875,12761.904296875,12809.5234375,9798592,-1.1029433385723708
2025-05-20,TPB,TPBank,12809.5234375,12904.76171875,12714.2861328125,12857.142578125,10966515,0.3717479487612696
2025-05-21,TPB,TPBank,12857.142578125,13095.23828125,12809.5234375,12857.142578125,17018799,0.0
2025-05-22,TPB,TPBank,12809.5234375,12857.142578125,12619.0478515625,12666.6669921875,17082544,-1.4814768116639954
2025-05-23,TPB,TPBank,12666.6669921875,12714.2861328125,12523.8095703125,12619.0478515625,13662747,-0.37594057422027927
2025-05-26,TPB,TPBank,12666.6669921875,12761.904296875,12380.9521484375,12714.2861328125,9551419,0.7547184412824537
2025-05-27,TPB,TPBank,12714.2861328125,12809.5234375,12380.9521484375,12714.2861328125,11903871,0.0
2025-05-28,TPB,TPBank,12761.904296875,12857.142578125,12666.6669921875,12714.2861328125,8940336,0.0
2025-05-29,TPB,TPBank,12761.904296875,12809.5234375,12714.2861328125,12761.904296875,7384520,0.37452487355629227
2025-05-30,TPB,TPBank,12761.904296875,12809.5234375,12571.4287109375,12619.0478515625,8299310,-1.119397560029356
2025-06-02,TPB,TPBank,12285.7138671875,12523.8095703125,12142.857421875,12476.1904296875,23360956,-1.1320776619236916
2025-06-03,TPB,TPBank,12523.8095703125,12666.6669921875,12523.8095703125,12619.0478515625,7966530,1.1450404086095656
2025-06-04,TPB,TPBank,12619.0478515625,12666.6669921875,12476.1904296875,12476.1904296875,9891158,-1.1320776619236916
2025-06-05,TPB,TPBank,12571.4287109375,12571.4287109375,12476.1904296875,12523.8095703125,5021571,0.3816801362031885
2025-06-06,TPB,TPBank,12523.8095703125,12571.4287109375,12428.5712890625,12476.1904296875,7096501,-0.38022887810336137
2025-06-09,TPB,TPBank,12476.1904296875,12523.8095703125,12380.9521484375,12428.5712890625,7156847,-0.3816801362031885
2025-06-10,TPB,TPBank,12428.5712890625,12523.8095703125,12380.9521484375,12428.5712890625,4826122,0.0
2025-06-11,TPB,TPBank,12476.1904296875,12714.2861328125,12428.5712890625,12619.0478515625,17291547,1.5325700603063375
2025-06-12,TPB,TPBank,12619.0478515625,12714.2861328125,12571.4287109375,12666.6669921875,7573233,0.37735922064123795
2025-06-13,TPB,TPBank,12571.4287109375,12666.6669921875,12476.1904296875,12571.4287109375,16123075,-0.7518811484405585
2025-06-16,TPB,TPBank,12571.4287109375,12714.2861328125,12523.8095703125,12666.6669921875,9061692,0.7575772288088478
2025-06-17,TPB,TPBank,12761.904296875,13047.619140625,12714.2861328125,12857.142578125,16554583,1.5037545871773528
2025-06-18,TPB,TPBank,12904.76171875,12904.76171875,12714.2861328125,12761.904296875,5516785,-0.7407422035751399
2025-06-19,TPB,TPBank,12761.904296875,12857.142578125,12714.2861328125,12761.904296875,5018207,0.0
2025-06-20,TPB,TPBank,12714.2861328125,12857.142578125,12666.6669921875,12714.2861328125,7304371,-0.37312741856370124
2025-06-23,TPB,TPBank,12571.4287109375,12666.6669921875,12523.8095703125,12666.6669921875,7558399,-0.3745325543846767
2025-06-24,TPB,TPBank,12761.904296875,12761.904296875,12619.0478515625,12619.0478515625,7301029,-0.37594057422027927
2025-06-25,TPB,TPBank,12666.6669921875,12857.142578125,12619.0478515625,12761.904296875,12191676,1.1320699231266662
2025-06-26,TPB,TPBank,12761.904296875,12809.5234375,12666.6669921875,12714.2861328125,6004461,-0.37312741856370124
2025-06-27,TPB,TPBank,12761.904296875,12809.5234375,12666.6669921875,12761.904296875,8712062,0.37452487355629227
2025-06-30,TPB,TPBank,12809.5234375,12904.76171875,12761.904296875,12809.5234375,13394629,0.3731350707328218
2025-07-01,TPB,TPBank,12904.76171875,12952.380859375,12809.5234375,12904.76171875,13966984,0.7434958975225392
2025-07-02,TPB,TPBank,12904.76171875,13000.0,12857.142578125,12952.380859375,12107466,0.3690044160661321
2025-07-03,TPB,TPBank,13000.0,13285.7138671875,12904.76171875,13095.23828125,28847301,1.1029433385723708
2025-07-04,TPB,TPBank,13142.857421875,13238.095703125,13095.23828125,13095.23828125,11001732,0.0
2025-07-07,TPB,TPBank,13095.23828125,13523.8095703125,13095.23828125,13476.1904296875,27629658,2.9090890922004453
2025-07-08,TPB,TPBank,13285.7138671875,13476.1904296875,13238.095703125,13333.3330078125,34179852,-1.0600727454866732
2025-07-09,TPB,TPBank,13428.5712890625,14238.095703125,13380.9521484375,14190.4765625,68102517,6.428576817103937
2025-07-10,TPB,TPBank,14285.7138671875,14333.3330078125,14000.0,14142.857421875,17959515,-0.3355711164122477
2025-07-11,TPB,TPBank,14142.857421875,14428.5712890625,14047.619140625,14142.857421875,28700395,0.0
2025-07-14,TPB,TPBank,14142.857421875,14190.4765625,13857.142578125,14190.4765625,34618668,0.33670098767557555
2025-07-15,TPB,TPBank,14238.095703125,14380.9521484375,14047.619140625,14047.619140625,22761658,-1.0067133492367542
2025-07-16,TPB,TPBank,14000.0,14190.4765625,14000.0,14190.4765625,24112357,1.0169511320381908
2025-07-17,TPB,TPBank,14285.7138671875,14428.5712890625,14095.23828125,14190.4765625,22367667,0.0
2025-07-18,TPB,TPBank,14238.095703125,14619.0478515625,14142.857421875,14380.9521484375,28323529,1.3422775838329182
2025-07-21,TPB,TPBank,14523.8095703125,14571.4287109375,14333.3330078125,14380.9521484375,22333248,0.0
2025-07-22,TPB,TPBank,14333.3330078125,14714.2861328125,14142.857421875,14571.4287109375,32159977,1.3245059195937658
2025-07-23,TPB,TPBank,14714.2861328125,14809.5234375,14523.8095703125,14666.6669921875,31043008,0.6535960415364972
2025-07-24,TPB,TPBank,14666.6669921875,15142.857421875,14666.6669921875,14857.142578125,30280078,1.2986971480225318
2025-07-25,TPB,TPBank,15000.0,15047.619140625,14761.904296875,14857.142578125,25092816,0.0
2025-07-28,TPB,TPBank,14904.76171875,15714.2861328125,14857.142578125,15666.6669921875,44219007,5.448722120055627
2025-07-29,TPB,TPBank,15809.5234375,15809.5234375,14571.4287109375,14571.4287109375,51245995,-6.990882501020557
2025-07-30,TPB,TPBank,14666.6669921875,15238.095703125,14571.4287109375,15142.857421875,30428107,3.9215695473195256
2025-07-31,TPB,TPBank,15285.7138671875,15333.3330078125,14714.2861328125,14952.380859375,20576041,-1.2578640688040932
2025-08-01,TPB,TPBank,14952.380859375,15000.0,14619.0478515625,14952.380859375,22713054,0.0
2025-08-04,TPB,TPBank,14761.904296875,15952.380859375,14761.904296875,15952.380859375,60652819,6.687898130771663
2025-08-05,TPB,TPBank,16619.046875,17047.619140625,16047.619140625,16761.904296875,106255800,5.074624563168295
2025-08-06,TPB,TPBank,17238.095703125,17904.76171875,16952.380859375,17333.333984375,55392855,3.4090976620510416
2025-08-07,TPB,TPBank,17476.19140625,18523.80859375,17142.857421875,18523.80859375,79187703,6.868122488426898
2025-08-08,TPB,TPBank,18809.5234375,19142.857421875,18190.4765625,18428.572265625,45765573,-0.5141293036094785
2025-08-11,TPB,TPBank,18476.19140625,18761.904296875,17952.380859375,18619.046875,64896321,1.0335831047003863
2025-08-12,TPB,TPBank,18761.904296875,18857.142578125,18047.619140625,18285.71484375,44777197,-1.7902744081791266
2025-08-13,TPB,TPBank,18285.71484375,18571.427734375,17666.666015625,18238.095703125,46804107,-0.26041716734567233
2025-08-14,TPB,TPBank,18238.095703125,19380.953125,18238.095703125,18857.142578125,74740659,3.394251708493501
2025-08-15,TPB,TPBank,19095.23828125,19095.23828125,18285.71484375,18571.427734375,46963192,-1.515154496850657
2025-08-18,TPB,TPBank,18571.427734375,19619.046875,18333.333984375,19190.4765625,53343034,3.3333399939906805
2025-08-19,TPB,TPBank,19333.333984375,20238.095703125,19190.4765625,20238.095703125,73740366,5.459057450778193
2025-08-20,TPB,TPBank,20476.19140625,20523.80859375,18857.142578125,19666.666015625,61519195,-2.82353486159157
2025-08-21,TPB,TPBank,20000.0,21000.0,19666.666015625,21000.0,121519440,6.779664551763265
2025-08-22,TPB,TPBank,20952.380859375,21714.28515625,19571.427734375,20571.427734375,84769839,-2.0408203125000024
2025-08-25,TPB,TPBank,20571.427734375,20761.904296875,19142.857421875,19142.857421875,62710651,-6.944439301667183
2025-08-26,TPB,TPBank,18571.427734375,20047.619140625,18380.953125,19952.380859375,52237437,4.2288537163471585
2025-08-27,TPB,TPBank,20285.71484375,20619.046875,19095.23828125,19238.095703125,57011272,-3.579949487152956
2025-08-28,TPB,TPBank,19523.80859375,20000.0,19190.4765625,19809.5234375,41115312,2.970292606883018
2025-08-29,TPB,TPBank,20000.0,20380.953125,19666.666015625,19904.76171875,50130517,0.48077017880052697
2025-09-03,TPB,TPBank,19952.380859375,20142.857421875,19714.28515625,20047.619140625,28919467,0.7177047577536788
2025-09-04,TPB,TPBank,20333.333984375,20666.666015625,20047.619140625,20476.19140625,39854461,2.137771386311549
2025-09-05,TPB,TPBank,20571.427734375,20809.5234375,19619.046875,19619.046875,49085935,-4.186054497363079
2025-09-08,TPB,TPBank,19238.095703125,19571.427734375,18428.572265625,18428.572265625,56911575,-6.067953336163279
2025-09-09,TPB,TPBank,18523.80859375,18666.666015625,18142.857421875,18523.80859375,23473401,0.5167862531740841
2025-09-10,TPB,TPBank,18619.046875,18809.5234375,18190.4765625,18285.71484375,21228060,-1.2853390748181925
2025-09-11,TPB,TPBank,18238.095703125,18761.904296875,17523.80859375,18714.28515625,34939863,2.343743824958988
2025-09-12,TPB,TPBank,18857.142578125,18857.142578125,18428.572265625,18571.427734375,14240467,-0.7633602923234784
2025-09-15,TPB,TPBank,18619.046875,18952.380859375,18523.80859375,18857.142578125,13762885,1.5384646126110901
2025-09-16,TPB,TPBank,19000.0,19095.23828125,18571.427734375,18714.28515625,15637198,-0.7575772484253229
2025-09-17,TPB,TPBank,18714.28515625,18761.904296875,18380.953125,18380.953125,11288224,-1.7811635788753444
2025-09-18,TPB,TPBank,18380.953125,18523.80859375,17809.5234375,17952.380859375,20362524,-2.331610677153062
2025-09-19,TPB,TPBank,18000.0,18238.095703125,17714.28515625,17714.28515625,12874197,-1.32626254417203
2025-09-22,TPB,TPBank,17809.5234375,18095.23828125,17333.333984375,18095.23828125,21817383,2.1505419024238304
2025-09-23,TPB,TPBank,18047.619140625,18285.71484375,17857.142578125,18285.71484375,14248857,1.0526336240477718
2025-09-24,TPB,TPBank,18238.095703125,18714.28515625,17761.904296875,18714.28515625,31368456,2.343743824958988
2025-09-25,TPB,TPBank,18714.28515625,18761.904296875,18428.572265625,18476.19140625,21846835,-1.2722567173263588
2025-09-26,TPB,TPBank,18428.572265625,18523.80859375,17904.76171875,17904.76171875,14077696,-3.0927893900617454
2025-09-29,TPB,TPBank,17904.76171875,18190.4765625,17761.904296875,17952.380859375,7703025,0.26595796901967006
2025-09-30,TPB,TPBank,18000.0,18095.23828125,17523.80859375,17952.380859375,12376686,0.0
2025-10-01,TPB,TPBank,17952.380859375,18619.046875,17904.76171875,18380.953125,20777799,2.3872725795096583
2025-10-02,TPB,TPBank,18380.953125,18619.046875,17904.76171875,17904.76171875,11743588,-2.5906785301700763
2025-10-03,TPB,TPBank,17809.5234375,18000.0,17666.666015625,17809.5234375,9613098,-0.5319159380393512
2025-10-06,TPB,TPBank,18142.857421875,19000.0,17904.76171875,18904.76171875,32714293,6.149733793234757
2025-10-07,TPB,TPBank,19000.0,19000.0,18428.572265625,18428.572265625,13221127,-2.518886300760448
2025-10-08,TPB,TPBank,18761.904296875,18761.904296875,18190.4765625,18523.80859375,22881369,0.5167862531740841
2025-10-09,TPB,TPBank,18619.046875,19095.23828125,18476.19140625,19047.619140625,45474502,2.8277691610986366
2025-10-10,TPB,TPBank,19142.857421875,19190.4765625,18619.046875,18666.666015625,25151899,-2.000003896484359
2025-10-13,TPB,TPBank,18380.953125,18619.046875,18333.333984375,18523.80859375,19227642,-0.7653076438793094
2025-10-14,TPB,TPBank,18571.427734375,18857.142578125,18142.857421875,18285.71484375,43166466,-1.2853390748181925
2025-10-15,TPB,TPBank,18285.71484375,18904.76171875,18285.71484375,18761.904296875,30803367,2.6041609923046494
2025-10-16,TPB,TPBank,18904.76171875,18904.76171875,18571.427734375,18809.5234375,18489387,0.2538076086068264
2025-10-17,TPB,TPBank,18809.5234375,18857.142578125,18285.71484375,18333.333984375,19649511,-2.531640180609973
2025-10-20,TPB,TPBank,18333.333984375,18333.333984375,17095.23828125,17095.23828125,27677569,-6.753249049955645
2025-10-21,TPB,TPBank,16952.380859375,17523.80859375,16190.4765625,17333.333984375,24479511,1.3927603652424292
2025-10-22,TPB,TPBank,17476.19140625,17523.80859375,16714.28515625,17285.71484375,8574946,-0.2747258009793474
2025-10-23,TPB,TPBank,17333.333984375,17380.953125,16952.380859375,16952.380859375,9612284,-1.9283783597501825
2025-10-24,TPB,TPBank,17000.0,17095.23828125,16619.046875,17047.619140625,10932348,0.5617988531524176
2025-10-27,TPB,TPBank,17142.857421875,17190.4765625,16714.28515625,16714.28515625,7889107,-1.9553110708618204
2025-10-28,TPB,TPBank,16666.666015625,17095.23828125,16619.046875,17095.23828125,9453281,2.2792068068645532
2025-10-29,TPB,TPBank,17142.857421875,17523.80859375,17047.619140625,17285.71484375,11699005,1.11420829219393
2025-10-30,TPB,TPBank,17500.0,17500.0,17150.0,17150.0,5644447,-0.7851271699016227
2025-10-31,TPB,TPBank,17100.0,17300.0,16650.0,16650.0,8961570,-2.9154518950437303
2025-11-03,TPB,TPBank,16800.0,17300.0,16650.0,16650.0,20604050,0.0
2025-11-04,TPB,TPBank,16650.0,17450.0,16550.0,17250.0,16482480,3.603603603603611
2025-11-05,TPB,TPBank,17200.0,17250.0,16850.0,16900.0,4670645,-2.0289855072463725
2025-11-06,TPB,TPBank,16900.0,17150.0,16750.0,16900.0,4180595,0.0
2025-11-07,TPB,TPBank,16800.0,16950.0,16350.0,16500.0,8568971,-2.3668639053254448
2025-11-10,TPB,TPBank,16500.0,16800.0,16450.0,16500.0,5428797,0.0
2025-11-11,TPB,TPBank,16550.0,16900.0,16450.0,16900.0,4340377,2.4242424242424176
2025-11-12,TPB,TPBank,16900.0,17300.0,16750.0,17300.0,10843580,2.3668639053254337
2025-11-13,TPB,TPBank,17200.0,17250.0,16950.0,16950.0,4904235,-2.023121387283233
2025-11-14,TPB,TPBank,16950.0,17000.0,16800.0,16950.0,4320667,0.0
2025-11-17,TPB,TPBank,17000.0,17200.0,16900.0,17150.0,4706931,1.179941002949847
2025-11-18,TPB,TPBank,17150.0,17600.0,17100.0,17600.0,13317980,2.6239067055393583
2025-11-19,TPB,TPBank,17600.0,17600.0,17150.0,17150.0,5317128,-2.5568181818181768
2025-11-20,TPB,TPBank,17200.0,17300.0,17000.0,17250.0,4216798,0.5830903790087438
2025-11-21,TPB,TPBank,17050.0,17250.0,16850.0,17250.0,5452217,0.0
2025-11-24,TPB,TPBank,17250.0,17300.0,17000.0,17250.0,6702985,0.0
2025-11-25,TPB,TPBank,17100.0,17250.0,16850.0,16950.0,7246337,-1.7391304347826098
2025-11-26,TPB,TPBank,16900.0,17450.0,16900.0,17400.0,7950700,2.6548672566371723
2025-11-27,TPB,TPBank,17400.0,17800.0,17300.0,17350.0,9070307,-0.2873563218390829
2025-11-28,TPB,TPBank,17350.0,17400.0,17000.0,17300.0,3785424,-0.2881844380403509
2025-12-01,TPB,TPBank,17200.0,17250.0,17000.0,17000.0,8379638,-1.7341040462427793
2025-12-02,TPB,TPBank,17000.0,17150.0,16850.0,17100.0,6559716,0.588235294117645
2025-12-03,TPB,TPBank,17150.0,17650.0,17150.0,17350.0,17206550,1.4619883040935644
2025-12-04,TPB,TPBank,17350.0,17650.0,17350.0,17600.0,16313450,1.4409221902017322
2025-12-05,TPB,TPBank,17700.0,17750.0,17250.0,17400.0,7637348,-1.1363636363636354
2025-12-08,TPB,TPBank,17350.0,17450.0,17150.0,17200.0,4436334,-1.1494252873563204
2025-12-09,TPB,TPBank,17150.0,17250.0,16700.0,16900.0,16848560,-1.744186046511631
2025-12-10,TPB,TPBank,16900.0,17100.0,16900.0,16900.0,3198982,0.0
2025-12-11,TPB,TPBank,16950.0,17050.0,16750.0,16800.0,6577384,-0.591715976331364
2025-12-12,TPB,TPBank,16800.0,16900.0,16350.0,16350.0,9148363,-2.67857142857143
2025-12-15,TPB,TPBank,16300.0,16500.0,16250.0,16350.0,7343380,0.0
2025-12-16,TPB,TPBank,16350.0,16800.0,15900.0,16800.0,10797270,2.752293577981657
2025-12-17,TPB,TPBank,16700.0,16900.0,16500.0,16500.0,10278210,-1.7857142857142905
2025-12-18,TPB,TPBank,16500.0,16700.0,16450.0,16700.0,3482677,1.21212121212122
2025-12-19,TPB,TPBank,16750.0,16850.0,16650.0,16850.0,3952508,0.8982035928143617
2025-12-22,TPB,TPBank,16950.0,17400.0,16800.0,17300.0,12576040,2.6706231454005858
2025-12-23,TPB,TPBank,17400.0,17650.0,16950.0,17350.0,12049260,0.28901734104045396
2025-12-24,TPB,TPBank,17350.0,17600.0,17100.0,17400.0,8005793,0.2881844380403509
2025-12-25,TPB,TPBank,17450.0,17550.0,17000.0,17000.0,6271266,-2.298850574712641
2025-12-26,TPB,TPBank,16900.0,17150.0,16600.0,16950.0,7726142,-0.2941176470588225
2025-12-29,TPB,TPBank,17000.0,17150.0,16900.0,16900.0,6794328,-0.2949852507374673
2025-12-30,TPB,TPBank,17000.0,17300.0,16950.0,17150.0,9451679,1.4792899408283988
2025-12-31,TPB,TPBank,17250.0,17250.0,17100.0,17100.0,4741423,-0.2915451895043719
2026-01-05,TPB,TPBank,17150.0,17200.0,16550.0,16600.0,10082400,-2.92397660818714
2026-01-06,TPB,TPBank,16750.0,17150.0,16550.0,17050.0,10002240,2.710843373493965
2026-01-07,TPB,TPBank,17200.0,17650.0,17100.0,17450.0,26158100,2.346041055718473
2026-01-08,TPB,TPBank,17500.0,18150.0,17300.0,17650.0,28585590,1.1461318051575908
2026-01-09,TPB,TPBank,17900.0,18000.0,17500.0,17600.0,25484440,-0.283286118980175
2026-01-12,TPB,TPBank,17600.0,18400.0,17550.0,18200.0,31850920,3.409090909090917
2026-01-13,TPB,TPBank,18300.0,18500.0,17850.0,17900.0,25871010,-1.6483516483516536
2026-01-14,TPB,TPBank,17950.0,17950.0,17500.0,17500.0,18097620,-2.2346368715083775
2026-01-15,TPB,TPBank,17500.0,17650.0,17300.0,17400.0,9724778,-0.5714285714285672
2026-01-16,TPB,TPBank,17650.0,17700.0,17350.0,17400.0,8688949,0.0
2026-01-19,TPB,TPBank,17400.0,17500.0,17300.0,17350.0,5054342,-0.2873563218390829
2026-01-20,TPB,TPBank,17400.0,17800.0,17400.0,17450.0,20299260,0.5763688760807018
2026-01-21,TPB,TPBank,17300.0,17450.0,17100.0,17200.0,7559937,-1.4326647564469885
2026-01-22,TPB,TPBank,17200.0,17600.0,17200.0,17400.0,8348336,1.1627906976744207
2026-01-23,TPB,TPBank,17400.0,17500.0,17200.0,17250.0,6052407,-0.8620689655172376
2026-01-26,TPB,TPBank,17150.0,17250.0,16800.0,17100.0,9328418,-0.8695652173912993
2026-01-27,TPB,TPBank,17050.0,17250.0,17000.0,17200.0,7436481,0.5847953216374213
2026-01-28,TPB,TPBank,17250.0,17250.0,16850.0,16900.0,6737949,-1.744186046511631
2026-01-29,TPB,TPBank,16900.0,17100.0,16700.0,16700.0,11220240,-1.1834319526627168
2026-01-30,TPB,TPBank,16800.0,17200.0,16650.0,17200.0,6707486,2.9940119760478945
2026-02-02,TPB,TPBank,17200.0,17350.0,17000.0,17000.0,8082883,-1.1627906976744207
2026-02-03,TPB,TPBank,17200.0,17350.0,16950.0,17150.0,9112690,0.8823529411764675
2026-02-04,TPB,TPBank,17150.0,17450.0,17100.0,17400.0,9084902,1.4577259475218707
2026-02-05,TPB,TPBank,17400.0,17550.0,17100.0,17100.0,6547611,-1.7241379310344862
2026-02-06,TPB,TPBank,17050.0,17100.0,16750.0,16800.0,9036687,-1.7543859649122862
2026-02-09,TPB,TPBank,16900.0,17000.0,16750.0,16800.0,5891511,0.0
2026-02-10,TPB,TPBank,16700.0,17000.0,16650.0,16800.0,4520738,0.0
2026-02-11,TPB,TPBank,16800.0,17350.0,16800.0,17350.0,9661657,3.2738095238095344
2026-02-12,TPB,TPBank,17450.0,17500.0,17150.0,17150.0,4655126,-1.1527377521613813
2026-02-13,TPB,TPBank,17150.0,17500.0,17100.0,17500.0,5378032,2.0408163265306145
2024-01-02,HDB,HDBank,12060.64410499184,12211.40140019904,11879.734250953821,12000.3408203125,10453065,
2024-01-03,HDB,HDBank,12000.341244439367,12060.64453125,11940.037957628734,12060.64453125,14297388,0.5025166521556379
2024-01-04,HDB,HDBank,12090.795863399837,12392.311373199853,12030.492578141602,12301.8564453125,17439518,1.9999919028995672
2024-01-05,HDB,HDBank,12301.855897116504,12362.1591796875,12181.250248465629,12362.1591796875,10169044,0.4901921481775817
2024-01-08,HDB,HDBank,12392.3115234375,12512.918095416138,12332.00823744818,12392.3115234375,8952500,0.24390839263372932
2024-01-09,HDB,HDBank,12392.3115234375,12422.46316643216,12301.856594453522,12392.3115234375,12073775,0.0
2024-01-10,HDB,HDBank,12392.311671497788,12482.7666015625,12301.856741433076,12482.7666015625,9917705,0.7299290205376341
2024-01-11,HDB,HDBank,12482.76605188315,12573.220977964675,12452.614409855976,12543.0693359375,8551447,0.48308789469355684
2024-01-12,HDB,HDBank,12543.069760778146,12603.373046875,12362.159902487581,12603.373046875,15849622,0.48077316103740664
2024-01-15,HDB,HDBank,12633.524139515197,12663.67578125,12452.614289106385,12663.67578125,11458204,0.4784650438475424
2024-01-16,HDB,HDBank,12633.524139515197,12693.827422984803,12543.06921431079,12663.67578125,23628174,0.0
2024-01-17,HDB,HDBank,12663.675627229257,12663.675627229257,12392.310854916484,12573.220703125,11067018,-0.7142876972492385
2024-01-18,HDB,HDBank,12573.220977964675,12603.37261999185,12482.76605188315,12543.0693359375,8902855,-0.23980623500871046
2024-01-19,HDB,HDBank,12543.069486892358,12633.5244140625,12512.917844502312,12633.5244140625,11325983,0.7211558487190572
2024-01-22,HDB,HDBank,12663.675660770714,12784.2822265625,12543.069094978928,12784.2822265625,22708615,1.1933155591340006
2024-01-23,HDB,HDBank,12784.28234818921,12814.433989924011,12543.06921431079,12663.67578125,12269089,-0.9433962984790045
2024-01-24,HDB,HDBank,12663.675933086048,12754.130859375,12573.221006797097,12754.130859375,10954499,0.7142876972492385
2024-01-25,HDB,HDBank,12754.13043060284,12754.13043060284,12603.372225189489,12693.8271484375,16216126,-0.47281709433907304
2024-01-26,HDB,HDBank,12693.827725236299,12874.73757995274,12693.827725236299,12844.5859375,23476328,1.1876543401731832
2024-01-29,HDB,HDBank,12844.585389542095,12904.888671875,12814.433748375643,12904.888671875,9205707,0.46947978446658656
2024-01-30,HDB,HDBank,12935.040709454692,13236.556213868487,12904.889067364198,13176.2529296875,15171551,2.1028020055989582
2024-01-31,HDB,HDBank,13176.253205221006,13266.708133384025,12965.192622665127,13146.1015625,13936020,-0.22883112026155228
2024-02-01,HDB,HDBank,13146.1015625,13206.404847942013,13085.79827705799,13146.1015625,9759743,0.0
2024-02-02,HDB,HDBank,13146.101463808853,13477.76953125,13146.101463808853,13477.76953125,14497215,2.5229378243669
2024-02-05,HDB,HDBank,13477.769828541605,13688.831330659732,13387.314899062409,13658.6796875,17390028,1.3422855750021334
2024-02-06,HDB,HDBank,13658.679708494947,13899.891937652403,13628.528065288869,13869.7412109375,12043895,1.545255678194546
2024-02-07,HDB,HDBank,13899.891774601118,14201.408203125,13839.589405387507,14201.408203125,9286790,2.391299067108421
2024-02-15,HDB,HDBank,14261.7109375,14352.165862560354,14020.497804005721,14261.7109375,10704249,0.4246250337465174
2024-02-16,HDB,HDBank,14231.559263775955,14261.710905394864,13990.34613082468,14050.6494140625,9511516,-1.4799172719349607
2024-02-19,HDB,HDBank,14050.650114690097,14080.8017578125,13839.589529324447,14080.8017578125,18006782,0.21459750977645964
2024-02-20,HDB,HDBank,14050.64971670239,14261.71121258085,13869.740779583426,14231.5595703125,12000319,1.0706621333998578
2024-02-21,HDB,HDBank,14201.407500736115,14322.014066180574,13990.34601120831,14171.255859375,9682862,-0.4237322736103777
2024-02-22,HDB,HDBank,14171.256290858853,14171.256290858853,13809.4375,13809.4375,15642792,-2.5531848621280773
2024-02-23,HDB,HDBank,13809.437752010264,13899.891764007323,13568.224609375,13568.224609375,13058745,-1.7467249525912942
2024-02-26,HDB,HDBank,13568.224484480046,13809.437624894954,13538.072841928182,13688.8310546875,9489417,0.8888889208774398
2024-02-27,HDB,HDBank,13688.8310546875,13869.74090999868,13598.37612703191,13688.8310546875,12223956,0.0
2024-02-28,HDB,HDBank,13688.83116816062,13990.3466796875,13688.83116816062,13990.3466796875,12219911,2.2026396833698225
2024-02-29,HDB,HDBank,13990.34613082468,14110.952697300318,13960.194489205773,14050.6494140625,10464426,0.43103102271619953
2024-03-01,HDB,HDBank,14050.6494140625,14080.80105568141,13839.588839221264,14050.6494140625,9501868,0.0
2024-03-04,HDB,HDBank,14050.6494140625,14080.80105568141,13930.042847586863,14050.6494140625,10299461,0.0
2024-03-05,HDB,HDBank,14050.64929393054,14171.255859375,13869.74036225497,14171.255859375,13346346,0.8583691882013023
2024-03-06,HDB,HDBank,14080.801208296085,14171.256134133208,13839.588989221562,14141.1044921875,7053839,-0.21276425665234244
2024-03-07,HDB,HDBank,13930.042694649625,14110.95254237688,13930.042694649625,13960.1943359375,10174024,-1.2793212605843318
2024-03-08,HDB,HDBank,13960.19522406456,13960.19522406456,13718.982994907105,13869.7412109375,10942827,-0.6479360016296343
2024-03-11,HDB,HDBank,13869.740601478801,13960.194610631168,13718.982392072965,13930.04296875,14103476,0.43477204726030116
2024-03-12,HDB,HDBank,13899.891234056046,13899.891234056046,13538.072450389122,13839.5888671875,11542928,-0.6493454597765402
2024-03-13,HDB,HDBank,13839.588959597635,13990.346252512334,13628.527466429463,13930.04296875,13584456,0.6535895136087433
2024-03-14,HDB,HDBank,13960.19451741572,13960.19451741572,13718.98230046815,13839.5888671875,12788762,-0.6493454597765402
2024-03-15,HDB,HDBank,13749.134638113184,13930.04358085848,13658.679708494947,13869.7412109375,9665745,0.21787022749995
2024-03-18,HDB,HDBank,13869.741167629536,13899.891894250293,13447.6181640625,13447.6181640625,15088447,-3.043481781348012
2024-03-19,HDB,HDBank,13447.61788875535,13477.76953125,12995.344167826757,13477.76953125,13971970,0.2242134392845596
2024-03-20,HDB,HDBank,13507.92077731099,13749.13391018901,13146.101077993962,13628.52734375,10580058,1.1185664820165364
2024-03-21,HDB,HDBank,13658.679570516411,14412.4697265625,13598.376284713431,14412.4697265625,23856216,5.7522163843477525
2024-03-22,HDB,HDBank,14412.469299641698,14442.620941650048,14261.71108959995,14352.166015625,10389569,-0.41841344392459234
2024-03-25,HDB,HDBank,14352.16641738694,14352.16641738694,14080.801631715447,14201.408203125,20543051,-1.0504185384691889
2024-03-26,HDB,HDBank,14171.25592523267,14593.37890625,14110.952642230195,14593.37890625,19688498,2.7600833489086485
2024-03-27,HDB,HDBank,14653.682465270027,14774.288117055588,14442.620970785796,14563.2275390625,9468718,-0.20660991111925986
2024-03-28,HDB,HDBank,14472.773035254124,14623.53125,14472.773035254124,14623.53125,8410137,0.41408204861010933
2024-03-29,HDB,HDBank,14653.682742432882,14653.682742432882,14352.166316038178,14533.076171875,12456620,-0.6185583808630324
2024-04-01,HDB,HDBank,14533.075744442862,14563.227386195542,14261.710968668734,14472.7724609375,10873883,-0.41494113306996816
2024-04-02,HDB,HDBank,14291.86315495654,14442.62136946399,14171.256583350578,14412.4697265625,8987672,-0.41666332098952985
2024-04-03,HDB,HDBank,14382.317907795186,14412.469550327984,14080.801482467203,14110.953125,13418713,-2.0920536679900015
2024-04-04,HDB,HDBank,14110.953400934904,14352.166545914133,14080.8017578125,14080.8017578125,9505758,-0.2136734983130384
2024-04-05,HDB,HDBank,14050.650114690097,14291.863259669326,13990.34682844529,14080.8017578125,10166243,0.0
2024-04-08,HDB,HDBank,14080.801654646108,14472.77301236548,14050.650011744618,14412.4697265625,28429033,2.35546224181431
2024-04-09,HDB,HDBank,14412.469451424113,14502.924378401773,14291.862882120568,14442.62109375,15628786,0.20920333405405334
2024-04-10,HDB,HDBank,14472.772736075885,14502.924378401773,14231.559597468795,14442.62109375,16754443,0.0
2024-04-11,HDB,HDBank,14291.862610421416,14472.7724609375,14171.256043410693,14472.7724609375,8917328,0.20876658739283904
2024-04-12,HDB,HDBank,14472.772762896919,14713.985901951028,14261.711266224575,14653.6826171875,13262151,1.2500034581368835
2024-04-15,HDB,HDBank,14623.530479791725,14683.833762513954,14050.64929393054,14171.255859375,22807314,-3.2921878439393426
2024-04-16,HDB,HDBank,14171.255859375,14261.710783458346,13869.74036225497,14171.255859375,25299899,0.0
2024-04-17,HDB,HDBank,14201.408369713192,14201.408369713192,13507.921492464553,13869.7412109375,25340751,-2.127649457673386
2024-04-19,HDB,HDBank,13688.830594149656,13718.98223568712,13206.404329550267,13417.4658203125,28093188,-3.260878366413511
2024-04-22,HDB,HDBank,13447.617614677252,13658.679107838121,13387.314330917003,13507.9208984375,16608931,0.6741591842780226
2024-04-23,HDB,HDBank,13387.314453125,13538.07266390184,13025.49566375173,13387.314453125,13595973,-0.8928572074067387
2024-04-24,HDB,HDBank,13447.617614677252,13628.527465957997,13387.314330917003,13507.9208984375,25336549,0.9009009666187895
2024-04-25,HDB,HDBank,13507.921323716184,13658.679537863223,13417.466395227959,13568.224609375,20912512,0.4464322184805969
2024-04-26,HDB,HDBank,13568.22435689991,14231.5595703125,13477.769430094855,14231.5595703125,21222834,4.8888854661144565
2024-05-02,HDB,HDBank,14231.559295813215,14261.7109375,14080.80108737929,14261.7109375,9530191,0.2118627058302014
2024-05-03,HDB,HDBank,14261.711354158431,14744.13671875,14261.711354158431,14744.13671875,18118834,3.3826641373125854
2024-05-06,HDB,HDBank,14774.288270223404,14774.288270223404,14382.317835751628,14653.6826171875,19115475,-0.6134920157615631
2024-05-07,HDB,HDBank,14713.985901951028,14713.985901951028,14382.317835751628,14653.6826171875,25749430,0.0
2024-05-08,HDB,HDBank,14623.53109979341,14653.682742432882,14382.317958677648,14533.076171875,21795888,-0.8230452949147371
2024-05-09,HDB,HDBank,14533.07642659346,14593.379712929325,14201.408351746202,14291.86328125,12294300,-1.6597510931085968
2024-05-10,HDB,HDBank,14322.014924417932,14352.166567585866,14110.953422242406,14291.86328125,12875882,0.0
2024-05-13,HDB,HDBank,14291.862826756764,14322.014468965848,14020.498046875,14020.498046875,10938158,-1.8987393668326913
2024-05-14,HDB,HDBank,14050.6494140625,14291.862547013774,14050.6494140625,14050.6494140625,16429492,0.21505204085257024
2024-05-15,HDB,HDBank,14080.800935291654,14231.55914209723,14050.64929393054,14171.255859375,11685484,0.8583691882013023
2024-05-16,HDB,HDBank,14231.559208235145,14623.530547751237,14201.407566733908,14593.37890625,17365283,2.9787271577327745
2024-05-17,HDB,HDBank,14623.530974805737,14804.439912605167,14502.924405278683,14653.6826171875,26911349,0.41322651405750754
2024-05-20,HDB,HDBank,14683.83410521794,15136.1078196991,14683.83410521794,14985.349609375,42166005,2.2633695628052175
2024-05-21,HDB,HDBank,14985.349456521804,15015.501098279072,14713.985597197523,14894.89453125,12504242,-0.6036234087485659
2024-05-22,HDB,HDBank,14925.046202417325,14925.046202417325,14683.833984375,14683.833984375,8891961,-1.4169992706708157
2024-05-23,HDB,HDBank,14713.985597197523,14894.89453125,14472.77246313938,14894.89453125,12175712,1.4373667469925744
2024-05-24,HDB,HDBank,14774.287838766302,14925.046046272491,14472.772340245048,14593.37890625,11354618,-2.024288418876752
2024-05-27,HDB,HDBank,14593.379151691795,14653.682435708495,14291.8627316083,14352.166015625,25121938,-1.6528926725920545
2024-05-28,HDB,HDBank,14412.469328716621,14563.2275390625,14201.40783423239,14563.2275390625,12312353,1.4705900364287983
2024-05-29,HDB,HDBank,14563.227479427405,14563.227479427405,14141.1044921875,14141.1044921875,35207099,-2.898554223249983
2024-05-30,HDB,HDBank,14050.64953627467,14080.801178155836,13749.134033954133,13930.04296875,13548973,-1.4925391687339862
2024-05-31,HDB,HDBank,13960.19476245683,14050.649689084084,13930.043120247745,14020.498046875,6764837,0.6493524702538389
2024-06-03,HDB,HDBank,14080.80111815265,14472.7724609375,14050.64947639997,14472.7724609375,10401553,3.225808473781755
2024-06-04,HDB,HDBank,14533.076020727658,14563.227663053545,14352.16616677234,14442.62109375,8214357,-0.20833166049476493
2024-06-05,HDB,HDBank,14472.773140257596,14563.228069761391,14291.86328125,14291.86328125,9283832,-1.0438396986350296
2024-06-06,HDB,HDBank,14291.86328125,14442.621497089662,14171.25670857827,14291.86328125,15187892,0.0
2024-06-07,HDB,HDBank,14322.014924417932,14382.318210753798,14201.408351746202,14291.86328125,8852120,0.0
2024-06-10,HDB,HDBank,14322.01479785803,14412.4697265625,14261.71151205505,14412.4697265625,10210597,0.8438818853713004
2024-06-11,HDB,HDBank,14442.621345944104,14472.772988796492,14171.256560272612,14201.408203125,17244983,-1.4644368900113558
2024-06-12,HDB,HDBank,14231.559326916054,14472.7724609375,14110.95275990533,14472.7724609375,12492259,1.9108264048968593
2024-06-13,HDB,HDBank,14593.37945715394,14623.53109979341,14412.469601317118,14533.076171875,21822625,0.41667006857366573
2024-06-14,HDB,HDBank,14593.37930537943,14623.530947705318,14442.62109375,14442.62109375,18305899,-0.6224083398121305
2024-06-17,HDB,HDBank,14442.621345944104,14472.772988796492,14050.649988863059,14201.408203125,18480669,-1.6701462224843922
2024-06-18,HDB,HDBank,14231.559994914136,14322.014924417932,14171.25670857827,14291.86328125,13156168,0.6369444271385305
2024-06-19,HDB,HDBank,14322.014924417932,14322.014924417932,14050.65013590654,14291.86328125,20405429,0.0
2024-06-20,HDB,HDBank,14261.71121258085,14322.014497117554,14050.64971670239,14231.5595703125,18877520,-0.42194435918383455
2024-06-21,HDB,HDBank,14231.559107528383,14231.559107528383,13960.1943359375,13960.1943359375,21814688,-1.906784938321704
2024-06-24,HDB,HDBank,13960.194894673243,14020.498179662543,13477.76953125,13477.76953125,27713456,-3.455716969824707
2024-06-25,HDB,HDBank,13477.769135701239,13688.830626969504,13447.617494091486,13628.52734375,30699023,1.1185664820165364
2024-06-26,HDB,HDBank,13628.527769583772,13688.8310546875,13568.224484480046,13688.8310546875,17350810,0.4424814906003327
2024-06-27,HDB,HDBank,13688.83065878831,14020.497800775398,13568.224092068958,13839.5888671875,14715872,1.1013198416849113
2024-06-28,HDB,HDBank,13839.58956773142,13869.7412109375,13688.831351701027,13869.7412109375,11328006,0.21787022749995
2024-07-01,HDB,HDBank,13869.740601478801,13960.194610631168,13749.134033954133,13930.04296875,8535262,0.43477204726030116
2024-07-02,HDB,HDBank,13960.194961725063,14593.37945715394,13960.194961725063,14533.076171875,27364849,4.329011794707416
2024-07-03,HDB,HDBank,14593.379150394623,14774.2880859375,14593.379150394623,14774.2880859375,20855085,1.6597443735229422
2024-07-04,HDB,HDBank,14834.591094570957,14834.591094570957,14653.682162386334,14804.439453125,24052151,0.204080000417739
2024-07-05,HDB,HDBank,14834.59100008705,14834.59100008705,14593.378786546831,14713.9853515625,13353971,-0.6109930865596302
2024-07-08,HDB,HDBank,14774.287717579216,14774.287717579216,14593.378786546831,14713.9853515625,41525441,0.0
2024-07-09,HDB,HDBank,14653.682226510997,15256.7141415779,14653.682226510997,15226.5625,59728158,3.4836051293408943
2024-07-10,HDB,HDBank,15226.563177833385,15317.018106593827,14955.19839155206,15045.6533203125,13373580,-1.1881157003591603
2024-07-11,HDB,HDBank,15045.653342990836,15317.018129681192,15045.653342990836,15256.71484375,51042871,1.4028073021764786
2024-07-12,HDB,HDBank,15710.5400390625,15742.66796875,15389.26171875,15517.7734375,16320552,1.7111062009325329
2024-07-15,HDB,HDBank,15549.9013671875,15710.5400390625,15485.6455078125,15678.4130859375,48444241,1.0351977948672708
2024-07-16,HDB,HDBank,15710.5400390625,15935.435546875,15646.28515625,15903.3076171875,19798838,1.4344215196862908
2024-07-17,HDB,HDBank,15935.435546875,16320.970703125,15806.923828125,16192.458984375,29483880,1.8181838278409357
2024-07-18,HDB,HDBank,16224.5869140625,16256.71484375,15806.923828125,16128.203125,58774050,-0.3968258276090375
2024-07-19,HDB,HDBank,16160.3310546875,16192.458984375,15871.1796875,16031.8193359375,11847492,-0.5976102130875183
2024-07-22,HDB,HDBank,15967.5634765625,16256.71484375,15806.923828125,16256.71484375,20056247,1.402807149331875
2024-07-23,HDB,HDBank,16288.8427734375,16320.970703125,15935.435546875,16096.0751953125,13415444,-0.9881433609525314
2024-07-24,HDB,HDBank,15967.5634765625,16128.203125,15806.923828125,16096.0751953125,14102699,0.0
2024-07-25,HDB,HDBank,16031.8193359375,16096.0751953125,15839.0517578125,16096.0751953125,8569655,0.0
2024-07-26,HDB,HDBank,16096.0751953125,16256.71484375,16031.8193359375,16128.203125,12086848,0.19960101638227812
2024-07-29,HDB,HDBank,16160.3310546875,16224.5869140625,16096.0751953125,16224.5869140625,7815326,0.5976102130875072
2024-07-30,HDB,HDBank,16224.5869140625,16256.71484375,16096.0751953125,16256.71484375,24856904,0.1980200165198287
2024-07-31,HDB,HDBank,16320.970703125,16899.2734375,16288.8427734375,16899.2734375,15733679,3.9525734438101257
2024-08-01,HDB,HDBank,16931.400390625,17156.294921875,16513.73828125,16577.994140625,12872147,-1.9011426619210292
2024-08-02,HDB,HDBank,16449.482421875,16770.76171875,15999.69140625,16770.76171875,16101272,1.1627919306149037
2024-08-05,HDB,HDBank,16513.73828125,16706.505859375,15614.1572265625,15742.66796875,24245908,-6.1302746246199025
2024-08-06,HDB,HDBank,16063.947265625,16256.71484375,15646.28515625,15967.5634765625,21836009,1.4285730237017624
2024-08-07,HDB,HDBank,15999.69140625,16063.947265625,15582.029296875,15967.5634765625,9906655,0.0
2024-08-08,HDB,HDBank,15774.7958984375,16385.2265625,15774.7958984375,16031.8193359375,43531641,0.40241492992538763
2024-08-09,HDB,HDBank,16256.71484375,16481.609375,16096.0751953125,16385.2265625,18331889,2.204411234664372
2024-08-12,HDB,HDBank,16449.482421875,16706.505859375,16192.458984375,16417.353515625,38483847,0.19607268170784842
2024-08-13,HDB,HDBank,16481.609375,16770.76171875,16320.970703125,16674.376953125,35746506,1.5655594993150501
2024-08-14,HDB,HDBank,16835.017578125,16835.017578125,16545.865234375,16642.25,23018937,-0.19267258510057284
2024-08-15,HDB,HDBank,16642.25,17220.55078125,16642.25,16802.888671875,19591853,0.9652461168111248
2024-08-16,HDB,HDBank,16963.529296875,17381.19140625,16674.376953125,17381.19140625,22553921,3.441686400880428
2024-08-19,HDB,HDBank,17445.447265625,17606.0859375,17252.6796875,17349.0625,21894836,-0.1848486993730858
2024-08-20,HDB,HDBank,17316.935546875,17445.447265625,17156.294921875,17220.55078125,11006323,-0.7407415746528145
2024-08-21,HDB,HDBank,17220.55078125,17509.703125,17156.294921875,17413.318359375,13333585,1.119404254682066
2024-08-22,HDB,HDBank,17413.318359375,17477.57421875,17188.423828125,17413.318359375,8748028,0.0
2024-08-23,HDB,HDBank,17413.318359375,17445.447265625,17252.6796875,17413.318359375,17561997,0.0
2024-08-26,HDB,HDBank,17445.447265625,17477.57421875,17252.6796875,17413.318359375,11072465,0.0
2024-08-27,HDB,HDBank,17445.447265625,17477.57421875,17316.935546875,17413.318359375,8162688,0.0
2024-08-28,HDB,HDBank,17477.57421875,17509.703125,17316.935546875,17381.19140625,10581458,-0.18449644382515507
2024-08-29,HDB,HDBank,17413.318359375,17766.7265625,17381.19140625,17573.958984375,13308528,1.1090584852295304
2024-08-30,HDB,HDBank,17638.21484375,17798.853515625,17541.830078125,17798.853515625,22866422,1.2797032896796567
2024-09-04,HDB,HDBank,17638.21484375,17670.341796875,17252.6796875,17413.318359375,13457620,-2.1660673588416945
2024-09-05,HDB,HDBank,17477.57421875,17477.57421875,17156.294921875,17316.935546875,9993963,-0.5535005477465993
2024-09-06,HDB,HDBank,17316.935546875,17349.0625,17156.294921875,17188.423828125,12294612,-0.7421158229880431
2024-09-09,HDB,HDBank,17220.55078125,17220.55078125,16802.888671875,17027.78515625,9829464,-0.9345747666062998
2024-09-10,HDB,HDBank,17092.0390625,17092.0390625,16770.76171875,16899.2734375,9777951,-0.7547177602415855
2024-09-11,HDB,HDBank,16899.2734375,16963.529296875,16674.376953125,16931.400390625,12410866,0.190108487467322
2024-09-12,HDB,HDBank,16995.65625,16995.65625,16802.888671875,16835.017578125,9072024,-0.569254818126963
2024-09-13,HDB,HDBank,16899.2734375,17027.78515625,16802.888671875,16963.529296875,8610274,0.7633595756798339
2024-09-16,HDB,HDBank,16963.529296875,16963.529296875,16738.6328125,16835.017578125,16427780,-0.7575765425988035
2024-09-17,HDB,HDBank,16867.14453125,17092.0390625,16706.505859375,17092.0390625,12022731,1.5267075497976679
2024-09-18,HDB,HDBank,17059.912109375,17188.423828125,16995.65625,17156.294921875,12857362,0.3759402792144151
2024-09-19,HDB,HDBank,17156.294921875,17284.806640625,17092.0390625,17252.6796875,18535761,0.5618040845293715
2024-09-20,HDB,HDBank,17284.806640625,17477.57421875,17252.6796875,17381.19140625,18235244,0.7448797582621847
2024-09-23,HDB,HDBank,17413.318359375,17445.447265625,17220.55078125,17349.0625,16096292,-0.1848486993730858
2024-09-24,HDB,HDBank,17349.0625,17381.19140625,17220.55078125,17349.0625,17427067,0.0
2024-09-25,HDB,HDBank,17413.318359375,17573.958984375,17349.0625,17509.703125,18267459,0.9259325972224675
2024-09-26,HDB,HDBank,17509.703125,18248.64453125,17477.57421875,18184.388671875,30640818,3.8532095150813683
2024-09-27,HDB,HDBank,18248.64453125,18377.15625,18055.876953125,18184.388671875,16411906,0.0
2024-09-30,HDB,HDBank,18248.64453125,18248.64453125,17830.982421875,18120.1328125,14620319,-0.3533572699883081
2024-10-01,HDB,HDBank,18120.1328125,18152.259765625,17895.23828125,17991.62109375,16703553,-0.7092206226068432
2024-10-02,HDB,HDBank,17927.365234375,17991.62109375,17638.21484375,17702.470703125,14240584,-1.6071391739427288
2024-10-03,HDB,HDBank,17734.59765625,17991.62109375,17670.341796875,17766.7265625,15336361,0.36297678698407054
2024-10-04,HDB,HDBank,17798.853515625,17798.853515625,17541.830078125,17541.830078125,13527497,-1.26582960335353
2024-10-07,HDB,HDBank,17541.830078125,17541.830078125,17156.294921875,17252.6796875,22341644,-1.648347916592674
2024-10-08,HDB,HDBank,17284.806640625,17670.341796875,17124.16796875,17477.57421875,19963181,1.3035339166062476
2024-10-09,HDB,HDBank,17509.703125,17509.703125,17284.806640625,17349.0625,27413094,-0.7352949393407915
2024-10-10,HDB,HDBank,17413.318359375,17702.470703125,17413.318359375,17638.21484375,21030634,1.666674171875271
2024-10-11,HDB,HDBank,17638.21484375,17638.21484375,17413.318359375,17573.958984375,11519428,-0.36429910818196465
2024-10-14,HDB,HDBank,17606.0859375,17638.21484375,17349.0625,17349.0625,20762642,-1.2797144034247254
2024-10-15,HDB,HDBank,17381.19140625,17477.57421875,17316.935546875,17445.447265625,12464557,0.5555618098960657
2024-10-16,HDB,HDBank,17381.19140625,17381.19140625,17124.16796875,17381.19140625,28390126,-0.3683245169736171
2024-10-17,HDB,HDBank,17349.0625,17349.0625,17092.0390625,17092.0390625,24556697,-1.663593346345782
2024-10-18,HDB,HDBank,17156.294921875,17349.0625,17124.16796875,17349.0625,16243205,1.5037611168576825
2024-10-21,HDB,HDBank,17349.0625,17381.19140625,17252.6796875,17316.935546875,11172534,-0.1851797647567377
2024-10-22,HDB,HDBank,17316.935546875,17349.0625,17156.294921875,17349.0625,17699261,0.18552331639760666
2024-10-23,HDB,HDBank,17349.0625,17349.0625,17092.0390625,17316.935546875,11146388,-0.1851797647567377
2024-10-24,HDB,HDBank,17316.935546875,17316.935546875,17092.0390625,17284.806640625,10916992,-0.1855345950964038
2024-10-25,HDB,HDBank,17284.806640625,17284.806640625,17124.16796875,17284.806640625,8989540,0.0
2024-10-28,HDB,HDBank,17252.6796875,17284.806640625,17027.78515625,17124.16796875,16201341,-0.9293634300626019
2024-10-29,HDB,HDBank,17188.423828125,17606.0859375,17156.294921875,17541.830078125,12760250,2.439021330187807
2024-10-30,HDB,HDBank,17541.830078125,17573.958984375,17381.19140625,17477.57421875,11724235,-0.3663007741428803
2024-10-31,HDB,HDBank,17477.57421875,17477.57421875,17284.806640625,17284.806640625,14101141,-1.1029424090111872
2024-11-01,HDB,HDBank,17284.806640625,17316.935546875,17059.912109375,17059.912109375,15614468,-1.3011110620203548
2024-11-04,HDB,HDBank,17092.0390625,17092.0390625,16738.6328125,16738.6328125,12558404,-1.8832412196217896
2024-11-05,HDB,HDBank,16706.505859375,16867.14453125,16642.25,16738.6328125,8840139,0.0
2024-11-06,HDB,HDBank,16738.6328125,16963.529296875,16738.6328125,16963.529296875,17694281,1.3435773811051765
2024-11-07,HDB,HDBank,16995.65625,17027.78515625,16835.017578125,16867.14453125,15337761,-0.568188163784733
2024-11-08,HDB,HDBank,16867.14453125,16867.14453125,16642.25,16867.14453125,15832814,0.0
2024-11-11,HDB,HDBank,16867.14453125,16867.14453125,16288.8427734375,16417.353515625,16739814,-2.6666696001309886
2024-11-12,HDB,HDBank,16256.71484375,16642.25,16256.71484375,16577.994140625,12047163,0.9784806354270925
2024-11-13,HDB,HDBank,16513.73828125,16674.376953125,16385.2265625,16481.609375,11415625,-0.5814018560231338
2024-11-14,HDB,HDBank,16481.609375,16481.609375,16192.458984375,16224.5869140625,12067083,-1.5594500214727969
2024-11-15,HDB,HDBank,16224.5869140625,16224.5869140625,15806.923828125,15871.1796875,27833134,-2.1782201817180824
2024-11-18,HDB,HDBank,15839.0517578125,15999.69140625,15582.029296875,15774.7958984375,27835001,-0.6072881219939208
2024-11-19,HDB,HDBank,15806.923828125,15967.5634765625,15710.5400390625,15839.0517578125,26467809,0.4073324294570746
2024-11-20,HDB,HDBank,15806.923828125,15967.5634765625,15614.1572265625,15839.0517578125,17463017,0.0
2024-11-21,HDB,HDBank,15839.0517578125,15935.435546875,15678.4130859375,15935.435546875,12609291,0.6085199451094647
2024-11-22,HDB,HDBank,15935.435546875,15999.69140625,15839.0517578125,15871.1796875,15017012,-0.40322625124357137
2024-11-25,HDB,HDBank,15871.1796875,15935.435546875,15839.0517578125,15871.1796875,14484453,0.0
2024-11-26,HDB,HDBank,15871.1796875,16192.458984375,15839.0517578125,16096.0751953125,15622872,1.4170056179858337
2024-11-27,HDB,HDBank,16096.0751953125,16288.8427734375,16063.947265625,16160.3310546875,13555976,0.39920203276455624
2024-11-28,HDB,HDBank,16192.458984375,16417.353515625,16031.8193359375,16256.71484375,14707312,0.5964221199202591
2024-11-29,HDB,HDBank,16288.8427734375,16385.2265625,16160.3310546875,16288.8427734375,9433858,0.1976286721905085
2024-12-02,HDB,HDBank,16320.970703125,16385.2265625,16224.5869140625,16320.970703125,11458578,0.19723887162745868
2024-12-03,HDB,HDBank,16642.25,16802.888671875,16449.482421875,16738.6328125,25110733,2.5590518907985693
2024-12-04,HDB,HDBank,16738.6328125,16802.888671875,16577.994140625,16642.25,15338228,-0.5758105430691107
2024-12-05,HDB,HDBank,16674.376953125,17156.294921875,16642.25,17156.294921875,18098602,3.088794615361512
2024-12-06,HDB,HDBank,17188.423828125,17284.806640625,17059.912109375,17252.6796875,11837688,0.5618040845293715
2024-12-09,HDB,HDBank,17284.806640625,17413.318359375,17156.294921875,17349.0625,21090239,0.558654158344063
2024-12-10,HDB,HDBank,17349.0625,17991.62109375,17316.935546875,17991.62109375,37642055,3.7037078732640394
2024-12-11,HDB,HDBank,18197.240234375,18274.345703125,17965.91796875,18197.240234375,27434752,1.1428605546635717
2024-12-12,HDB,HDBank,18235.79296875,18467.11328125,18235.79296875,18428.560546875,18020036,1.271183484532079
2024-12-13,HDB,HDBank,18467.11328125,18505.66796875,18004.47265625,18274.345703125,19089978,-0.8368252276554022
2024-12-16,HDB,HDBank,18235.79296875,18312.900390625,18120.1328125,18312.900390625,12476048,0.21097711582311884
2024-12-17,HDB,HDBank,18390.0078125,18428.560546875,18235.79296875,18351.453125,17505556,0.21052227420368386
2024-12-18,HDB,HDBank,18351.453125,18505.66796875,18235.79296875,18351.453125,15136768,0.0
2024-12-19,HDB,HDBank,18197.240234375,18197.240234375,17888.8125,18120.1328125,18061277,-1.260501339727016
2024-12-20,HDB,HDBank,18120.1328125,18197.240234375,17850.2578125,18043.025390625,11777408,-0.4255345293154189
2024-12-23,HDB,HDBank,18120.1328125,18120.1328125,17927.365234375,18043.025390625,11579633,0.0
2024-12-24,HDB,HDBank,18043.025390625,18043.025390625,17773.150390625,18043.025390625,10919379,0.0
2024-12-25,HDB,HDBank,18081.580078125,18467.11328125,18043.025390625,18428.560546875,15058305,2.1367544960077423
2024-12-26,HDB,HDBank,18428.560546875,18621.328125,18274.345703125,18621.328125,19243920,1.0460262353897631
2024-12-27,HDB,HDBank,18621.328125,19238.18359375,18582.7734375,19238.18359375,23131638,3.3126287481172856
2024-12-30,HDB,HDBank,19238.18359375,20549.001953125,18814.095703125,20549.001953125,20360292,6.813628495576118
2024-12-31,HDB,HDBank,20317.6796875,20317.6796875,19469.50390625,19662.271484375,14064232,-4.315199690830484
2025-01-02,HDB,HDBank,19623.71875,19662.271484375,18852.6484375,19353.84375,20939358,-1.5686271782998085
2025-01-03,HDB,HDBank,19276.736328125,19276.736328125,18698.435546875,18852.6484375,12388377,-2.5896422383796525
2025-01-06,HDB,HDBank,18852.6484375,18968.30859375,18621.328125,18891.201171875,8335824,0.20449505809652102
2025-01-07,HDB,HDBank,18929.755859375,18929.755859375,18582.7734375,18698.435546875,13614207,-1.0203989849358441
2025-01-08,HDB,HDBank,18659.880859375,18698.435546875,17927.365234375,17965.91796875,26652073,-3.9175340433623806
2025-01-09,HDB,HDBank,17811.705078125,17965.91796875,17194.849609375,17233.40234375,24179273,-4.077251305912344
2025-01-10,HDB,HDBank,17194.849609375,17233.40234375,16655.1015625,16655.1015625,21209891,-3.3556970916989615
2025-01-13,HDB,HDBank,16346.6728515625,16847.8671875,16346.6728515625,16732.20703125,21876238,0.4629540592151482
2025-01-14,HDB,HDBank,16770.76171875,16809.314453125,16269.5654296875,16308.119140625,17972310,-2.5345603830561614
2025-01-15,HDB,HDBank,16308.119140625,16693.654296875,16308.119140625,16693.654296875,17256421,2.3640687986488773
2025-01-16,HDB,HDBank,16732.20703125,16847.8671875,16539.439453125,16732.20703125,19471500,0.2309424508821767
2025-01-17,HDB,HDBank,16655.1015625,17349.0625,16500.88671875,17349.0625,23141883,3.6866354067812246
2025-01-20,HDB,HDBank,17349.0625,17811.705078125,16963.529296875,17734.59765625,41325121,2.2222247239584325
2025-01-21,HDB,HDBank,17927.365234375,18004.47265625,17233.40234375,17464.72265625,35941767,-1.5217430089534134
2025-01-22,HDB,HDBank,17503.27734375,17503.27734375,16963.529296875,16963.529296875,45916744,-2.8697470279932635
2025-01-23,HDB,HDBank,16924.974609375,17696.044921875,16886.421875,17271.95703125,32761120,1.8181813995028717
2025-01-24,HDB,HDBank,17310.509765625,17850.2578125,17310.509765625,17464.72265625,16041096,1.1160612815978466
2025-02-03,HDB,HDBank,17349.0625,17387.6171875,17040.634765625,17271.95703125,12227043,-1.103742835166155
2025-02-04,HDB,HDBank,17310.509765625,17580.384765625,17271.95703125,17426.169921875,13010500,0.8928512868922933
2025-02-05,HDB,HDBank,17426.169921875,17580.384765625,17387.6171875,17426.169921875,11739279,0.0
2025-02-06,HDB,HDBank,17503.27734375,17773.150390625,17464.72265625,17696.044921875,20282867,1.5486765090086063
2025-02-07,HDB,HDBank,17811.705078125,17811.705078125,17618.9375,17657.490234375,13258597,-0.21787177683042502
2025-02-10,HDB,HDBank,17349.0625,17618.9375,17349.0625,17426.169921875,12870565,-1.3100407216970922
2025-02-11,HDB,HDBank,17541.830078125,17618.9375,17349.0625,17387.6171875,16918190,-0.22123469785867433
2025-02-12,HDB,HDBank,17503.27734375,17580.384765625,17387.6171875,17387.6171875,13788511,0.0
2025-02-13,HDB,HDBank,17387.6171875,17503.27734375,17349.0625,17503.27734375,12532722,0.66518692586095
2025-02-14,HDB,HDBank,17618.9375,17657.490234375,17541.830078125,17618.9375,11404419,0.6607914276768323
2025-02-17,HDB,HDBank,17696.044921875,17696.044921875,17426.169921875,17464.72265625,13688001,-0.8752789079931711
2025-02-18,HDB,HDBank,17464.72265625,17580.384765625,17426.169921875,17503.27734375,11421538,0.2207575136396578
2025-02-19,HDB,HDBank,17503.27734375,17618.9375,17426.169921875,17580.384765625,12945137,0.44053133799273336
2025-02-20,HDB,HDBank,17618.9375,17657.490234375,17541.830078125,17618.9375,15488098,0.2192940307562674
2025-02-21,HDB,HDBank,17618.9375,17888.8125,17580.384765625,17773.150390625,16032277,0.8752678226198407
2025-02-24,HDB,HDBank,17734.59765625,18120.1328125,17657.490234375,18081.580078125,23779180,1.73536869221953
2025-02-25,HDB,HDBank,18120.1328125,18120.1328125,17773.150390625,17888.8125,20972429,-1.066099186531877
2025-02-26,HDB,HDBank,17927.365234375,17965.91796875,17773.150390625,17773.150390625,12697171,-0.6465611363247303
2025-02-27,HDB,HDBank,17773.150390625,17888.8125,17618.9375,17888.8125,12786785,0.6507687541765783
2025-02-28,HDB,HDBank,17850.2578125,17888.8125,17580.384765625,17773.150390625,16250286,-0.6465611363247303
2025-03-03,HDB,HDBank,17773.150390625,17811.705078125,17618.9375,17734.59765625,12873548,-0.21691559193318666
2025-03-04,HDB,HDBank,17657.490234375,17734.59765625,17541.830078125,17696.044921875,14453561,-0.2173871385315218
2025-03-05,HDB,HDBank,17657.490234375,17965.91796875,17657.490234375,17657.490234375,17559118,-0.21787177683042502
2025-03-06,HDB,HDBank,17657.490234375,17773.150390625,17618.9375,17773.150390625,17833153,0.6550203608485461
2025-03-07,HDB,HDBank,17773.150390625,18197.240234375,17734.59765625,18043.025390625,33332923,1.5184421110978397
2025-03-10,HDB,HDBank,18158.685546875,18428.560546875,18120.1328125,18274.345703125,20558847,1.2820483676766914
2025-03-11,HDB,HDBank,18120.1328125,18351.453125,17965.91796875,18351.453125,12167515,0.4219435438491015
2025-03-12,HDB,HDBank,18428.560546875,18467.11328125,18158.685546875,18235.79296875,12351934,-0.630250669863508
2025-03-13,HDB,HDBank,18274.345703125,18274.345703125,17811.705078125,17850.2578125,17330215,-2.1141672145032375
2025-03-14,HDB,HDBank,17850.2578125,18004.47265625,17773.150390625,17888.8125,9490973,0.21598952746217925
2025-03-17,HDB,HDBank,17927.365234375,18158.685546875,17850.2578125,18043.025390625,10880342,0.8620633182051529
2025-03-18,HDB,HDBank,18081.580078125,18120.1328125,17888.8125,17927.365234375,10953876,-0.6410241838383457
2025-03-19,HDB,HDBank,17888.8125,18004.47265625,17734.59765625,17773.150390625,17044508,-0.8602203488011662
2025-03-20,HDB,HDBank,17927.365234375,18158.685546875,17696.044921875,17811.705078125,14900084,0.21692658112169028
2025-03-21,HDB,HDBank,17811.705078125,17850.2578125,17696.044921875,17734.59765625,11863911,-0.432903091179615
2025-03-24,HDB,HDBank,17734.59765625,17773.150390625,17387.6171875,17464.72265625,17054624,-1.5217430089534134
2025-03-25,HDB,HDBank,17503.27734375,17696.044921875,17464.72265625,17541.830078125,35449464,0.44150384402128484
2025-03-26,HDB,HDBank,17580.384765625,17773.150390625,17426.169921875,17541.830078125,24414012,0.0
2025-03-27,HDB,HDBank,17503.27734375,17541.830078125,17349.0625,17464.72265625,16837263,-0.4395631557915669
2025-03-28,HDB,HDBank,17426.169921875,17464.72265625,17156.294921875,17156.294921875,18331681,-1.7660041928270975
2025-03-31,HDB,HDBank,17040.634765625,17117.7421875,16963.529296875,17040.634765625,10861796,-0.6741557939909715
2025-04-01,HDB,HDBank,17117.7421875,17310.509765625,17002.08203125,17310.509765625,20531353,1.583714478432463
2025-04-02,HDB,HDBank,17310.509765625,17503.27734375,17194.849609375,17310.509765625,54310916,0.0
2025-04-03,HDB,HDBank,16809.314453125,16924.974609375,16115.3515625,16115.3515625,43007927,-6.904234591047864
2025-04-04,HDB,HDBank,15035.8544921875,16269.5654296875,15035.8544921875,16038.2451171875,51276702,-0.4784657971218298
2025-04-08,HDB,HDBank,15729.8173828125,15884.03125,14920.1943359375,14920.1943359375,38463330,-6.97115409498158
2025-04-09,HDB,HDBank,13917.8037109375,15151.515625,13879.2509765625,14033.46484375,46668298,-5.943149748738064
2025-04-10,HDB,HDBank,14997.30078125,14997.30078125,14997.30078125,14997.30078125,23457056,6.868125215201282
2025-04-11,HDB,HDBank,15961.1376953125,16038.2451171875,15344.2822265625,15961.1376953125,23955947,6.426735904820369
2025-04-14,HDB,HDBank,16423.779296875,16423.779296875,16153.9052734375,16192.458984375,24720989,1.4492781998267867
2025-04-15,HDB,HDBank,15999.69140625,16231.0126953125,15806.923828125,15845.4775390625,20793327,-2.142858262894609
2025-04-16,HDB,HDBank,15884.03125,16076.798828125,15768.37109375,15922.5849609375,17303758,0.48662100391050345
2025-04-17,HDB,HDBank,15884.03125,15961.1376953125,15691.263671875,15961.1376953125,19015147,0.24212610244869204
2025-04-18,HDB,HDBank,16038.2451171875,16153.9052734375,16038.2451171875,16038.2451171875,16015807,0.483094772734427
2025-04-21,HDB,HDBank,16038.2451171875,16115.3515625,15729.8173828125,15729.8173828125,19918257,-1.923076571790705
2025-04-22,HDB,HDBank,15652.7099609375,15729.8173828125,14765.98046875,15652.7099609375,23943497,-0.49019909130828543
2025-04-23,HDB,HDBank,15806.923828125,15999.69140625,15691.263671875,15691.263671875,16306611,0.24630694003602294
2025-04-24,HDB,HDBank,16038.2451171875,16385.2265625,15961.1376953125,16385.2265625,22518852,4.422606777482541
2025-04-25,HDB,HDBank,16385.2265625,16423.779296875,16115.3515625,16385.2265625,18893887,0.0
2025-04-28,HDB,HDBank,16500.88671875,16577.994140625,16269.5654296875,16577.994140625,12172573,1.1764718503568083
2025-04-29,HDB,HDBank,16539.439453125,16616.546875,16346.6728515625,16539.439453125,16777865,-0.23256545498179237
2025-05-05,HDB,HDBank,16577.994140625,16616.546875,16308.119140625,16346.6728515625,17189333,-1.1654965823287178
2025-05-06,HDB,HDBank,16385.2265625,16577.994140625,16308.119140625,16385.2265625,10103267,0.23585050785313033
2025-05-07,HDB,HDBank,16308.119140625,16423.779296875,16115.3515625,16153.9052734375,15265874,-1.4117674124318302
2025-05-08,HDB,HDBank,16192.458984375,16500.88671875,16153.9052734375,16385.2265625,15341769,1.4319836915403394
2025-05-09,HDB,HDBank,16385.2265625,16423.779296875,16269.5654296875,16346.6728515625,13816692,-0.2352955620750219
2025-05-12,HDB,HDBank,16308.119140625,16577.994140625,16308.119140625,16577.994140625,15267560,1.4150970730437695
2025-05-13,HDB,HDBank,16655.1015625,17040.634765625,16655.1015625,16809.314453125,20698524,1.3953456041653434
2025-05-14,HDB,HDBank,16847.8671875,17156.294921875,16847.8671875,17117.7421875,17933520,1.8348620655237902
2025-05-15,HDB,HDBank,17079.189453125,17271.95703125,16924.974609375,17156.294921875,16469229,0.22522090794867555
2025-05-16,HDB,HDBank,17156.294921875,17194.849609375,16924.974609375,16924.974609375,12078870,-1.348311587981954
2025-05-19,HDB,HDBank,16847.8671875,17194.849609375,16693.654296875,16963.529296875,25611401,0.22779760909446
2025-05-20,HDB,HDBank,16963.529296875,17271.95703125,16963.529296875,17194.849609375,19747260,1.363633171209333
2025-05-21,HDB,HDBank,17194.849609375,17503.27734375,17117.7421875,17271.95703125,24509205,0.44843324382994876
2025-05-22,HDB,HDBank,17117.7421875,17233.40234375,17002.08203125,17002.08203125,22164915,-1.5625038871490804
2025-05-23,HDB,HDBank,17040.634765625,17156.294921875,16963.529296875,17040.634765625,19515517,0.22675301944867776
2025-05-26,HDB,HDBank,17117.7421875,17426.169921875,17079.189453125,17426.169921875,29009992,2.2624459801680485
2025-05-27,HDB,HDBank,17426.169921875,17541.830078125,17349.0625,17426.169921875,12548583,0.0
2025-05-28,HDB,HDBank,17464.72265625,17503.27734375,17156.294921875,17156.294921875,17501107,-1.5486765090085952
2025-05-29,HDB,HDBank,17194.849609375,17387.6171875,17002.08203125,17002.08203125,17802753,-0.8988705972195254
2025-05-30,HDB,HDBank,17040.634765625,17079.189453125,16732.20703125,16732.20703125,38794779,-1.5873055988317564
2025-06-02,HDB,HDBank,16616.546875,16770.76171875,16500.88671875,16655.1015625,13867401,-0.46082067121206993
2025-06-03,HDB,HDBank,16693.654296875,17002.08203125,16655.1015625,16847.8671875,28168395,1.1573968749252428
2025-06-04,HDB,HDBank,16924.974609375,16963.529296875,16770.76171875,16847.8671875,10168357,0.0
2025-06-05,HDB,HDBank,16847.8671875,16886.421875,16616.546875,16693.654296875,15108366,-0.9153258920477247
2025-06-06,HDB,HDBank,16616.546875,16809.314453125,16539.439453125,16809.314453125,13178501,0.6928390524515216
2025-06-09,HDB,HDBank,16809.314453125,16809.314453125,16539.439453125,16539.439453125,10041034,-1.6055086645715533
2025-06-10,HDB,HDBank,16577.994140625,16770.76171875,16500.88671875,16577.994140625,10985671,0.23310758269208254
2025-06-11,HDB,HDBank,16616.546875,16616.546875,16462.333984375,16500.88671875,11015611,-0.46511912853223203
2025-06-12,HDB,HDBank,16577.994140625,16809.314453125,16539.439453125,16770.76171875,12690497,1.6355181669924557
2025-06-13,HDB,HDBank,16655.1015625,16770.76171875,16462.333984375,16655.1015625,16094256,-0.6896535660672498
2025-06-16,HDB,HDBank,16616.546875,16847.8671875,16539.439453125,16770.76171875,14379274,0.6944428157100946
2025-06-17,HDB,HDBank,16847.8671875,16924.974609375,16732.20703125,16886.421875,16971648,0.6896535660672498
2025-06-18,HDB,HDBank,16886.421875,17040.634765625,16809.314453125,16924.974609375,22371836,0.22830611872890483
2025-06-19,HDB,HDBank,16963.529296875,17079.189453125,16847.8671875,16963.529296875,10612090,0.22779760909446
2025-06-20,HDB,HDBank,17002.08203125,17233.40234375,16924.974609375,17079.189453125,23476081,0.6818165856046665
2025-06-23,HDB,HDBank,16963.529296875,17040.634765625,16847.8671875,16924.974609375,19299726,-0.9029400614897654
2025-06-24,HDB,HDBank,17040.634765625,17117.7421875,16886.421875,16924.974609375,32821491,0.0
2025-06-25,HDB,HDBank,16963.529296875,17002.08203125,16809.314453125,16809.314453125,15229743,-0.6833697474850853
2025-06-26,HDB,HDBank,16847.8671875,16886.421875,16655.1015625,16732.20703125,77270106,-0.4587184212064388
2025-06-27,HDB,HDBank,16770.76171875,16886.421875,16655.1015625,16809.314453125,13148854,0.4608323440595141
2025-06-30,HDB,HDBank,16809.314453125,16886.421875,16770.76171875,16809.314453125,10847756,0.0
2025-07-01,HDB,HDBank,16847.8671875,17194.849609375,16809.314453125,17040.634765625,51827677,1.3761436443173736
2025-07-02,HDB,HDBank,17079.189453125,17349.0625,17002.08203125,17194.849609375,25102977,0.9049829766968998
2025-07-03,HDB,HDBank,17194.849609375,17541.830078125,17117.7421875,17387.6171875,29489703,1.1210774301852577
2025-07-04,HDB,HDBank,17464.72265625,17580.384765625,17271.95703125,17387.6171875,17132412,0.0
2025-07-07,HDB,HDBank,17464.72265625,17965.91796875,17426.169921875,17965.91796875,35788565,3.3259346293047054
2025-07-08,HDB,HDBank,18043.025390625,18158.685546875,17927.365234375,18120.1328125,22483499,0.8583744177071306
2025-07-09,HDB,HDBank,18197.240234375,19045.416015625,18120.1328125,18659.880859375,51583406,2.9787201476948244
2025-07-10,HDB,HDBank,18775.541015625,18814.095703125,18544.220703125,18775.541015625,23863971,0.619833305055062
2025-07-11,HDB,HDBank,18775.541015625,18852.6484375,18467.11328125,18852.6484375,25877836,0.4106801599529364
2025-07-14,HDB,HDBank,18891.201171875,18891.201171875,18544.220703125,18814.095703125,22157627,-0.20449505809653212
2025-07-15,HDB,HDBank,18814.095703125,19083.96875,18621.328125,18621.328125,56553230,-1.0245912488527464
2025-07-16,HDB,HDBank,18621.328125,18736.98828125,18582.7734375,18698.435546875,26006242,0.41408121567589884
2025-07-17,HDB,HDBank,18775.541015625,18852.6484375,18621.328125,18775.541015625,27719875,0.41236320844439955
2025-07-18,HDB,HDBank,18852.6484375,18891.201171875,18582.7734375,18814.095703125,26913839,0.2053452812247336
2025-07-21,HDB,HDBank,18891.201171875,19006.86328125,18736.98828125,18891.201171875,27285790,0.4098281945976945
2025-07-22,HDB,HDBank,18891.201171875,19623.71875,18775.541015625,19623.71875,43238075,3.8775595657494
2025-07-23,HDB,HDBank,19816.486328125,20587.5546875,19777.931640625,20433.341796875,46304232,4.125737110225347
2025-07-24,HDB,HDBank,20934.537109375,21859.8203125,20703.21484375,21281.517578125,96318467,4.15094011386683
2025-07-25,HDB,HDBank,21281.517578125,21898.373046875,21127.302734375,21782.712890625,34373543,2.3550731786870838
2025-07-28,HDB,HDBank,21859.8203125,22553.78125,21512.837890625,21936.92578125,34428700,0.7079599836775641
2025-07-29,HDB,HDBank,21898.373046875,21898.373046875,20433.341796875,20433.341796875,49085628,-6.854123496466169
2025-07-30,HDB,HDBank,20433.341796875,20664.662109375,19855.0390625,20549.001953125,27362527,0.5660364192982215
2025-07-31,HDB,HDBank,20934.537109375,21320.0703125,20009.251953125,20394.787109375,43031972,-0.7504736439355231
2025-08-01,HDB,HDBank,20394.787109375,20934.537109375,20356.234375,20818.875,30515512,2.0793935643979244
2025-08-04,HDB,HDBank,20857.4296875,21589.9453125,20741.76953125,21589.9453125,29582704,3.7037078732640394
2025-08-05,HDB,HDBank,22129.693359375,22438.12109375,20818.875,21512.837890625,46871651,-0.3571450541394183
2025-08-06,HDB,HDBank,21975.48046875,22052.587890625,21589.9453125,21782.712890625,22948048,1.254483492006453
2025-08-07,HDB,HDBank,22129.693359375,22129.693359375,21551.392578125,21975.48046875,42085727,0.8849567043963891
2025-08-08,HDB,HDBank,22052.587890625,22129.693359375,21512.837890625,21628.498046875,33352364,-1.5789526075137394
2025-08-11,HDB,HDBank,21859.8203125,21859.8203125,21512.837890625,21512.837890625,38452553,-0.5347581510252497
2025-08-12,HDB,HDBank,21589.9453125,22322.4609375,21512.837890625,22283.908203125,40681677,3.5842333606577403
2025-08-13,HDB,HDBank,22669.443359375,22707.99609375,21936.92578125,22322.4609375,39210344,0.17300705972929098
2025-08-14,HDB,HDBank,23054.9765625,23864.599609375,22515.228515625,23864.599609375,85739213,6.908461733644811
2025-08-15,HDB,HDBank,24404.349609375,24442.90234375,23440.51171875,23903.154296875,48876633,0.16155597886022832
2025-08-18,HDB,HDBank,24057.3671875,24057.3671875,23132.083984375,23517.619140625,37163849,-1.6129049390791184
2025-08-19,HDB,HDBank,23826.046875,25136.865234375,23633.279296875,25059.7578125,50134548,6.557375823860778
2025-08-20,HDB,HDBank,25136.865234375,25252.525390625,23864.599609375,24558.5625,40459726,-2.0000006235096124
2025-08-21,HDB,HDBank,24674.22265625,26177.80859375,24674.22265625,25638.060546875,50514280,4.395607629212828
2025-08-22,HDB,HDBank,25638.060546875,25638.060546875,24288.6875,24944.09765625,40059814,-2.706768280526528
2025-08-25,HDB,HDBank,25368.185546875,25368.185546875,23556.171875,24134.474609375,30628135,-3.245749988763935
2025-08-26,HDB,HDBank,24134.474609375,24905.544921875,23864.599609375,24905.544921875,17129507,3.194891643510145
2025-08-27,HDB,HDBank,25368.185546875,25445.29296875,24712.77734375,25021.205078125,22074379,0.4643952044125488
2025-08-28,HDB,HDBank,25059.7578125,25098.310546875,24481.455078125,25059.7578125,30288606,0.1540802461537094
2025-08-29,HDB,HDBank,25368.185546875,26062.1484375,25213.97265625,25792.2734375,38193315,2.923075436246303
2025-09-03,HDB,HDBank,25830.828125,25869.380859375,25445.29296875,25522.400390625,19604822,-1.046332916440884
2025-09-04,HDB,HDBank,25560.953125,25599.505859375,25098.310546875,25560.953125,27350998,0.15105450030148404
2025-09-05,HDB,HDBank,25830.828125,25869.380859375,24597.115234375,24905.544921875,29644254,-2.564099233388817
2025-09-08,HDB,HDBank,24597.115234375,24635.669921875,23517.619140625,23826.046875,40384441,-4.334368311399029
2025-09-09,HDB,HDBank,23671.83203125,24327.2421875,23556.171875,24327.2421875,21091718,2.1035605072442287
2025-09-10,HDB,HDBank,24365.794921875,24404.349609375,23864.599609375,24365.794921875,19419962,0.1584755644633118
2025-09-11,HDB,HDBank,24057.3671875,24365.794921875,23517.619140625,24288.6875,17182018,-0.31645764943123433
2025-09-12,HDB,HDBank,24288.6875,24327.2421875,23941.70703125,24288.6875,16429155,0.0
2025-09-15,HDB,HDBank,24288.6875,24365.794921875,23941.70703125,24095.921875,22399512,-0.7936436458330642
2025-09-16,HDB,HDBank,24211.58203125,24327.2421875,23826.046875,24134.474609375,23869288,0.15999692634711682
2025-09-17,HDB,HDBank,24057.3671875,24095.921875,23826.046875,23826.046875,12286433,-1.2779550388687166
2025-09-18,HDB,HDBank,23864.599609375,23864.599609375,23286.298828125,23671.83203125,18289026,-0.647253170276485
2025-09-19,HDB,HDBank,23594.7265625,23594.7265625,23132.083984375,23286.298828125,20619737,-1.628658071821587
2025-09-22,HDB,HDBank,23286.298828125,23286.298828125,22361.015625,22361.015625,26588161,-3.9735091005851486
2025-09-23,HDB,HDBank,22399.568359375,22592.3359375,22129.693359375,22129.693359375,15688936,-1.0344890836102127
2025-09-24,HDB,HDBank,22206.80078125,23671.83203125,21782.712890625,23671.83203125,32504373,6.968640038664109
2025-09-25,HDB,HDBank,24288.6875,24365.794921875,23826.046875,23903.154296875,20855812,0.9772047441010123
2025-09-26,HDB,HDBank,23903.154296875,23941.70703125,23247.744140625,23247.744140625,16212391,-2.74194003063305
2025-09-29,HDB,HDBank,23247.744140625,23980.259765625,22977.87109375,23826.046875,17781458,2.4875649477078765
2025-09-30,HDB,HDBank,23671.83203125,23903.154296875,23247.744140625,23903.154296875,19401014,0.32362658513824805
2025-10-01,HDB,HDBank,23903.154296875,23980.259765625,23671.83203125,23826.046875,13942336,-0.3225826220143668
2025-10-02,HDB,HDBank,23903.154296875,24134.474609375,23594.7265625,23787.494140625,18381417,-0.16180919385100356
2025-10-03,HDB,HDBank,23748.939453125,23787.494140625,23286.298828125,23286.298828125,12419616,-2.1069697780567997
2025-10-06,HDB,HDBank,23517.619140625,24520.009765625,23401.958984375,24288.6875,45106519,4.304628568385138
2025-10-07,HDB,HDBank,24481.455078125,24481.455078125,24018.814453125,24134.474609375,27491349,-0.634916524925444
2025-10-08,HDB,HDBank,24442.90234375,24442.90234375,23903.154296875,24250.134765625,25620324,0.4792321279911915
2025-10-09,HDB,HDBank,24250.134765625,24558.5625,24057.3671875,24404.349609375,24448056,0.6359339658953189
2025-10-10,HDB,HDBank,24597.115234375,24635.669921875,24442.90234375,24558.5625,19836902,0.6319073980392442
2025-10-13,HDB,HDBank,24250.134765625,25175.41796875,24173.02734375,25175.41796875,50458332,2.5117735158562304
2025-10-14,HDB,HDBank,25368.185546875,25792.2734375,24751.330078125,25175.41796875,46720666,0.0
2025-10-15,HDB,HDBank,25136.865234375,25907.93359375,25059.7578125,25522.400390625,40438677,1.3782588329048107
2025-10-16,HDB,HDBank,25638.060546875,25753.720703125,25368.185546875,25753.720703125,35981932,0.9063423069915144
2025-10-17,HDB,HDBank,25869.380859375,25869.380859375,25059.7578125,25059.7578125,27930440,-2.6946121635185505
2025-10-20,HDB,HDBank,24674.22265625,24828.4375,23324.8515625,23324.8515625,50353997,-6.923076683265528
2025-10-21,HDB,HDBank,23440.51171875,24944.09765625,23440.51171875,24944.09765625,41514080,6.942149618449478
2025-10-22,HDB,HDBank,25059.7578125,25098.310546875,24442.90234375,25059.7578125,24570133,0.46367745125075466
2025-10-23,HDB,HDBank,25021.205078125,26409.12890625,24982.650390625,25445.29296875,64333917,1.5384632171412838
2025-10-24,HDB,HDBank,25252.525390625,25483.845703125,24674.22265625,25213.97265625,25580561,-0.9090888156960464
2025-10-27,HDB,HDBank,25406.73828125,25406.73828125,23980.259765625,23980.259765625,30949934,-4.89297306475499
2025-10-28,HDB,HDBank,23556.171875,24828.4375,23556.171875,24828.4375,27088674,3.536983096366786
2025-10-29,HDB,HDBank,25021.205078125,26293.46875,24944.09765625,25753.720703125,45073253,3.7267073416319407
2025-10-30,HDB,HDBank,25792.2734375,26486.236328125,25599.505859375,25753.720703125,30857232,0.0
2025-10-31,HDB,HDBank,25869.380859375,25869.380859375,24674.22265625,24674.22265625,32404745,-4.191619763679477
2025-11-03,HDB,HDBank,24674.22265625,24751.330078125,23517.619140625,23556.171875,34562800,-4.531250272100451
2025-11-04,HDB,HDBank,23556.171875,23980.259765625,22553.78125,23980.259765625,44811811,1.8003260159392909
2025-11-05,HDB,HDBank,23980.259765625,24520.009765625,23748.939453125,23941.70703125,12305642,-0.16076862699487826
2025-11-06,HDB,HDBank,23980.259765625,23980.259765625,23170.63671875,23209.19140625,17737078,-3.0595797703308336
2025-11-07,HDB,HDBank,23093.53125,23247.744140625,22553.78125,23132.083984375,29433832,-0.3322279545431961
2025-11-10,HDB,HDBank,23054.9765625,23170.63671875,22592.3359375,22823.65625,22014267,-1.3333331081770816
2025-11-11,HDB,HDBank,22823.65625,22900.763671875,22399.568359375,22823.65625,20868054,0.0
2025-11-12,HDB,HDBank,22900.763671875,23209.19140625,22592.3359375,23132.083984375,24107282,1.3513511200686779
2025-11-13,HDB,HDBank,23132.083984375,23247.744140625,22900.763671875,23093.53125,15672349,-0.16666347226234057
2025-11-14,HDB,HDBank,23016.423828125,23132.083984375,22746.548828125,23016.423828125,36679535,-0.3338918636577093
2025-11-17,HDB,HDBank,23132.083984375,23517.619140625,22977.87109375,23170.63671875,23542249,0.6700123867051877
2025-11-18,HDB,HDBank,23247.744140625,23517.619140625,23132.083984375,23479.06640625,26245728,1.3311230556319442
2025-11-19,HDB,HDBank,23517.619140625,24288.6875,23132.083984375,24134.474609375,32477242,2.7914576831322924
2025-11-20,HDB,HDBank,24211.58203125,24597.115234375,24057.3671875,24520.009765625,31229416,1.5974458217550724
2025-11-21,HDB,HDBank,24404.349609375,24558.5625,23903.154296875,24057.3671875,63163854,-1.8867960598188072
2025-11-24,HDB,HDBank,24134.474609375,24674.22265625,23941.70703125,23980.259765625,23223393,-0.3205147981241496
2025-11-25,HDB,HDBank,24095.921875,24751.330078125,24095.921875,24520.009765625,74309218,2.250809646247931
2025-11-26,HDB,HDBank,24520.009765625,24905.544921875,24365.794921875,24905.544921875,18991972,1.5723287222768167
2025-11-27,HDB,HDBank,25021.205078125,25021.205078125,24365.794921875,24674.22265625,16479319,-0.9287982509542547
2025-11-28,HDB,HDBank,24597.115234375,24674.22265625,24250.134765625,24674.22265625,18731515,0.0
2025-12-01,HDB,HDBank,24712.77734375,24712.77734375,24250.134765625,24288.6875,9903676,-1.5625017315483491
2025-12-02,HDB,HDBank,24288.6875,24674.22265625,23864.599609375,24674.22265625,21445551,1.5873033742560105
2025-12-03,HDB,HDBank,24674.22265625,25059.7578125,24481.455078125,24866.990234375,25425439,0.7812508657741635
2025-12-04,HDB,HDBank,25291.078125,25522.400390625,24982.650390625,25406.73828125,19630449,2.1705403098155163
2025-12-05,HDB,HDBank,25445.29296875,25445.29296875,25021.205078125,25406.73828125,11943012,0.0
2025-12-08,HDB,HDBank,25329.6328125,25406.73828125,24982.650390625,25252.525390625,13123240,-0.606976341936849
2025-12-09,HDB,HDBank,25175.41796875,25175.41796875,24288.6875,24288.6875,29694120,-3.8167980260018886
2025-12-10,HDB,HDBank,24905.544921875,25445.29296875,24365.794921875,24789.8828125,33302057,2.0634927782738455
2025-12-11,HDB,HDBank,24828.4375,24866.990234375,24365.794921875,24481.455078125,9136670,-1.2441677788790462
2025-12-12,HDB,HDBank,24520.009765625,24597.115234375,23286.298828125,23286.298828125,22815207,-4.881884047275897
2025-12-15,HDB,HDBank,23324.8515625,23440.51171875,23054.9765625,23132.083984375,20748130,-0.6622557104856042
2025-12-16,HDB,HDBank,23170.63671875,24751.330078125,23016.423828125,24751.330078125,28567270,7.000000928769534
2025-12-17,HDB,HDBank,24674.22265625,25098.310546875,24442.90234375,24751.330078125,41474044,0.0
2025-12-18,HDB,HDBank,25000.0,26000.0,24750.0,25600.0,32982840,3.4287851165826666
2025-12-19,HDB,HDBank,25600.0,26000.0,25450.0,25950.0,21307370,1.3671875
2025-12-22,HDB,HDBank,26000.0,27100.0,25750.0,27000.0,41391950,4.046242774566466
2025-12-23,HDB,HDBank,27000.0,28000.0,26950.0,27500.0,37495720,1.85185185185186
2025-12-24,HDB,HDBank,27550.0,28000.0,27400.0,27850.0,25192540,1.2727272727272698
2025-12-25,HDB,HDBank,27700.0,27900.0,26950.0,27550.0,21680700,-1.0771992818671472
2025-12-26,HDB,HDBank,27000.0,28000.0,26800.0,27600.0,21549770,0.1814882032667775
2025-12-29,HDB,HDBank,27700.0,27700.0,27150.0,27600.0,14642730,0.0
2025-12-30,HDB,HDBank,27600.0,27950.0,27000.0,27950.0,29151700,1.26811594202898
2025-12-31,HDB,HDBank,27800.0,29700.0,27750.0,29700.0,66953440,6.261180679785339
2026-01-05,HDB,HDBank,29500.0,29500.0,28000.0,28950.0,27369210,-2.5252525252525304
2026-01-06,HDB,HDBank,28800.0,29050.0,28100.0,29050.0,17854740,0.3454231433505983
2026-01-07,HDB,HDBank,29050.0,29550.0,28350.0,29100.0,23087070,0.1721170395869276
2026-01-08,HDB,HDBank,29150.0,29200.0,28500.0,28800.0,20099620,-1.0309278350515427
2026-01-09,HDB,HDBank,28850.0,29100.0,27500.0,27900.0,31867460,-3.125
2026-01-12,HDB,HDBank,27700.0,28350.0,27250.0,28200.0,28149470,1.0752688172043001
2026-01-13,HDB,HDBank,28200.0,28450.0,28000.0,28450.0,16201100,0.8865248226950451
2026-01-14,HDB,HDBank,28500.0,28500.0,27550.0,27650.0,33575350,-2.811950790861162
2026-01-15,HDB,HDBank,27500.0,29550.0,26800.0,29550.0,37504640,6.871609403254975
2026-01-16,HDB,HDBank,29500.0,29500.0,28450.0,28450.0,22612230,-3.7225042301184397
2026-01-19,HDB,HDBank,28500.0,29000.0,28200.0,28750.0,308171600,1.0544815465729274
2026-01-20,HDB,HDBank,29000.0,29800.0,28750.0,28950.0,21745500,0.6956521739130528
2026-01-21,HDB,HDBank,28650.0,30000.0,28300.0,29050.0,28672480,0.3454231433505983
2026-01-22,HDB,HDBank,29100.0,29750.0,29050.0,29200.0,19449030,0.5163511187607606
2026-01-23,HDB,HDBank,29250.0,29600.0,28650.0,29600.0,24278530,1.3698630136986356
2026-01-26,HDB,HDBank,29400.0,29400.0,28300.0,28350.0,23138350,-4.222972972972972
2026-01-27,HDB,HDBank,28350.0,29000.0,27800.0,29000.0,23187800,2.2927689594356204
2026-01-28,HDB,HDBank,28500.0,28850.0,28350.0,28500.0,115732700,-1.7241379310344862
2026-01-29,HDB,HDBank,28550.0,28600.0,27800.0,27850.0,23937830,-2.280701754385961
2026-01-30,HDB,HDBank,27900.0,28400.0,27800.0,28300.0,16026570,1.6157989228007263
2026-02-02,HDB,HDBank,28000.0,28250.0,27250.0,27800.0,17825220,-1.7667844522968212
2026-02-03,HDB,HDBank,27900.0,28000.0,27350.0,27550.0,31272700,-0.8992805755395739
2026-02-04,HDB,HDBank,27550.0,27600.0,27200.0,27550.0,20035280,0.0
2026-02-05,HDB,HDBank,27550.0,27900.0,27250.0,27550.0,17111330,0.0
2026-02-06,HDB,HDBank,27200.0,27500.0,26500.0,26500.0,43077470,-3.8112522686025385
2026-02-09,HDB,HDBank,26750.0,26800.0,26250.0,26800.0,16551380,1.132075471698113
2026-02-10,HDB,HDBank,26850.0,26900.0,26000.0,26800.0,29945490,0.0
2026-02-11,HDB,HDBank,26750.0,27950.0,26650.0,27800.0,38354250,3.731343283582089
2026-02-12,HDB,HDBank,27850.0,28000.0,27650.0,27850.0,12462020,0.17985611510791255
2026-02-13,HDB,HDBank,27750.0,28200.0,27700.0,28200.0,14489390,1.2567324955116588
2024-01-02,ACB,ACB,16516.56886827627,17068.271535296677,16516.56886827627,16861.3828125,18360928,
2024-01-03,ACB,ACB,16895.865701861272,17240.6796875,16723.459599698108,17240.6796875,13116556,2.249500407041416
2024-01-04,ACB,ACB,17378.604850021784,17688.93797014266,17309.64134066857,17447.568359375,31194865,1.2000029907463627
2024-01-05,ACB,ACB,17447.567180552734,17551.009765625,17275.159309474413,17551.009765625,12394603,0.5928700442340951
2024-01-08,ACB,ACB,17723.418433435276,17757.89929667607,17378.604457090263,17482.048828125,16509957,-0.39291720773276806
2024-01-09,ACB,ACB,17413.085789663164,17482.04929931587,17206.198823329847,17240.6796875,20498088,-1.380668495998516
2024-01-10,ACB,ACB,17378.603123779623,17585.49184997631,17240.677900085906,17413.083984375,23517091,0.9999854994116042
2024-01-11,ACB,ACB,17516.528347473344,17757.897934265406,17344.12226318425,17413.083984375,13137053,0.0
2024-01-12,ACB,ACB,17344.122371767156,18068.231136676626,17275.15886883244,17792.37890625,34060326,2.178217955046602
2024-01-15,ACB,ACB,17930.30579959792,17930.30579959792,17447.568359375,17447.568359375,19748099,-1.9379676472260687
2024-01-16,ACB,ACB,17516.529296875,17619.973665580063,17275.159697000625,17516.529296875,17166314,0.3952466961560708
2024-01-17,ACB,ACB,17551.01015933925,17792.379759213625,17482.04843441075,17516.529296875,13508411,0.0
2024-01-18,ACB,ACB,17551.0107061968,17757.899450053203,17482.04897911958,17654.455078125,14204046,0.7874035941275448
2024-01-19,ACB,ACB,17792.3798495199,17895.82421875,17688.937261602125,17895.82421875,16929719,1.3671854472816491
2024-01-22,ACB,ACB,18068.233581546086,18137.1953125,17792.38131379302,18137.1953125,15911262,1.3487565076611974
2024-01-23,ACB,ACB,18102.712336515262,18240.637563655524,17964.787109375,17964.787109375,15673608,-0.9505780808688691
2024-01-24,ACB,ACB,17964.78677293067,17999.267633741914,17723.417184627513,17792.37890625,15743040,-0.9597007861842588
2024-01-25,ACB,ACB,17826.861548373472,17861.342409184712,17654.453681692798,17792.37890625,7030807,0.0
2024-01-26,ACB,ACB,17826.863960582446,18206.158824766382,17826.863960582446,18137.1953125,9166247,1.9380005791630017
2024-01-29,ACB,ACB,18275.11905171882,18275.11905171882,17895.82421875,17895.82421875,15820406,-1.3308071594931192
2024-01-30,ACB,ACB,17964.78772534084,18068.232094570943,17861.34335611074,17895.82421875,20264204,0.0
2024-01-31,ACB,ACB,17999.268031132146,17999.268031132146,17619.973209897667,17757.8984375,16872587,-0.7707148861324398
2024-02-01,ACB,ACB,17723.41773489697,17999.268192575866,17723.41773489697,17930.3046875,8399329,0.9708707964897645
2024-02-02,ACB,ACB,17895.824152925776,18137.19375313743,17826.862427900913,18102.712890625,20524142,0.9615464217135772
2024-02-05,ACB,ACB,18102.712045812932,19309.55999055039,18033.74854269412,19171.634765625,38972091,5.904760692269351
2024-02-06,ACB,ACB,19206.115234375,19240.596094574255,19068.190012265786,19206.115234375,21929562,0.17985147939405532
2024-02-07,ACB,ACB,19206.11617987258,19447.48577577413,19206.11617987258,19309.560546875,16832118,0.5386061222566019
2024-02-15,ACB,ACB,19344.040967302662,19585.410557695686,18757.857421875,18757.857421875,20160586,-2.8571500820058104
2024-02-16,ACB,ACB,18964.747258130123,19033.708984375,18826.822024328023,19033.708984375,12689916,1.4705920633467873
2024-02-19,ACB,ACB,19102.673828125,19102.673828125,18757.859828844546,19102.673828125,17148725,0.3623300314542721
2024-02-20,ACB,ACB,18964.747651786834,19137.153752290054,18861.303278959946,18999.228515625,12400289,-0.5415226864612932
2024-02-21,ACB,ACB,18964.74858467531,19240.59907157469,18895.78507229423,19102.673828125,13834540,0.544471121103296
2024-02-22,ACB,ACB,19102.672268969985,19137.15313168997,18964.74703677772,19068.19140625,14285380,-0.18051097027177443
2024-02-23,ACB,ACB,19102.67273676468,19585.41195191531,18826.822265625,18826.822265625,34352731,-1.265820839966425
2024-02-26,ACB,ACB,18826.822807336583,19102.673286413417,18688.89756779816,18964.748046875,13519467,0.7326025566291694
2024-02-27,ACB,ACB,19102.672491932222,19102.672491932222,18861.30288745046,19033.708984375,15942473,0.3636269637200096
2024-02-28,ACB,ACB,19068.190950973447,19309.560546875,18999.22744586774,19309.560546875,13900533,1.4492790802173694
2024-02-29,ACB,ACB,19378.52227066842,19481.96663767084,19102.671812870158,19309.560546875,13160726,0.0
2024-03-01,ACB,ACB,19309.55999055039,19309.55999055039,18999.226898484085,19171.634765625,14803800,-0.7142875205014554
2024-03-04,ACB,ACB,19171.634765625,19447.48521547578,18895.782534461985,19171.634765625,18404571,0.0
2024-03-05,ACB,ACB,19171.635538122042,19309.560768604955,18999.22766403417,19275.078125,8573238,0.5395646257588593
2024-03-06,ACB,ACB,19309.561233291548,19413.003822658862,18999.22812125256,19033.708984375,12949391,-1.2522343051462936
2024-03-07,ACB,ACB,19033.709775987998,19102.673286413417,18895.78453644958,18964.748046875,13444270,-0.3623095086544126
2024-03-08,ACB,ACB,18964.74717314837,19068.191543364494,18619.93319953207,18654.4140625,33084982,-1.6363728303057323
2024-03-11,ACB,ACB,18654.414305565628,18688.896950295202,18378.563835603214,18447.52734375,17147270,-1.1090496761615998
2024-03-12,ACB,ACB,18378.563835603214,18516.489070584423,18344.082972186003,18447.52734375,10993413,0.0
2024-03-13,ACB,ACB,18447.52697072864,19068.19140625,18447.52697072864,19068.19140625,11949185,3.3644837648677095
2024-03-14,ACB,ACB,19033.707475978536,19033.707475978536,18654.412667753295,18792.337890625,10876637,-1.4466684844299582
2024-03-15,ACB,ACB,18792.339227377473,18895.783597217596,18619.933131852158,18861.302734375,11906203,0.3669838428373762
2024-03-18,ACB,ACB,18757.85962855928,18861.304005370144,18413.045632960544,18550.97265625,18870488,-1.645326849875639
2024-03-19,ACB,ACB,18482.007419302667,18654.41351035163,18447.52655735533,18516.48828125,9615237,-0.18588984868338487
2024-03-20,ACB,ACB,18516.489682390824,19102.673286413417,18482.008817834325,18964.748046875,18967559,2.420868140957988
2024-03-21,ACB,ACB,19102.671812870158,19309.560546875,18999.22744586774,19309.560546875,17504610,1.8181760134525993
2024-03-22,ACB,ACB,19481.967414104176,19964.706625146344,19240.597808583094,19413.00390625,222213723,0.5357105829720155
2024-03-25,ACB,ACB,19344.042900933753,19344.042900933753,18964.748046875,18964.748046875,16895863,-2.309049447163014
2024-03-26,ACB,ACB,19033.70852632682,19275.078125,18861.302433551253,19275.078125,8415597,1.6363522328794344
2024-03-27,ACB,ACB,19275.077903666002,19344.04140877171,19033.70830776445,19309.560546875,8364548,0.17889640525128314
2024-03-28,ACB,ACB,19516.448994774197,19723.33774462933,19447.487265697433,19550.931640625,81109692,1.2500082182816064
2024-03-29,ACB,ACB,19585.41132196437,19757.817415553258,19413.00344706317,19654.373046875,21715053,0.5290868391921499
2024-04-01,ACB,ACB,19447.484545114217,19654.371484714724,19378.521044372603,19619.890625,9912005,-0.17544401845207558
2024-04-02,ACB,ACB,19516.44665413173,19585.41015625,19240.596208283074,19585.41015625,18699753,-0.17574241064353124
2024-04-03,ACB,ACB,19447.48577577413,19585.411004673264,19240.59704176929,19309.560546875,16133706,-1.408444383723928
2024-04-04,ACB,ACB,19344.042497943825,19344.042497943825,18999.228515625,18999.228515625,15049388,-1.607141863724204
2024-04-05,ACB,ACB,18826.821319934355,18895.783043599073,18688.89609129264,18723.376953125,16451238,-1.4519092829118785
2024-04-08,ACB,ACB,18723.376953125,18792.338676789717,18585.451724483286,18723.376953125,9084649,0.0
2024-04-09,ACB,ACB,18723.377893619527,18826.822265625,18654.41438517842,18826.822265625,7130258,0.552492815580119
2024-04-10,ACB,ACB,18930.26608490278,19033.708672575558,18688.896484375,18688.896484375,6773845,-0.7326025566291805
2024-04-11,ACB,ACB,18619.932586315645,18723.376953125,18550.970862650927,18723.376953125,14926396,0.18449708241912166
2024-04-12,ACB,ACB,18757.85784996619,19309.560546875,18619.932621067055,19309.560546875,284412089,3.1307578500264333
2024-04-15,ACB,ACB,19171.6353461231,19309.56057522473,18516.48828125,18516.48828125,25793775,-4.107148185479281
2024-04-16,ACB,ACB,18516.48821950629,18723.376953125,18447.526495841572,18723.376953125,24268404,1.1173213232041235
2024-04-17,ACB,ACB,18757.858677129625,18792.339540546836,18447.52734375,18447.52734375,16653184,-1.4732898347643464
2024-04-19,ACB,ACB,18344.08203125,18482.00725915651,18240.63766499205,18344.08203125,15281487,-0.560754352452808
2024-04-22,ACB,ACB,18550.97131917413,18585.45218185503,18413.04430582587,18482.0078125,9560864,0.7518816205413614
2024-04-23,ACB,ACB,18482.006864046507,18585.451228093014,18309.60077817715,18378.5625,11482778,-0.5597081959354933
2024-04-24,ACB,ACB,18482.00796634802,18688.89670678027,18413.044459099823,18654.4140625,8862337,1.5009419942392022
2024-04-25,ACB,ACB,18619.933044535934,18654.413907216836,18447.526949819097,18482.0078125,7296893,-0.9242115534820239
2024-04-26,ACB,ACB,18482.007419302667,18619.932648404294,18344.082190201036,18516.48828125,7199690,0.1865623535051153
2024-05-02,ACB,ACB,18516.48922134377,18723.37796615623,18482.00835764582,18619.93359375,6381194,0.5586659356177748
2024-05-03,ACB,ACB,18688.89756779816,18964.748046875,18688.89756779816,18964.748046875,11530613,1.851856513820982
2024-05-06,ACB,ACB,18964.747258130123,19102.672491932222,18861.30288745046,19033.708984375,14710167,0.3636269637200096
2024-05-07,ACB,ACB,19137.15313168997,19171.635775722283,18964.74703677772,19068.19140625,10474596,0.18116501572713606
2024-05-08,ACB,ACB,18964.747651786834,19068.19202461372,18826.82241512178,18999.228515625,9307359,-0.361664560396624
2024-05-09,ACB,ACB,19033.708984375,19171.63599948945,18964.747258130123,19033.708984375,5566138,0.18148352035265436
2024-05-10,ACB,ACB,19033.71031574392,19102.673828125,18930.267719141008,19102.673828125,13476010,0.3623300314542721
2024-05-13,ACB,ACB,19309.56258395577,19309.56258395577,19068.192962590696,19102.673828125,7798584,0.0
2024-05-14,ACB,ACB,19102.671482449707,19240.596708963134,19068.190621149413,19137.15234375,7876281,0.18049052156372536
2024-05-15,ACB,ACB,19206.118206040384,19206.118206040384,19102.673828125,19102.673828125,10922527,-0.1801653402015213
2024-05-16,ACB,ACB,19309.560704670275,19585.411164722755,19171.635474644037,19481.966796875,40042522,1.9855491025113192
2024-05-17,ACB,ACB,19481.966796875,19585.411164722755,19447.485934696513,19481.966796875,12407430,0.0
2024-05-20,ACB,ACB,19654.372889079725,19688.85553257051,19447.485934696513,19481.966796875,13340427,0.0
2024-05-21,ACB,ACB,19481.967191001044,19516.448053877088,19206.11672536803,19447.486328125,16231571,-0.17698659026320618
2024-05-22,ACB,ACB,19447.485999087872,19481.966861380522,19240.597262707346,19275.078125,14095866,-0.8865320700889856
2024-05-23,ACB,ACB,19309.55932494316,19654.371484714724,19309.55932494316,19619.890625,14044553,1.788903255093821
2024-05-24,ACB,ACB,19619.89107534022,20826.73900617829,19481.965852003326,20171.59375,46086744,2.8119582088648842
2024-05-27,ACB,ACB,20344.002349144328,20585.371965154514,20171.59624398524,20309.521484375,12742951,0.6837721207576974
2024-05-28,ACB,ACB,20481.92813130639,20481.92813130639,20206.077643230292,20447.447265625,14133160,0.679118813095192
2024-05-29,ACB,ACB,20481.925057179953,20516.405917686123,20171.59375,20171.59375,19964989,-1.3490853505647493
2024-05-30,ACB,ACB,20102.63101891754,20275.037109375,19895.74228531876,20275.037109375,17339429,0.5128169873785948
2024-05-31,ACB,ACB,20760.656840396176,21009.78431213358,20470.0078125,20470.0078125,13940760,0.9616293280905852
2024-06-03,ACB,ACB,20636.091868047355,20719.13497914206,20428.48595552578,20594.5703125,20476325,0.6085122250121255
2024-06-04,ACB,ACB,20594.570833749356,20594.570833749356,20303.921802776735,20345.443359375,11412830,-1.2096729834357833
2024-06-05,ACB,ACB,20553.049497380147,20553.049497380147,20179.35921442209,20220.87890625,13017885,-0.6122474252575172
2024-06-06,ACB,ACB,20262.40046329318,20345.44357737953,20179.35921442209,20220.87890625,9231855,0.0
2024-06-07,ACB,ACB,20386.964771820323,20470.007884429673,20179.358855512186,20428.486328125,7805166,1.0266983093936144
2024-06-10,ACB,ACB,20428.486618202063,20511.529731990595,20179.35914205173,20262.400390625,10792635,-0.8130114724718474
2024-06-11,ACB,ACB,20262.400845794677,20303.922403621673,20013.273364048004,20054.794921875,11845345,-1.0245847715360301
2024-06-12,ACB,ACB,20054.794257355865,20386.96484375,19847.188340315246,20386.96484375,13673155,1.6563117357669022
2024-06-13,ACB,ACB,20386.964399978424,20677.613423594707,20262.39973333636,20594.5703125,14968860,1.0183245536603103
2024-06-14,ACB,ACB,20511.52944073435,20677.613800737814,20428.486328125,20428.486328125,13265250,-0.8064454943941923
2024-06-17,ACB,ACB,20428.48640020117,20428.48640020117,20137.83737025821,20386.96484375,7323890,-0.2032528681179646
2024-06-18,ACB,ACB,20511.529513103516,20511.529513103516,20262.400174396484,20386.96484375,7077790,0.0
2024-06-19,ACB,ACB,20386.964700182456,20511.529368658772,20137.837228445052,20470.0078125,8980925,0.40733365356961926
2024-06-20,ACB,ACB,20386.964399978424,20636.091868047355,20262.39973333636,20594.5703125,12110305,0.6085122250121255
2024-06-21,ACB,ACB,20636.09231724179,20636.09231724179,20345.44328729883,20386.96484375,5890300,-1.0080592389149934
2024-06-24,ACB,ACB,20428.48715207856,20428.48715207856,19847.18907079776,20013.2734375,16734915,-1.8329918607995377
2024-06-25,ACB,ACB,19930.230394992588,20096.316627522236,19847.18914394308,19971.751953125,10102061,-0.20746973005024705
2024-06-26,ACB,ACB,19930.23032154123,20013.2734375,19598.05972292144,20013.2734375,15060975,0.2079010618219801
2024-06-27,ACB,ACB,19930.23063090857,20013.27374815638,19764.146261628284,19888.7109375,5868795,-0.6223994310026293
2024-06-28,ACB,ACB,19764.14453125,19930.22888598937,19722.622976261366,19764.14453125,16068754,-0.6263171436371562
2024-07-01,ACB,ACB,19764.14453125,19805.666086238638,19598.058311295455,19764.14453125,4523525,0.0
2024-07-02,ACB,ACB,19764.14602767826,20013.273511257412,19681.102911413436,19971.751953125,6918515,1.050424527845073
2024-07-03,ACB,ACB,20054.7947755768,20262.400697982008,19888.71041069569,20137.837890625,10314120,0.8316042472879426
2024-07-04,ACB,ACB,20179.359595355985,20220.87928796768,19888.710555782316,20054.794921875,8726316,-0.4123728138096694
2024-07-05,ACB,ACB,20054.79470287924,20179.359375,19930.230030758485,20179.359375,8435251,0.6211205530161301
2024-07-08,ACB,ACB,20179.359448149098,20220.87914045791,20013.273218052702,20137.837890625,14271845,-0.2057621533141485
2024-07-09,ACB,ACB,20054.79470287924,20262.40062453189,19971.75158813207,20179.359375,9987981,0.20618640690484025
2024-07-10,ACB,ACB,20345.443813030208,20345.443813030208,20137.837890625,20137.837890625,13422225,-0.2057621533141485
2024-07-11,ACB,ACB,20220.87928796768,20220.87928796768,20054.794921875,20054.794921875,5738845,-0.4123728138096694
2024-07-12,ACB,ACB,20013.273585322146,20054.79514360822,19764.146100821028,19930.23046875,17017470,-0.6211205530161301
2024-07-15,ACB,ACB,19930.23063090857,19971.752189532475,19847.189378876094,19888.7109375,6878726,-0.2083243910054211
2024-07-16,ACB,ACB,19930.23032154123,20179.359669417547,19888.71062877715,20013.2734375,18421505,0.6262975030983053
2024-07-17,ACB,ACB,20179.358998197178,20926.741421320243,20096.315885000648,20345.443359375,33568960,1.6597480812538867
2024-07-18,ACB,ACB,20345.44284443107,20843.699645784127,20345.44284443107,20594.5703125,13472480,1.2244852506996695
2024-07-19,ACB,ACB,20594.571820350637,21009.78554100924,20470.00900980379,20843.701171875,21237970,1.209691950813796
2024-07-22,ACB,ACB,20843.699717962965,20926.740964130036,20470.00758195793,20553.048828125,20418480,-1.3944372995626342
2024-07-23,ACB,ACB,20594.57167089653,20677.61478746868,19930.23046875,19930.23046875,19390150,-3.0302966950709997
2024-07-24,ACB,ACB,19930.230175549063,20262.400771735644,19764.14581006342,20096.31640625,14585910,0.8333367632673339
2024-07-25,ACB,ACB,20054.795069389824,20054.795069389824,19764.14602767826,19971.751953125,9810305,-0.6198372408500741
2024-07-26,ACB,ACB,20013.2734375,20054.794995479388,19930.23032154123,20013.2734375,4234760,0.2079010618219801
2024-07-29,ACB,ACB,20179.359595355985,20179.359595355985,19971.751806221007,20054.794921875,4995273,0.20746973005025815
2024-07-30,ACB,ACB,19930.23024839401,20054.794921875,19888.710555782316,20054.794921875,8307830,0.0
2024-07-31,ACB,ACB,20096.315813807036,20386.96484375,20013.272700904694,20386.96484375,9831005,1.6563117357669022
2024-08-01,ACB,ACB,20345.444351932292,20428.4874691801,19888.7109375,19888.7109375,13833350,-2.4439827608902176
2024-08-02,ACB,ACB,19847.189378876094,19930.23063090857,19639.581585756565,19888.7109375,15876900,0.0
2024-08-05,ACB,ACB,19598.05926269432,19805.667047715942,19224.36898008594,19265.888671875,36306190,-3.131536616838615
2024-08-06,ACB,ACB,19515.017578125,19639.580381141182,19307.40979773932,19515.017578125,9552936,1.293108823024025
2024-08-07,ACB,ACB,19598.05896969399,19598.05896969399,19348.931496607885,19431.974609375,5992650,-0.4255336610256788
2024-08-08,ACB,ACB,19307.41015625,19515.017940490652,19307.41015625,19307.41015625,6692656,-0.6410282826579183
2024-08-09,ACB,ACB,19431.97423661696,19598.05859375,19348.93112544284,19598.05859375,3728185,1.505372471749733
2024-08-12,ACB,ACB,19598.058311295455,19764.14453125,19348.930846578813,19764.14453125,7174394,0.8474611743071625
2024-08-13,ACB,ACB,19556.53890337814,19764.14481609824,19515.01734779108,19598.05859375,3547751,-0.840339622276054
2024-08-14,ACB,ACB,19681.101865059485,19764.144976909287,19556.5390625,19556.5390625,3814323,-0.2118553276661883
2024-08-15,ACB,ACB,19556.539134202136,19598.058825064047,19473.496022047864,19515.017578125,6880996,-0.21231509441574925
2024-08-16,ACB,ACB,19515.018616319907,19930.23046875,19515.018616319907,19930.23046875,9086380,2.127658296810475
2024-08-19,ACB,ACB,19930.230394992588,20054.795069389824,19888.710702075492,19971.751953125,8391007,0.2083341908168279
2024-08-20,ACB,ACB,19971.751879520612,20179.359669417547,19930.23032154123,20013.2734375,8715506,0.2079010618219801
2024-08-21,ACB,ACB,19971.7513575804,20262.400390625,19971.7513575804,20262.400390625,8920435,1.2448086211533926
2024-08-22,ACB,ACB,20345.44350441353,20386.965061307797,20179.35914205173,20262.400390625,8957469,0.0
2024-08-23,ACB,ACB,20262.400318254036,20345.443431745964,20137.8375132314,20303.921875,7041341,0.20491888213900467
2024-08-26,ACB,ACB,20386.964988491927,20386.964988491927,20262.400318254036,20303.921875,8188575,0.0
2024-08-27,ACB,ACB,20303.921875,20345.443431745964,20262.400318254036,20303.921875,5793816,0.0
2024-08-28,ACB,ACB,20345.443359375,20386.96491597327,20262.400246178466,20345.443359375,8855465,0.20449982338694994
2024-08-29,ACB,ACB,20386.964700182456,20677.61372807863,20386.964700182456,20470.0078125,14752200,0.6122474252575172
2024-08-30,ACB,ACB,20470.007511073134,20594.5703125,20470.007511073134,20594.5703125,5642709,0.6085122250121255
2024-09-04,ACB,ACB,20345.443144023684,20511.529368658772,20303.921587864912,20470.0078125,13470410,-0.6048317498733913
2024-09-05,ACB,ACB,20470.0080291698,20511.52958576807,20303.921802776735,20345.443359375,4458090,-0.6085217664105413
2024-09-06,ACB,ACB,20345.44321551565,20428.486328125,20303.921659210977,20428.486328125,6870675,0.4081649501716855
2024-09-09,ACB,ACB,20386.964988491927,20428.48654523789,20179.359069977363,20303.921875,9110187,-0.6097586043538938
2024-09-10,ACB,ACB,20303.92225550611,20386.965370554306,20013.273218052702,20137.837890625,7283527,-0.8179896741008275
2024-09-11,ACB,ACB,20054.794921875,20137.838037528993,20013.273364048004,20054.794921875,4236716,-0.4123728138096694
2024-09-12,ACB,ACB,20137.8375132314,20345.443431745964,20096.315956485436,20303.921875,3263355,1.2422313670894747
2024-09-13,ACB,ACB,20262.400390625,20303.921947519266,20137.837585157464,20262.400390625,2726420,-0.20449982338694994
2024-09-16,ACB,ACB,20262.400845794677,20386.965519275665,20054.794921875,20054.794921875,4568263,-1.0245847715360301
2024-09-17,ACB,ACB,20054.79432840238,20345.443359375,20013.272771804113,20345.443359375,4742963,1.4492715514281995
2024-09-18,ACB,ACB,20345.443144023684,20553.049059602316,20220.878475547368,20470.0078125,10313778,0.6122474252575172
2024-09-19,ACB,ACB,20553.048756952645,20636.091868047355,20428.48595552578,20594.5703125,6025311,0.6085122250121255
2024-09-20,ACB,ACB,20677.613974380158,21424.99826371007,20677.613974380158,21300.43359375,39699035,3.4274241731645727
2024-09-23,ACB,ACB,21341.955150403355,21591.082625108244,21258.912037096645,21300.43359375,12810310,0.0
2024-09-24,ACB,ACB,21300.433378175607,21424.998046875,21092.827462225185,21424.998046875,18985465,0.5847977346411959
2024-09-25,ACB,ACB,21591.081748876855,21757.16796875,21424.997394218884,21757.16796875,31207021,1.5503848408679355
2024-09-26,ACB,ACB,21840.20949910269,21881.731054614003,21591.08203125,21591.08203125,21519030,-0.7633619308291872
2024-09-27,ACB,ACB,21591.082174071948,21923.252755144524,21508.0390625,21508.0390625,12724175,-0.3846169850580283
2024-09-30,ACB,ACB,21341.955006127337,21549.56092277541,21341.955006127337,21383.4765625,18355840,-0.5791439174814395
2024-10-01,ACB,ACB,21383.4765625,21715.647148266056,21383.4765625,21383.4765625,11969545,0.0
2024-10-02,ACB,ACB,21341.95493440874,21674.125519058554,21258.911821942478,21424.998046875,27857933,0.19417555538099318
2024-10-03,ACB,ACB,21549.560995473435,21840.210025847344,21341.955078125,21341.955078125,17052660,-0.38759848924285745
2024-10-04,ACB,ACB,21341.95560501159,21383.477162549403,21092.828125,21092.828125,10147715,-1.1673108307698965
2024-10-07,ACB,ACB,21175.86930155379,21341.955531130086,21051.30649458685,21134.349609375,7785159,0.19685119571892784
2024-10-08,ACB,ACB,21175.869140625,21300.433811860577,21051.30633460469,21175.869140625,7501108,0.19645521162185986
2024-10-09,ACB,ACB,21258.911105500483,21798.689453125,21217.389550666663,21798.689453125,25326680,2.9411794546139625
2024-10-10,ACB,ACB,21923.25232340797,22006.29543334454,21632.603303845142,21757.16796875,11365451,-0.19047697552775356
2024-10-11,ACB,ACB,21674.125,21715.64655523876,21508.03877904496,21674.125,8259645,-0.38168096541459917
2024-10-14,ACB,ACB,21715.646769468516,21798.689880765276,21549.560546875,21549.560546875,10794935,-0.5747150259814426
2024-10-15,ACB,ACB,21549.560778223055,21757.168558693753,21424.99797515586,21466.51953125,8176270,-0.3853489979267488
2024-10-16,ACB,ACB,21383.4765625,21466.519675245323,21258.911893382014,21383.4765625,6768441,-0.3868487792308861
2024-10-17,ACB,ACB,21508.03870885868,21715.646484375,21383.475908764063,21715.646484375,11553797,1.5533953092432329
2024-10-18,ACB,ACB,21798.68966571628,22006.295576694894,21549.56033428372,21674.125,13593345,-0.1912053799774105
2024-10-21,ACB,ACB,21591.08240659229,21674.125519058554,21424.998046875,21424.998046875,6407806,-1.1494210406417738
2024-10-22,ACB,ACB,21424.998720087216,21466.52027762503,21092.828125,21092.828125,14289095,-1.5503848408679244
2024-10-23,ACB,ACB,21092.828125,21217.39093239815,20885.220337310933,21092.828125,8901115,0.0
2024-10-24,ACB,ACB,21092.826824608608,21134.34837958658,20760.65625,20760.65625,14083705,-1.5748095657513894
2024-10-25,ACB,ACB,20760.656391773042,20843.69950229608,20636.09172598848,20677.61328125,12615960,-0.4000016557761721
2024-10-28,ACB,ACB,20677.61477701491,20885.220703125,20553.050102219666,20885.220703125,6112942,1.004020237012826
2024-10-29,ACB,ACB,21009.785303736946,21009.785303736946,20843.700936478366,20926.7421875,6395680,0.19880797509976844
2024-10-30,ACB,ACB,20926.742423834454,20968.263982421846,20719.136496112817,20843.701171875,8259760,-0.39681769327001293
2024-10-31,ACB,ACB,20843.70064498841,21134.349682537813,20802.179087450597,21092.828125,5970344,1.1952145689996474
2024-11-01,ACB,ACB,21009.783858126975,21092.826968650017,20677.61328125,20677.61328125,9485381,-1.968511957189245
2024-11-04,ACB,ACB,20760.65660658069,20802.178162271826,20470.00758195793,20553.048828125,19583545,-0.6024121422076867
2024-11-05,ACB,ACB,20594.57038381614,20677.613495198413,20553.048828125,20553.048828125,3630895,0.0
2024-11-06,ACB,ACB,20677.614937525424,20926.742423834454,20594.571820350637,20843.701171875,8351760,1.4141568298726925
2024-11-07,ACB,ACB,20926.742423834454,21009.78554100924,20677.614937525424,20843.701171875,5906631,0.0
2024-11-08,ACB,ACB,20843.69950229608,20926.740747603937,20553.04861546544,20677.61328125,9822612,-0.7968253298944239
2024-11-11,ACB,ACB,20677.61335227915,20760.65646308745,20470.007440473593,20636.091796875,8416051,-0.20080404740255853
2024-11-12,ACB,ACB,20594.57024147085,20719.1349076833,20470.007440473593,20636.091796875,4931085,0.0
2024-11-13,ACB,ACB,20594.570170726958,20677.61328125,20428.485814896063,20677.61328125,17333835,0.20120808137367163
2024-11-14,ACB,ACB,20470.007956652345,20636.09231724179,20386.96484375,20386.96484375,10488806,-1.405618886216209
2024-11-15,ACB,ACB,20386.965061307797,20428.486618202063,20179.35914205173,20262.400390625,34100950,-0.6110004803544289
2024-11-18,ACB,ACB,20262.400246178466,20428.486472571534,20013.272771804113,20345.443359375,14582333,0.40983776427803154
2024-11-19,ACB,ACB,20345.44373927906,20386.96529665265,20179.359375,20179.359375,8434215,-0.816320300527984
2024-11-20,ACB,ACB,20096.315885000648,20386.96491597327,20054.79432840238,20345.443359375,10973860,0.8230389344309863
2024-11-21,ACB,ACB,20345.442774261144,20636.091796875,20137.836862455588,20636.091796875,9411946,1.4285677257855012
2024-11-22,ACB,ACB,20636.091655386077,20719.134765625,20470.007300123405,20719.134765625,9019795,0.40241616274732106
2024-11-25,ACB,ACB,20719.13483651152,20760.656391773042,20594.570170726958,20677.61328125,6859062,-0.20040163281281886
2024-11-26,ACB,ACB,20677.613140044054,20843.699359955946,20636.091585066082,20760.65625,6897470,0.40160809480511706
2024-11-27,ACB,ACB,20719.134624700902,20926.740533670974,20719.134624700902,20802.177734375,4650371,0.2000008278880916
2024-11-28,ACB,ACB,20885.220703125,20926.74226139008,20719.136335279993,20885.220703125,5552317,0.3992032459792627
2024-11-29,ACB,ACB,20885.220629381525,20926.7421875,20760.65782024142,20926.7421875,5232501,0.19880797509976844
2024-12-02,ACB,ACB,20968.263819655163,21051.306936185327,20802.17945181016,20885.220703125,5407072,-0.19841351321182588
2024-12-03,ACB,ACB,20926.740604696715,20926.740604696715,20719.13469502203,20760.65625,9047510,-0.5964239252992942
2024-12-04,ACB,ACB,20719.134624700902,20802.177734375,20636.09151502681,20802.177734375,7354827,0.2000008278880916
2024-12-05,ACB,ACB,20760.657017377183,21341.955078125,20719.135460864447,21341.955078125,9530167,2.594811709824185
2024-12-06,ACB,ACB,21175.86892378993,21383.47670705671,21175.86892378993,21300.43359375,11646740,-0.19455333039080092
2024-12-09,ACB,ACB,21258.91225478205,21300.433811860577,21051.30633460469,21175.869140625,10392491,-0.5847977346411848
2024-12-10,ACB,ACB,21175.869448456062,21175.869448456062,21051.306640625,21051.306640625,7653868,-0.5882285122410069
2024-12-11,ACB,ACB,21051.306567462187,21175.869374860336,20926.741894848747,21092.828125,10174497,0.1972394639621733
2024-12-12,ACB,ACB,21092.828271903993,21175.86952234268,20968.263598423004,21009.78515625,9725990,-0.3937023914378446
2024-12-13,ACB,ACB,21009.785377920245,21009.785377920245,20843.70101007524,20885.220703125,12247534,-0.592887800606301
2024-12-16,ACB,ACB,20885.220703125,20968.263819655163,20802.17945181016,20885.220703125,5972863,0.0
2024-12-17,ACB,ACB,20968.263745618475,20968.263745618475,20802.17937835989,20926.7421875,6858874,0.19880797509976844
2024-12-18,ACB,ACB,20968.263819655163,20968.263819655163,20843.70101007524,20885.220703125,4057964,-0.19841351321182588
2024-12-19,ACB,ACB,20802.178090236772,20802.178090236772,20511.52906662049,20594.5703125,14218646,-1.391655825698368
2024-12-20,ACB,ACB,20636.091868047355,20677.613423594707,20553.048756952645,20594.5703125,5475072,0.0
2024-12-23,ACB,ACB,20636.09172598848,20719.13483651152,20594.570170726958,20677.61328125,7945360,0.4032274890416021
2024-12-24,ACB,ACB,20677.613140044054,20760.65625,20594.57003008811,20760.65625,5751197,0.40160809480511706
2024-12-25,ACB,ACB,20760.657458043617,21258.91241634194,20719.135900649544,21134.349609375,11514191,1.80000745099278
2024-12-26,ACB,ACB,21134.349376342765,21217.390625,21092.82781940652,21217.390625,18887979,0.3929196647157074
2024-12-27,ACB,ACB,21258.912181936248,21341.955295808744,21175.869068063752,21217.390625,13500931,0.0
2024-12-30,ACB,ACB,21051.306567462187,21300.434047473776,21051.306567462187,21092.828125,5750568,-0.5870773753546832
2024-12-31,ACB,ACB,21092.827462225185,21424.998046875,21051.305905992052,21424.998046875,10167194,1.5748003060874538
2025-01-02,ACB,ACB,21258.912109375,21341.95522296405,21092.827747412153,21258.912109375,5901026,-0.775196978485726
2025-01-03,ACB,ACB,21175.86991014348,21217.391468730875,20843.701171875,20843.701171875,25634673,-1.9531147001491944
2025-01-06,ACB,ACB,20760.656534689417,20802.178090236772,20553.048756952645,20594.5703125,18844613,-1.1952333096732382
2025-01-07,ACB,ACB,20594.57003008811,20802.17780497797,20594.57003008811,20760.65625,5775479,0.8064549780832042
2025-01-08,ACB,ACB,20760.65625,20760.65625,20594.57003008811,20760.65625,5200467,0.0
2025-01-09,ACB,ACB,20719.134765625,20760.656320744463,20636.091655386077,20719.134765625,4443979,-0.2000008278880916
2025-01-10,ACB,ACB,20677.613655713616,20719.135211727076,20511.529296875,20511.529296875,5417561,-1.001998737391474
2025-01-13,ACB,ACB,20345.442914884516,20636.091939507274,20345.442914884516,20553.048828125,5459671,0.2024204565591603
2025-01-14,ACB,ACB,20553.049059602316,20594.570615761088,20345.443144023684,20470.0078125,6083421,-0.40403259058756635
2025-01-15,ACB,ACB,20636.09172598848,20719.13483651152,20470.007370157586,20677.61328125,8538913,1.0141934026191457
2025-01-16,ACB,ACB,20636.091796875,20802.1780184916,20511.528995877743,20636.091796875,5756348,-0.20080404740255853
2025-01-17,ACB,ACB,20636.091655386077,20760.656320744463,20594.570100266614,20719.134765625,3230270,0.40241616274732106
2025-01-20,ACB,ACB,20719.13469502203,20802.17780497797,20594.57003008811,20760.65625,4605146,0.20040163281280776
2025-01-21,ACB,ACB,20802.177875863923,20843.699430983386,20636.091655386077,20719.134765625,5224019,-0.2000008278880916
2025-01-22,ACB,ACB,20760.65646308745,20760.65646308745,20594.57024147085,20636.091796875,7116239,-0.4008032656256266
2025-01-23,ACB,ACB,20677.614558849335,21092.828271903993,20677.614558849335,21009.78515625,12531354,1.8108727323629559
2025-01-24,ACB,ACB,20926.74196757864,21175.869448456062,20926.74196757864,21051.306640625,5633438,0.1976292668687707
2025-02-03,ACB,ACB,20802.179613287604,21009.78554100924,20677.614937525424,20843.701171875,14316465,-0.9861880418831626
2025-02-04,ACB,ACB,20968.263671875,21051.306787819893,20802.179305200523,20968.263671875,5747701,0.5976025993314371
2025-02-05,ACB,ACB,20968.26345238656,21092.828125,20926.741894848747,21092.828125,8688371,0.5940618406667486
2025-02-06,ACB,ACB,21175.869140625,21300.433811860577,21092.827891683217,21175.869140625,7003846,0.39369313177390897
2025-02-07,ACB,ACB,21175.868852074054,21424.99819115047,21092.827604263824,21341.955078125,11693545,0.7843169807909778
2025-02-10,ACB,ACB,21300.433378175607,21715.647075291683,21175.868709476214,21424.998046875,16464665,0.38910666078160183
2025-02-11,ACB,ACB,21466.51953125,21549.560778223055,21341.954862967585,21466.51953125,6655512,0.19379924462143983
2025-02-12,ACB,ACB,21508.039511801533,21591.082625108244,21300.43359375,21300.43359375,8016190,-0.7736975584617722
2025-02-13,ACB,ACB,21300.433521612264,21383.476634637736,21217.39040858679,21341.955078125,6612386,0.19493257821372456
2025-02-14,ACB,ACB,21549.56092277541,21549.56092277541,21341.955006127337,21383.4765625,9647667,0.19455333039080092
2025-02-17,ACB,ACB,21549.56085035916,21549.56085035916,21383.476490641868,21424.998046875,6618055,0.19417555538099318
2025-02-18,ACB,ACB,21424.99811887266,21591.08247914807,21383.4765625,21383.4765625,6103527,-0.19379924462142872
2025-02-19,ACB,ACB,21383.476490641868,21508.03929412603,21341.95493440874,21424.998046875,6237260,0.19417555538099318
2025-02-20,ACB,ACB,21466.519300793447,21549.560546875,21383.476189496687,21549.560546875,7747208,0.5813886177607808
2025-02-21,ACB,ACB,21591.081748876855,21881.730768439684,21549.56019390857,21757.16796875,14627206,0.9633951533415619
2025-02-24,ACB,ACB,21632.60337416847,21798.689594581527,21632.60337416847,21715.646484375,8331434,-0.19084048270729959
2025-02-25,ACB,ACB,21715.646697783945,21798.68980880657,21591.08203125,21591.08203125,7957544,-0.5736161399322204
2025-02-26,ACB,ACB,21632.60365817176,21674.125213820138,21549.560546875,21549.560546875,6185345,-0.19230849252901416
2025-02-27,ACB,ACB,21591.08188952248,21674.125,21466.519089021385,21674.125,7321821,0.578037092004946
2025-02-28,ACB,ACB,21591.08203125,21757.16825329526,21424.99767441994,21591.08203125,11063807,-0.3831433506542914
2025-03-03,ACB,ACB,21591.08203125,21632.603586761314,21424.99767441994,21591.08203125,27149660,0.0
2025-03-04,ACB,ACB,21508.03870885868,21757.168039478263,21424.99746386733,21715.646484375,11749895,0.5769254775870536
2025-03-05,ACB,ACB,21840.209284469613,22130.858304977282,21715.646484375,21715.646484375,13652915,0.0
2025-03-06,ACB,ACB,21798.691097566978,21923.25390625,21715.647981634756,21923.25390625,6889650,0.9560268998870525
2025-03-07,ACB,ACB,22006.2965688828,22255.42404633247,21881.73189755033,22130.859375,14932635,0.9469646688296418
2025-03-10,ACB,ACB,22172.381314544677,22213.902872371673,21923.253832798004,21964.775390625,12653910,-0.7504633306857245
2025-03-11,ACB,ACB,21840.21071714401,21964.775390625,21674.12635105133,21964.775390625,14905610,0.0
2025-03-12,ACB,ACB,22006.297170483704,22172.381538252088,21757.169686223468,21840.2109375,10136446,-0.5671100701451603
2025-03-13,ACB,ACB,21881.730910978615,21964.774021456135,21674.125,21674.125,15537075,-0.7604594020418909
2025-03-14,ACB,ACB,21757.16825329526,21757.16825329526,21508.038920227373,21591.08203125,13995615,-0.3831433506542914
2025-03-17,ACB,ACB,21674.12485881343,21798.689523718287,21591.081748876855,21757.16796875,7457061,0.7692339701160567
2025-03-18,ACB,ACB,21840.2109375,22047.81872872963,21798.691244469395,21840.2109375,7603226,0.38168096541459917
2025-03-19,ACB,ACB,21840.209213471397,21840.209213471397,21632.603303845142,21757.16796875,10111263,-0.3802297010209399
2025-03-20,ACB,ACB,21923.252252411297,21964.773807245117,21715.646343457356,21798.689453125,5806006,0.19084048270729959
2025-03-21,ACB,ACB,21798.68966571628,21840.209355739855,21674.125,21674.125,13632203,-0.5714309265832607
2025-03-24,ACB,ACB,21798.69117087881,21881.732421875,21632.6049384558,21881.732421875,9669550,0.957858376635734
2025-03-25,ACB,ACB,21923.254053991852,21964.775612237776,21715.648127977543,21840.2109375,7895786,-0.18975409978732038
2025-03-26,ACB,ACB,21840.209284469613,21964.773949779406,21674.124929271737,21715.646484375,12343985,-0.5703445515314209
2025-03-27,ACB,ACB,21591.08203125,21757.16825329526,21549.560475738686,21591.08203125,7646466,-0.5736161399322204
2025-03-28,ACB,ACB,21591.082102523378,21632.60365817176,21466.519300793447,21549.560546875,11980125,-0.19230849252901416
2025-03-31,ACB,ACB,21466.519229931255,21591.08203125,21424.99767441994,21591.08203125,12091100,0.19267903066830794
2025-04-01,ACB,ACB,21591.081960250227,21632.603515625,21508.038849500674,21632.603515625,3506927,0.19230849252902527
2025-04-02,ACB,ACB,21674.125213820138,21757.168325116898,21508.038991226622,21549.560546875,15464050,-0.38387875361381996
2025-04-03,ACB,ACB,20885.22048276901,21051.306714076996,20054.794921875,20054.794921875,48272745,-6.936408850419751
2025-04-04,ACB,ACB,18850.675917145527,19764.14453125,18684.589697190982,19764.14453125,83163860,-1.4492812903709629
2025-04-08,ACB,ACB,19182.847251860032,19348.93161317963,18393.94140625,18393.94140625,62043765,-6.932772237288132
2025-04-09,ACB,ACB,17231.345846491167,18975.240091008833,17231.345846491167,18103.29296875,44257175,-1.5801313654355886
2025-04-10,ACB,ACB,19348.931640625,19348.931640625,19348.931640625,19348.931640625,6706456,6.880729787808382
2025-04-11,ACB,ACB,20594.57024147085,20677.61335227915,19888.709395245878,20636.091796875,50437390,6.652357764019801
2025-04-14,ACB,ACB,20636.091868047355,21051.305558305703,20428.48595552578,20594.5703125,26226946,-0.20120808137366053
2025-04-15,ACB,ACB,20428.48715207856,20511.530268037335,20013.2734375,20013.2734375,19276070,-2.82257345591318
2025-04-16,ACB,ACB,20303.922181905476,20511.529968773404,20054.79470287924,20179.359375,13204415,0.8298789202010104
2025-04-17,ACB,ACB,20345.44373927906,20386.96529665265,20013.273145505656,20179.359375,12494635,0.0
2025-04-18,ACB,ACB,20345.443359375,20553.049277151087,20303.921802776735,20345.443359375,12645975,0.8230389344309863
2025-04-21,ACB,ACB,20220.879362181626,20345.44403611979,20013.2734375,20013.2734375,8390402,-1.6326502008713328
2025-04-22,ACB,ACB,20179.359669417547,20262.400920161013,18809.155716959016,20013.2734375,15648280,0.0
2025-04-23,ACB,ACB,20428.486328125,20428.486328125,20054.79418659816,20428.486328125,7856915,2.074687541354381
2025-04-24,ACB,ACB,20262.400845794677,20386.965519275665,20054.794921875,20054.794921875,9488650,-1.8292662522700898
2025-04-25,ACB,ACB,20262.399316501476,20262.399316501476,19847.1875,19847.1875,21097440,-1.0352009216935465
2025-04-28,ACB,ACB,19971.752189532475,19971.752189532475,19805.66782025219,19888.7109375,6906325,0.20921572640959507
2025-04-29,ACB,ACB,19888.710702075492,20096.316627522236,19888.710702075492,19971.751953125,4251320,0.4175283953090636
2025-05-05,ACB,ACB,20137.838185654648,20137.838185654648,19930.230394992588,19971.751953125,7679259,0.0
2025-05-06,ACB,ACB,19971.752027036073,20096.316701894295,19930.23046875,19930.23046875,10855706,-0.2079010618219801
2025-05-07,ACB,ACB,20096.316701894295,20096.316701894295,19888.710775679247,19930.23046875,12049964,0.0
2025-05-08,ACB,ACB,20013.273364048004,20054.794921875,19888.710555782316,20054.794921875,10996290,0.6250025724505059
2025-05-09,ACB,ACB,20303.922403621673,20303.922403621673,20013.273364048004,20054.794921875,17186635,0.0
2025-05-12,ACB,ACB,20137.837585157464,20303.921947519266,20054.794471368932,20262.400390625,12876527,1.035191182750772
2025-05-13,ACB,ACB,20386.964771820323,20511.52944073435,20303.921659210977,20428.486328125,14601780,0.8196755285560631
2025-05-14,ACB,ACB,20470.007511073134,20719.13497914206,20470.007511073134,20594.5703125,12815703,0.8130019116802778
2025-05-15,ACB,ACB,21175.869068063752,21300.433738872496,20843.700343004293,21217.390625,31333440,3.0241966841229706
2025-05-16,ACB,ACB,21341.955531130086,21341.955531130086,21134.349609375,21134.349609375,17682848,-0.3913818484689413
2025-05-19,ACB,ACB,21134.349682537813,21341.95560501159,21009.785009924373,21092.828125,24594084,-0.19646445309384752
2025-05-20,ACB,ACB,21175.86899578595,21300.433666169527,21092.827747412153,21258.912109375,20210065,0.7873955232117646
2025-05-21,ACB,ACB,21383.47670705671,21508.039511801533,21258.912037096645,21300.43359375,14439791,0.1953133074795943
2025-05-22,ACB,ACB,21341.955295808744,21383.47685274499,21175.869068063752,21217.390625,24204521,-0.3898651564274602
2025-05-23,ACB,ACB,21550.0,21600.0,21450.0,21600.0,16950960,1.8032819481071272
2025-05-26,ACB,ACB,21600.0,21650.0,21100.0,21500.0,9963405,-0.462962962962965
2025-05-27,ACB,ACB,21600.0,21600.0,21400.0,21450.0,10113870,-0.23255813953488857
2025-05-28,ACB,ACB,21500.0,21550.0,21350.0,21400.0,8209824,-0.2331002331002363
2025-05-29,ACB,ACB,21450.0,21500.0,21300.0,21300.0,9282801,-0.4672897196261627
2025-05-30,ACB,ACB,21300.0,21350.0,21100.0,21100.0,10539580,-0.9389671361502372
2025-06-02,ACB,ACB,21100.0,21200.0,21000.0,21100.0,8200574,0.0
2025-06-03,ACB,ACB,21150.0,21300.0,21150.0,21250.0,8168890,0.7109004739336511
2025-06-04,ACB,ACB,21300.0,21350.0,21100.0,21100.0,7199111,-0.7058823529411784
2025-06-05,ACB,ACB,21150.0,21200.0,21000.0,21000.0,6332032,-0.4739336492891044
2025-06-06,ACB,ACB,21050.0,21200.0,21000.0,21000.0,10638540,0.0
2025-06-09,ACB,ACB,21000.0,21050.0,20900.0,20950.0,5743393,-0.23809523809523725
2025-06-10,ACB,ACB,21050.0,21050.0,20900.0,20950.0,10915120,0.0
2025-06-11,ACB,ACB,21000.0,21050.0,20900.0,20950.0,4474498,0.0
2025-06-12,ACB,ACB,21050.0,21150.0,20950.0,21050.0,6486902,0.4773269689737569
2025-06-13,ACB,ACB,21000.0,21350.0,20900.0,21050.0,11039970,0.0
2025-06-16,ACB,ACB,21000.0,21300.0,20950.0,21300.0,9718046,1.187648456057011
2025-06-17,ACB,ACB,21400.0,21450.0,21150.0,21200.0,12450850,-0.46948356807511304
2025-06-18,ACB,ACB,21200.0,21350.0,21150.0,21300.0,8650199,0.4716981132075526
2025-06-19,ACB,ACB,21300.0,21350.0,21150.0,21300.0,8467707,0.0
2025-06-20,ACB,ACB,21300.0,21750.0,21300.0,21450.0,15766670,0.7042253521126751
2025-06-23,ACB,ACB,21400.0,21450.0,21250.0,21350.0,10989030,-0.4662004662004615
2025-06-24,ACB,ACB,21450.0,21600.0,21300.0,21300.0,8582695,-0.23419203747072626
2025-06-25,ACB,ACB,21350.0,21450.0,21250.0,21250.0,7782379,-0.23474178403756207
2025-06-26,ACB,ACB,21300.0,21350.0,21150.0,21200.0,9903186,-0.23529411764705577
2025-06-27,ACB,ACB,21300.0,21300.0,21150.0,21200.0,6321843,0.0
2025-06-30,ACB,ACB,21250.0,21300.0,21150.0,21300.0,6050057,0.4716981132075526
2025-07-01,ACB,ACB,21300.0,21400.0,21250.0,21300.0,7539135,0.0
2025-07-02,ACB,ACB,21300.0,21450.0,21250.0,21300.0,8482295,0.0
2025-07-03,ACB,ACB,21350.0,21600.0,21300.0,21400.0,16237670,0.46948356807512415
2025-07-04,ACB,ACB,21450.0,22200.0,21450.0,21850.0,27670660,2.102803738317749
2025-07-07,ACB,ACB,22050.0,22350.0,21900.0,22250.0,18825750,1.8306636155606348
2025-07-08,ACB,ACB,22400.0,22400.0,22100.0,22250.0,16178450,0.0
2025-07-09,ACB,ACB,22250.0,22500.0,22250.0,22450.0,21490390,0.8988764044943753
2025-07-10,ACB,ACB,22650.0,22700.0,22400.0,22550.0,9160735,0.44543429844097204
2025-07-11,ACB,ACB,22550.0,22750.0,22500.0,22700.0,16065540,0.6651884700665134
2025-07-14,ACB,ACB,22750.0,22850.0,22350.0,22700.0,13189790,0.0
2025-07-15,ACB,ACB,22700.0,22800.0,22450.0,22450.0,15461240,-1.1013215859030812
2025-07-16,ACB,ACB,22450.0,22550.0,22300.0,22450.0,13515110,0.0
2025-07-17,ACB,ACB,22450.0,22550.0,22400.0,22450.0,16115270,0.0
2025-07-18,ACB,ACB,22500.0,22750.0,22400.0,22650.0,18870200,0.8908685968819663
2025-07-21,ACB,ACB,22700.0,23100.0,22650.0,22850.0,19909090,0.8830022075055233
2025-07-22,ACB,ACB,22850.0,22900.0,22600.0,22900.0,13008970,0.2188183807439792
2025-07-23,ACB,ACB,23050.0,23150.0,22900.0,23000.0,15708260,0.4366812227074135
2025-07-24,ACB,ACB,23150.0,23500.0,23100.0,23200.0,15720590,0.8695652173912993
2025-07-25,ACB,ACB,23450.0,23700.0,23450.0,23600.0,17558770,1.724137931034475
2025-07-28,ACB,ACB,23700.0,23850.0,23500.0,23850.0,17607250,1.0593220338983134
2025-07-29,ACB,ACB,23900.0,23950.0,22750.0,22750.0,41442640,-4.612159329140464
2025-07-30,ACB,ACB,22750.0,23100.0,22700.0,23000.0,16784560,1.098901098901095
2025-07-31,ACB,ACB,23200.0,23250.0,22700.0,23000.0,12075690,0.0
2025-08-01,ACB,ACB,23000.0,23050.0,22800.0,23000.0,12189220,0.0
2025-08-04,ACB,ACB,23000.0,23300.0,22800.0,23300.0,12367540,1.304347826086949
2025-08-05,ACB,ACB,23500.0,24500.0,23300.0,23450.0,45549740,0.6437768240343367
2025-08-06,ACB,ACB,23700.0,24400.0,23700.0,24200.0,16656980,3.1982942430703654
2025-08-07,ACB,ACB,24400.0,24650.0,24100.0,24400.0,19680430,0.8264462809917328
2025-08-08,ACB,ACB,24500.0,24800.0,24000.0,24250.0,15826830,-0.6147540983606592
2025-08-11,ACB,ACB,24300.0,24700.0,24250.0,24400.0,16076960,0.6185567010309256
2025-08-12,ACB,ACB,24500.0,24550.0,24100.0,24250.0,14669440,-0.6147540983606592
2025-08-13,ACB,ACB,24400.0,24650.0,24150.0,24500.0,22667410,1.0309278350515427
2025-08-14,ACB,ACB,24750.0,26200.0,24700.0,26200.0,32647070,6.938775510204076
2025-08-15,ACB,ACB,27300.0,27600.0,26350.0,26550.0,30022700,1.3358778625954137
2025-08-18,ACB,ACB,26800.0,27500.0,26350.0,27050.0,29157550,1.883239171374762
2025-08-19,ACB,ACB,27050.0,28700.0,27000.0,28450.0,42837580,5.175600739371533
2025-08-20,ACB,ACB,28500.0,28500.0,26900.0,28000.0,36617770,-1.5817223198594021
2025-08-21,ACB,ACB,28300.0,29500.0,28000.0,29450.0,46178310,5.178571428571432
2025-08-22,ACB,ACB,29000.0,29400.0,27650.0,27850.0,44943050,-5.432937181663833
2025-08-25,ACB,ACB,28200.0,28400.0,25950.0,26200.0,37889260,-5.9245960502693045
2025-08-26,ACB,ACB,26250.0,27400.0,26100.0,27350.0,22000570,4.389312977099236
2025-08-27,ACB,ACB,27800.0,28600.0,27550.0,27650.0,20594960,1.0968921389396646
2025-08-28,ACB,ACB,27800.0,28150.0,27100.0,27550.0,15202210,-0.3616636528028905
2025-08-29,ACB,ACB,27750.0,28400.0,27500.0,27800.0,23873570,0.9074410163339319
2025-09-03,ACB,ACB,27700.0,27750.0,27200.0,27500.0,21132610,-1.0791366906474864
2025-09-04,ACB,ACB,27600.0,27750.0,27400.0,27650.0,12232430,0.5454545454545379
2025-09-05,ACB,ACB,27950.0,28050.0,27150.0,27150.0,26331750,-1.8083182640144635
2025-09-08,ACB,ACB,27000.0,27600.0,26550.0,26550.0,28862360,-2.209944751381221
2025-09-09,ACB,ACB,26950.0,26950.0,26450.0,26550.0,15233050,0.0
2025-09-10,ACB,ACB,26700.0,26850.0,26450.0,26550.0,14111980,0.0
2025-09-11,ACB,ACB,26500.0,26550.0,25800.0,26200.0,20469050,-1.3182674199623379
2025-09-12,ACB,ACB,26550.0,26650.0,26200.0,26300.0,13112440,0.3816793893129722
2025-09-15,ACB,ACB,26300.0,26650.0,26100.0,26400.0,30931000,0.3802281368821214
2025-09-16,ACB,ACB,26600.0,26600.0,26200.0,26400.0,40881020,0.0
2025-09-17,ACB,ACB,26400.0,26450.0,26050.0,26150.0,14998810,-0.9469696969697017
2025-09-18,ACB,ACB,26200.0,26200.0,25550.0,25550.0,22897120,-2.294455066921608
2025-09-19,ACB,ACB,25800.0,25800.0,25300.0,25350.0,17120710,-0.7827788649706457
2025-09-22,ACB,ACB,25450.0,25450.0,25050.0,25150.0,19425360,-0.7889546351084853
2025-09-23,ACB,ACB,25150.0,25700.0,25150.0,25350.0,12475930,0.7952286282306265
2025-09-24,ACB,ACB,25500.0,26000.0,25250.0,26000.0,11234220,2.564102564102555
2025-09-25,ACB,ACB,26150.0,26150.0,25650.0,25650.0,8170967,-1.3461538461538414
2025-09-26,ACB,ACB,25650.0,25750.0,25450.0,25650.0,8983364,0.0
2025-09-29,ACB,ACB,25550.0,25800.0,25350.0,25600.0,8274812,-0.19493177387914784
2025-09-30,ACB,ACB,25750.0,25800.0,25450.0,25500.0,11102950,-0.390625
2025-10-01,ACB,ACB,25700.0,25950.0,25550.0,25800.0,10969310,1.17647058823529
2025-10-02,ACB,ACB,25900.0,26200.0,25700.0,25750.0,12472710,-0.19379844961240345
2025-10-03,ACB,ACB,25750.0,25850.0,25500.0,25650.0,10229990,-0.3883495145631022
2025-10-06,ACB,ACB,26150.0,26800.0,25900.0,26800.0,20307460,4.483430799220267
2025-10-07,ACB,ACB,26900.0,26900.0,26450.0,26450.0,12609640,-1.3059701492537323
2025-10-08,ACB,ACB,26650.0,26850.0,26600.0,26750.0,18241990,1.1342155009451904
2025-10-09,ACB,ACB,26800.0,26950.0,26600.0,26950.0,18852840,0.7476635514018781
2025-10-10,ACB,ACB,27050.0,27200.0,26800.0,26950.0,18186710,0.0
2025-10-13,ACB,ACB,26550.0,26800.0,26400.0,26750.0,22493100,-0.7421150278293154
2025-10-14,ACB,ACB,26750.0,26950.0,26250.0,26300.0,18852930,-1.6822429906542036
2025-10-15,ACB,ACB,26400.0,26650.0,26150.0,26300.0,14742330,0.0
2025-10-16,ACB,ACB,26400.0,26550.0,26150.0,26300.0,13474770,0.0
2025-10-17,ACB,ACB,26300.0,26400.0,25750.0,25750.0,16312950,-2.0912547528517123
2025-10-20,ACB,ACB,25600.0,25650.0,24600.0,24800.0,33117730,-3.689320388349515
2025-10-21,ACB,ACB,24850.0,25300.0,24850.0,25000.0,21629700,0.8064516129032251
2025-10-22,ACB,ACB,25200.0,25300.0,24650.0,25100.0,15635920,0.40000000000000036
2025-10-23,ACB,ACB,25100.0,25200.0,24950.0,24950.0,10710220,-0.5976095617529875
2025-10-24,ACB,ACB,24950.0,25300.0,24800.0,25000.0,17733490,0.2004008016031955
2025-10-27,ACB,ACB,25300.0,25550.0,24950.0,25000.0,10538950,0.0
2025-10-28,ACB,ACB,25100.0,25400.0,25050.0,25400.0,10313390,1.6000000000000014
2025-10-29,ACB,ACB,25400.0,25550.0,25300.0,25400.0,36658230,0.0
2025-10-30,ACB,ACB,25500.0,25700.0,25000.0,25100.0,9720545,-1.1811023622047223
2025-10-31,ACB,ACB,25300.0,25500.0,25050.0,25500.0,16827430,1.5936254980079667
2025-11-03,ACB,ACB,25400.0,25900.0,25300.0,25450.0,14548740,-0.19607843137254832
2025-11-04,ACB,ACB,25450.0,26100.0,25400.0,26000.0,19150650,2.16110019646365
2025-11-05,ACB,ACB,25800.0,25900.0,25550.0,25600.0,10336060,-1.538461538461533
2025-11-06,ACB,ACB,25550.0,25700.0,25300.0,25300.0,6842303,-1.171875
2025-11-07,ACB,ACB,25250.0,25300.0,24850.0,24900.0,15046270,-1.5810276679841917
2025-11-10,ACB,ACB,24900.0,25200.0,24700.0,24800.0,7525732,-0.40160642570281624
2025-11-11,ACB,ACB,24850.0,25050.0,24800.0,24850.0,7868106,0.20161290322580072
2025-11-12,ACB,ACB,25000.0,25200.0,24800.0,25200.0,7135256,1.4084507042253502
2025-11-13,ACB,ACB,25200.0,25200.0,25000.0,25100.0,5904781,-0.3968253968253954
2025-11-14,ACB,ACB,25100.0,25100.0,24900.0,24950.0,7671418,-0.5976095617529875
2025-11-17,ACB,ACB,25000.0,25150.0,24950.0,25150.0,4997875,0.8016032064128265
2025-11-18,ACB,ACB,25200.0,25400.0,25050.0,25100.0,6397886,-0.1988071570576566
2025-11-19,ACB,ACB,25150.0,25150.0,24850.0,24900.0,6002717,-0.7968127490039834
2025-11-20,ACB,ACB,25000.0,25000.0,24800.0,24800.0,6159454,-0.40160642570281624
2025-11-21,ACB,ACB,24750.0,24850.0,24600.0,24700.0,7305892,-0.40322580645161255
2025-11-24,ACB,ACB,24700.0,24850.0,24600.0,24600.0,7090518,-0.4048582995951455
2025-11-25,ACB,ACB,24650.0,24700.0,24100.0,24200.0,15874320,-1.6260162601625994
2025-11-26,ACB,ACB,24200.0,24400.0,24150.0,24200.0,9009389,0.0
2025-11-27,ACB,ACB,24450.0,24500.0,24300.0,24350.0,7797255,0.6198347107438051
2025-11-28,ACB,ACB,24350.0,24450.0,24250.0,24250.0,5664461,-0.4106776180698102
2025-12-01,ACB,ACB,24300.0,24350.0,24000.0,24000.0,17056750,-1.0309278350515427
2025-12-02,ACB,ACB,24050.0,24150.0,23850.0,23950.0,16516390,-0.2083333333333326
2025-12-03,ACB,ACB,24000.0,24550.0,24000.0,24450.0,16429210,2.087682672233826
2025-12-04,ACB,ACB,24550.0,25000.0,24500.0,24900.0,12478290,1.8404907975460016
2025-12-05,ACB,ACB,24900.0,25000.0,24350.0,24350.0,9005902,-2.208835341365467
2025-12-08,ACB,ACB,24250.0,24450.0,24200.0,24200.0,4944494,-0.6160164271047264
2025-12-09,ACB,ACB,24200.0,24250.0,24000.0,24100.0,12933770,-0.4132231404958664
2025-12-10,ACB,ACB,24150.0,24300.0,24050.0,24100.0,5463628,0.0
2025-12-11,ACB,ACB,24250.0,24250.0,23950.0,23950.0,7536174,-0.6224066390041472
2025-12-12,ACB,ACB,24050.0,24100.0,23500.0,23500.0,14604110,-1.8789144050104345
2025-12-15,ACB,ACB,23500.0,23600.0,23450.0,23550.0,11363340,0.21276595744681437
2025-12-16,ACB,ACB,23550.0,24800.0,23450.0,24000.0,9839729,1.9108280254777066
2025-12-17,ACB,ACB,24050.0,24150.0,23900.0,24000.0,14416030,0.0
2025-12-18,ACB,ACB,24000.0,24000.0,23800.0,23850.0,5564240,-0.6249999999999978
2025-12-19,ACB,ACB,23900.0,24050.0,23850.0,23900.0,6814789,0.20964360587001352
2025-12-22,ACB,ACB,24000.0,24450.0,23900.0,24300.0,9998121,1.673640167364021
2025-12-23,ACB,ACB,24450.0,24600.0,23950.0,24200.0,8678660,-0.4115226337448541
2025-12-24,ACB,ACB,24150.0,24450.0,23950.0,24300.0,9016292,0.4132231404958775
2025-12-25,ACB,ACB,24300.0,24600.0,24000.0,24000.0,7250059,-1.2345679012345734
2025-12-26,ACB,ACB,23900.0,24050.0,23650.0,23900.0,8373673,-0.4166666666666652
2025-12-29,ACB,ACB,23850.0,24100.0,23800.0,24000.0,7980043,0.4184100418409997
2025-12-30,ACB,ACB,24000.0,24200.0,23900.0,24100.0,19357660,0.4166666666666652
2025-12-31,ACB,ACB,24150.0,24250.0,23900.0,24000.0,6099907,-0.4149377593360981
2026-01-05,ACB,ACB,24000.0,24100.0,23850.0,24000.0,9135777,0.0
2026-01-06,ACB,ACB,24050.0,24100.0,23750.0,24000.0,12750970,0.0
2026-01-07,ACB,ACB,24200.0,24750.0,24100.0,24650.0,22956940,2.708333333333335
2026-01-08,ACB,ACB,24750.0,25050.0,24500.0,24550.0,30961980,-0.40567951318458695
2026-01-09,ACB,ACB,24700.0,24950.0,24500.0,24550.0,30557460,0.0
2026-01-12,ACB,ACB,24650.0,25500.0,24650.0,25500.0,22449180,3.86965376782078
2026-01-13,ACB,ACB,25700.0,25800.0,24900.0,24900.0,25046500,-2.352941176470591
2026-01-14,ACB,ACB,25000.0,25150.0,24500.0,24650.0,19506210,-1.0040160642570295
2026-01-15,ACB,ACB,24850.0,24900.0,24550.0,24900.0,14683070,1.0141987829614507
2026-01-16,ACB,ACB,25000.0,25100.0,24650.0,24850.0,10971910,-0.20080321285140812
2026-01-19,ACB,ACB,24900.0,25150.0,24750.0,25100.0,11237250,1.0060362173038184
2026-01-20,ACB,ACB,25100.0,25300.0,25000.0,25050.0,19562380,-0.19920318725099584
2026-01-21,ACB,ACB,25000.0,25150.0,24750.0,24850.0,14493060,-0.7984031936127733
2026-01-22,ACB,ACB,24900.0,25050.0,24800.0,24850.0,11742770,0.0
2026-01-23,ACB,ACB,25000.0,25100.0,24900.0,25050.0,11789000,0.8048289738430636
2026-01-26,ACB,ACB,25050.0,25100.0,24650.0,24800.0,14135570,-0.9980039920159722
2026-01-27,ACB,ACB,24600.0,24800.0,24450.0,24700.0,13215960,-0.40322580645161255
2026-01-28,ACB,ACB,24450.0,24500.0,23850.0,23900.0,49811360,-3.238866396761131
2026-01-29,ACB,ACB,24000.0,24150.0,23750.0,23800.0,20859770,-0.4184100418409997
2026-01-30,ACB,ACB,23850.0,24100.0,23800.0,24100.0,16466970,1.2605042016806678
2026-02-02,ACB,ACB,24050.0,24050.0,23700.0,23750.0,14321170,-1.4522821576763434
2026-02-03,ACB,ACB,23800.0,23900.0,23700.0,23700.0,19196620,-0.21052631578947212
2026-02-04,ACB,ACB,23700.0,23800.0,23550.0,23600.0,19158900,-0.42194092827003704
2026-02-05,ACB,ACB,23650.0,23700.0,23450.0,23450.0,14058810,-0.6355932203389814
2026-02-06,ACB,ACB,23400.0,23450.0,23000.0,23000.0,24338040,-1.9189765458422214
2026-02-09,ACB,ACB,23200.0,23350.0,22900.0,22950.0,13697150,-0.21739130434782483
2026-02-10,ACB,ACB,23100.0,23150.0,22850.0,23000.0,15011000,0.2178649237472685
2026-02-11,ACB,ACB,23050.0,23650.0,23050.0,23650.0,22499680,2.826086956521734
2026-02-12,ACB,ACB,23650.0,23850.0,23550.0,23850.0,17478730,0.8456659619450413
2026-02-13,ACB,ACB,23850.0,23900.0,23700.0,23850.0,15198890,0.0
2024-01-02,OCB,OCB,9764.751043516719,9874.058405556181,9764.751043516719,9801.1865234375,1322956,
2024-01-03,OCB,OCB,9801.18620067832,10092.671875,9764.750721957384,10092.671875,2937254,2.973980250916286
2024-01-04,OCB,OCB,10092.672197248246,10529.899800413887,10056.236717363963,10238.4150390625,6814367,1.4440493644057861
2024-01-05,OCB,OCB,10274.850784089,10420.592707387,10201.978900162858,10384.1572265625,8775215,1.4234838785490922
2024-01-08,OCB,OCB,10384.156777664415,10639.2060546875,10311.285819165565,10639.2060546875,8679959,2.456134114308184
2024-01-09,OCB,OCB,10639.205918503589,10748.513277129814,10493.464003371411,10566.3349609375,6034564,-0.6849298093807854
2024-01-10,OCB,OCB,10602.770575438075,10639.2060546875,10201.978459140184,10639.2060546875,9010050,0.6896534514511998
2024-01-11,OCB,OCB,10639.20644049448,11003.56309075552,10639.20644049448,10821.384765625,14678366,1.7123337023558616
2024-01-12,OCB,OCB,10712.077479429747,10930.691267896596,10639.205601756086,10857.8203125,8020165,0.33669948591736887
2024-01-15,OCB,OCB,10930.691863679984,11185.741143746733,10894.256383995751,11149.3056640625,8439810,2.6845659918218523
2024-01-16,OCB,OCB,11222.176293964334,11222.176293964334,10894.256064156376,11003.5625,2607810,-1.3071949810495642
2024-01-17,OCB,OCB,11112.870454744689,11112.870454744689,10821.384765625,10821.384765625,3297800,-1.655625024849905
2024-01-18,OCB,OCB,10930.69192664175,10930.69192664175,10712.078125,10712.078125,3330460,-1.0100984577521066
2024-01-19,OCB,OCB,10821.384049494503,10967.126884409474,10821.384049494503,10930.69140625,3419625,2.0408111171239307
2024-01-22,OCB,OCB,10967.126815234315,11039.997771093627,10857.820381445345,10894.255859375,2543269,-0.3333324994809317
2024-01-23,OCB,OCB,10930.692129614166,10930.692129614166,10784.949285054323,10821.384765625,2585130,-0.6688946421915642
2024-01-24,OCB,OCB,10748.513346157744,10894.256184502987,10493.46407076139,10602.7705078125,4506969,-2.0202059398806815
2024-01-25,OCB,OCB,10675.64245621403,10675.64245621403,10529.899616939223,10639.2060546875,1977825,0.3436417571063499
2024-01-26,OCB,OCB,10712.077935463454,10712.077935463454,10639.2060546875,10639.2060546875,2233914,0.0
2024-01-29,OCB,OCB,10748.513671875,10748.513671875,10602.770829113242,10748.513671875,2682719,1.0274038929750873
2024-01-30,OCB,OCB,10748.513542981702,11222.176623430967,10748.513542981702,11149.3056640625,10285574,3.728813158941491
2024-01-31,OCB,OCB,11185.741415886041,11185.741415886041,10784.949285054323,10821.384765625,4531463,-2.941177758669633
2024-02-01,OCB,OCB,10821.384699096676,10857.821101720485,10639.206375086162,10784.94921875,4716661,-0.33669948591736887
2024-02-02,OCB,OCB,10712.077798346769,10784.94875591286,10566.3349609375,10566.3349609375,4358447,-2.027030942643959
2024-02-05,OCB,OCB,10675.64206951999,10930.691337304657,10566.33471345395,10894.255859375,3774599,3.1034497737369104
2024-02-06,OCB,OCB,10967.127610184843,11076.434974174012,10821.384765625,10821.384765625,2149026,-0.6688946421915642
2024-02-07,OCB,OCB,10857.820585541835,11039.997978614541,10821.384184650205,11003.5625,4958106,1.6834974295868443
2024-02-15,OCB,OCB,11003.562764450453,11695.839641595603,11003.562764450453,11586.533203125,14990702,5.298017829452961
2024-02-16,OCB,OCB,11659.403832093087,11659.403832093087,11331.483603685749,11440.7900390625,4156141,-1.2578668831086715
2024-02-19,OCB,OCB,11440.79010726139,11805.146738576668,11295.04819255695,11477.2255859375,5135918,0.3184705492417672
2024-02-20,OCB,OCB,11477.225309633332,11477.225309633332,11258.611520562517,11331.4833984375,4725085,-1.269838136479351
2024-02-21,OCB,OCB,11367.919082144666,11513.661918257418,11185.740767572997,11440.7900390625,5256705,0.9646278142195541
2024-02-22,OCB,OCB,11440.790751030283,11513.662634760065,11295.048828125,11295.048828125,3550262,-1.2738736611710655
2024-02-23,OCB,OCB,11404.35480576932,11622.96860349957,11076.4345703125,11076.4345703125,10096228,-1.93548749668212
2024-02-26,OCB,OCB,11112.86985812071,11112.86985812071,10967.127021385459,11003.5625,3782634,-0.6579018713098739
2024-02-27,OCB,OCB,11076.4345703125,11149.305528796882,10967.127210308825,11076.4345703125,3589660,0.6622588849065858
2024-02-28,OCB,OCB,11112.870317450894,11222.1767578125,11076.43483733036,11222.1767578125,3733516,1.3157861094636347
2024-02-29,OCB,OCB,11331.483722147765,11404.35467982741,11039.998046875,11039.998046875,4578378,-1.6233812286967741
2024-03-01,OCB,OCB,11039.998046875,11112.869926831738,10967.127089195355,11039.998046875,3545078,0.0
2024-03-04,OCB,OCB,11149.30540567156,11149.30540567156,11003.562568035177,11039.998046875,4281335,0.0
2024-03-05,OCB,OCB,11003.562568035177,11076.434447991915,10967.127089195355,11039.998046875,3857932,0.0
2024-03-06,OCB,OCB,11039.998046875,11222.176363351204,10967.127089195355,11039.998046875,4414693,0.0
2024-03-07,OCB,OCB,11003.5625,11039.997978614541,10967.127021385459,11003.5625,2274609,-0.330032185878093
2024-03-08,OCB,OCB,11003.563023107192,11039.998503453868,10748.513738403322,10784.94921875,13269873,-1.9867500298198837
2024-03-11,OCB,OCB,10748.513277129814,10748.513277129814,10493.464003371411,10566.3349609375,4231568,-2.027030942643959
2024-03-12,OCB,OCB,10493.464257520374,10712.078057790502,10457.028777854872,10675.642578125,2917943,1.0344894193833332
2024-03-13,OCB,OCB,10748.513093175556,10930.69140625,10639.205736420061,10930.69140625,2765922,2.3890723790960244
2024-03-14,OCB,OCB,10930.691994757915,10930.691994757915,10675.642711632683,10748.513671875,3261643,-1.6666624974046362
2024-03-15,OCB,OCB,10712.077935463454,10712.077935463454,10602.770575438075,10639.2060546875,2383343,-1.0169556510266076
2024-03-18,OCB,OCB,10639.20624293467,10712.078125,10165.543159757064,10712.078125,6443322,0.6849389882847001
2024-03-19,OCB,OCB,10639.206514611144,10639.206514611144,10347.721745738001,10384.1572265625,2580594,-3.0612257921475927
2024-03-20,OCB,OCB,10384.156644745186,10639.205918503589,10311.285687179095,10566.3349609375,3864023,1.7543815102201377
2024-03-21,OCB,OCB,10712.077479429747,10857.8203125,10639.205601756086,10857.8203125,6146538,2.7586230480113327
2024-03-22,OCB,OCB,10857.821101720485,10967.127542760514,10712.078258056647,10784.94921875,5150174,-0.6711392494321178
2024-03-25,OCB,OCB,10784.949017121507,10930.69185806063,10639.206176182384,10675.642578125,2812578,-1.013510943889906
2024-03-26,OCB,OCB,10675.642777709969,10894.25658206716,10675.642777709969,10784.94921875,3066724,1.0238881624697216
2024-03-27,OCB,OCB,10930.69140625,11076.43424116497,10821.384049494503,10930.69140625,5004762,1.3513479251865412
2024-03-28,OCB,OCB,11039.998046875,11076.434447991915,10930.691610355532,11039.998046875,3431030,0.9999974984427729
2024-03-29,OCB,OCB,11039.997771093627,11076.434171300354,10821.383981238618,10894.255859375,1882439,-1.320128743512361
2024-04-01,OCB,OCB,10967.127610184843,10967.127610184843,10748.513804483646,10821.384765625,2017742,-0.6688946421915642
2024-04-02,OCB,OCB,10857.821101720485,10857.821101720485,10639.206375086162,10784.94921875,2000505,-0.33669948591736887
2024-04-03,OCB,OCB,10748.513277129814,10784.94875591286,10529.899482154455,10566.3349609375,8316301,-2.027030942643959
2024-04-04,OCB,OCB,10566.334892609933,10639.2058497048,10493.463935515067,10529.8994140625,3343290,-0.3448267257255999
2024-04-05,OCB,OCB,10493.4638671875,10529.899345497686,10420.591988290049,10493.4638671875,2516571,-0.3460198947991988
2024-04-08,OCB,OCB,10493.4638671875,10566.334823807872,10420.591988290049,10493.4638671875,1665100,0.0
2024-04-09,OCB,OCB,10493.464137689796,10639.2060546875,10457.028658440371,10639.2060546875,1577879,1.3888853989932448
2024-04-10,OCB,OCB,10639.206176182384,10712.078057790502,10602.770696516882,10675.642578125,3335903,0.34247408359429077
2024-04-11,OCB,OCB,10529.899616939223,10639.2060546875,10457.028658440371,10639.2060546875,664588,-0.3413052017324003
2024-04-12,OCB,OCB,10675.642843342292,10821.384765625,10566.335479353125,10821.384765625,3314389,1.7123337023558616
2024-04-15,OCB,OCB,10712.078122112423,10930.691923695244,10201.978636901096,10238.4150390625,5772902,-5.387200799054392
2024-04-16,OCB,OCB,10311.285330726627,10347.720808250127,9874.057755890499,9946.9287109375,5111682,-2.8469868335371795
2024-04-17,OCB,OCB,10092.671737700548,10238.41457287872,9946.928902522375,10019.80078125,3590179,0.7326087522108393
2024-04-19,OCB,OCB,9910.494007614629,10129.107812110644,9764.75116385824,9837.623046875,3184789,-1.8181772108274652
2024-04-22,OCB,OCB,10056.236259475274,10056.236259475274,9910.493424297101,10019.80078125,1004658,1.851847072274948
2024-04-23,OCB,OCB,10092.67233174083,10092.67233174083,9801.186644228053,9837.623046875,11852762,-1.8181772108274652
2024-04-24,OCB,OCB,9874.058080397286,10129.107353720938,9874.058080397286,10092.671875,3778487,2.5925859011849184
2024-04-25,OCB,OCB,10092.672467196247,10165.543428913888,9837.623178907357,9910.494140625,2640729,-1.805049610562115
2024-04-26,OCB,OCB,9874.057755890499,10019.800588261562,9874.057755890499,9946.9287109375,1421322,0.36763626309155306
2024-05-02,OCB,OCB,9946.9287109375,9983.364188461,9837.622278366998,9946.9287109375,968759,0.0
2024-05-03,OCB,OCB,9983.3642578125,10092.671613419387,9946.928780035892,9983.3642578125,1952812,0.3662994672409381
2024-05-06,OCB,OCB,10092.672010331009,10238.414849446091,10056.236531121514,10165.54296875,2185703,1.8248228376014142
2024-05-07,OCB,OCB,10201.978703416698,10274.8505859375,10129.107743173021,10274.8505859375,1371815,1.0752757380842581
2024-05-08,OCB,OCB,10238.4150390625,10238.4150390625,10092.672197248246,10238.4150390625,1411343,-0.3546090190826412
2024-05-09,OCB,OCB,10165.543036173844,10274.85039680442,10056.236597820374,10201.978515625,1943221,-0.35588050785677616
2024-05-10,OCB,OCB,10238.41478105038,10238.41478105038,10092.671942908904,10129.107421875,1208778,-0.714283936575566
2024-05-13,OCB,OCB,10165.542832441875,10165.542832441875,10019.800917558125,10092.671875,1311551,-0.3597113285254805
2024-05-14,OCB,OCB,10092.671806599003,10201.978242021014,10056.236328125,10056.236328125,1245067,-0.3610099221124208
2024-05-15,OCB,OCB,10092.671875,10165.542832441875,10056.236396279062,10092.671875,2800785,0.3623179257740583
2024-05-16,OCB,OCB,10165.542849769827,10566.3349609375,10129.107370986781,10566.3349609375,4862850,4.693138663417606
2024-05-17,OCB,OCB,10602.770439720543,10675.642319563725,10457.028524588366,10566.3349609375,2360403,0.0
2024-05-20,OCB,OCB,10930.691663520023,10930.691663520023,10566.335028795464,10602.7705078125,2637878,0.3448267257255999
2024-05-21,OCB,OCB,10602.770302118059,10639.205780428243,10384.156509979863,10493.4638671875,3132819,-1.0309252713190276
2024-05-22,OCB,OCB,10493.4638671875,10602.770302118059,10457.028388877316,10493.4638671875,1749210,0.0
2024-05-23,OCB,OCB,10493.464003371411,10566.3349609375,10457.028524588366,10566.3349609375,2236117,0.6944426994966335
2024-05-24,OCB,OCB,10529.8994140625,10748.513207624184,10493.463935515067,10529.8994140625,4846131,-0.3448267257255999
2024-05-27,OCB,OCB,10493.46407076139,10602.7705078125,10493.46407076139,10602.7705078125,1722901,0.6920397895983976
2024-05-28,OCB,OCB,10602.770763040566,10748.513604894106,10602.770763040566,10712.078125,2895522,1.0309344817654775
2024-05-29,OCB,OCB,10712.077798346769,10748.513277129814,10566.3349609375,10566.3349609375,2734818,-1.3605498612109912
2024-05-30,OCB,OCB,10529.899737185877,10675.642578125,10457.028777854872,10675.642578125,2226527,1.0344894193833332
2024-05-31,OCB,OCB,10675.642711632683,10784.949151996158,10566.335348992085,10748.513671875,2428962,0.6825921083131625
2024-06-03,OCB,OCB,10748.513542981702,11185.741143746733,10712.07806329747,11149.3056640625,11376676,3.728813158941491
2024-06-04,OCB,OCB,11149.305528796882,11185.741008039073,11039.998168793207,11076.4345703125,5636691,-0.6535931110480231
2024-06-05,OCB,OCB,11076.43483733036,11404.355080692301,11003.562954812163,11222.1767578125,7190466,1.3157861094636347
2024-06-06,OCB,OCB,11222.17655557931,11258.612035043247,11039.998235982517,11112.8701171875,2255298,-0.974023515971667
2024-06-07,OCB,OCB,11112.870383341227,11295.0487073012,11039.99850039096,11258.6123046875,4409250,1.3114720676397518
2024-06-10,OCB,OCB,11258.612170743689,11331.484052827,11149.305731034405,11185.7412109375,2971856,-0.6472475628249486
2024-06-11,OCB,OCB,11112.870049554691,11222.176487281264,11076.4345703125,11076.4345703125,1954756,-0.9771962229746523
2024-06-12,OCB,OCB,11076.43483733036,11222.1767578125,11039.998434932699,11222.1767578125,2758665,1.3157861094636347
2024-06-13,OCB,OCB,11222.17611095401,11404.354423332854,11222.17611095401,11367.9189453125,5096260,1.2986980212955412
2024-06-14,OCB,OCB,11404.35480576932,11404.35480576932,11076.4345703125,11076.4345703125,9318239,-2.5640961762855685
2024-06-17,OCB,OCB,11076.43410096685,11149.305056363444,10748.512957128043,10857.8203125,8209122,-1.9736879807735086
2024-06-18,OCB,OCB,10930.691267896596,10930.691267896596,10857.8203125,10857.8203125,6889794,0.0
2024-06-19,OCB,OCB,10857.821101720485,10930.692062413838,10566.335414392808,10784.94921875,8257075,-0.6711392494321178
2024-06-20,OCB,OCB,10784.949151996158,10930.691994757915,10712.078191753842,10748.513671875,519176,-0.3378369812966353
2024-06-21,OCB,OCB,10748.513277129814,10784.94875591286,10529.899482154455,10566.3349609375,33050215,-1.69492002800532
2024-06-24,OCB,OCB,10566.334629715684,10712.077462556368,10311.285363952284,10420.591796875,8434886,-1.379316145108922
2024-06-25,OCB,OCB,10420.59219045022,10602.7705078125,10420.59219045022,10602.7705078125,46081016,1.7482568599619608
2024-06-26,OCB,OCB,10566.334629715684,10566.334629715684,10311.285363952284,10420.591796875,15581807,-1.7182179959781663
2024-06-27,OCB,OCB,10420.591796875,10420.591796875,10347.72084159319,10420.591796875,2194645,0.0
2024-06-28,OCB,OCB,10420.592506424851,10457.028908823815,10274.8505859375,10274.8505859375,78420156,-1.39858861932588
2024-07-01,OCB,OCB,10274.84988631138,10420.591796875,10274.84988631138,10420.591796875,912124,1.4184265719344502
2024-07-02,OCB,OCB,10457.028388877316,10529.899345497686,10420.591988290049,10493.4638671875,953077,0.6993083668660027
2024-07-03,OCB,OCB,10566.334823807872,10566.334823807872,10457.028388877316,10493.4638671875,961890,0.0
2024-07-04,OCB,OCB,10602.770371157367,10748.513207624184,10529.8994140625,10529.8994140625,1902267,0.34722134974831675
2024-07-05,OCB,OCB,10639.206176182384,10675.642578125,10457.028777854872,10675.642578125,1683762,1.3840888533831919
2024-07-08,OCB,OCB,10675.642578125,10675.642578125,10457.028777854872,10675.642578125,2121421,0.0
2024-07-09,OCB,OCB,10566.3349609375,10639.205918503589,10457.028524588366,10566.3349609375,2309730,-1.0238973100455517
2024-07-10,OCB,OCB,10602.770696516882,10675.642578125,10529.899737185877,10675.642578125,1921060,1.0344894193833332
2024-07-11,OCB,OCB,10639.205986829536,10675.642388123671,10566.335028795464,10602.7705078125,1269301,-0.6826012558889816
2024-07-12,OCB,OCB,10566.334892609933,10639.2058497048,10529.8994140625,10529.8994140625,1438688,-0.6872835142126887
2024-07-15,OCB,OCB,10566.334823807872,10639.205780428243,10493.4638671875,10493.4638671875,825032,-0.3460198947991988
2024-07-16,OCB,OCB,10493.463935515067,10602.770371157367,10493.463935515067,10529.8994140625,1683374,0.34722134974831675
2024-07-17,OCB,OCB,10566.3349609375,10784.94875591286,10529.899482154455,10566.3349609375,3506716,0.3460198947991877
2024-07-18,OCB,OCB,10675.642388123671,10675.642388123671,10529.899549778427,10602.7705078125,1314143,0.3448267257255999
2024-07-19,OCB,OCB,10602.770390685871,11185.740815349793,10493.463954842247,11003.5625,8246058,3.7800685386162325
2024-07-22,OCB,OCB,11076.4345703125,11112.870049554691,10857.820772582252,11076.4345703125,4180247,0.6622588849065858
2024-07-23,OCB,OCB,11076.434430731399,11112.869909514442,10311.285687179095,10566.3349609375,6428288,-4.605269016278846
2024-07-24,OCB,OCB,10493.464137689796,10712.077935463454,10457.028658440371,10639.2060546875,2063231,0.6896534514511998
2024-07-25,OCB,OCB,10602.7705078125,10639.205986829536,10493.46407076139,10602.7705078125,1632570,-0.34246490469038715
2024-07-26,OCB,OCB,10566.335414392808,10784.94921875,10529.899934046132,10784.94921875,3203063,1.7182179959781774
2024-07-29,OCB,OCB,10748.512957128043,10930.691267896596,10712.077479429747,10857.8203125,2803636,0.6756739625932706
2024-07-30,OCB,OCB,10857.821101720485,10967.127542760514,10748.513738403322,10784.94921875,4612463,-0.6711392494321178
2024-07-31,OCB,OCB,10712.077798346769,10712.077798346769,10493.464003371411,10566.3349609375,4198910,-2.027030942643959
2024-08-01,OCB,OCB,10602.770371157367,10602.770371157367,10457.028456967633,10529.8994140625,1359244,-0.3448267257255999
2024-08-02,OCB,OCB,10420.592375912256,10675.642578125,10347.721416581251,10675.642578125,3540412,1.3840888533831919
2024-08-05,OCB,OCB,10566.334942926367,10566.334942926367,10019.800917558125,10092.671875,3522786,-5.460755161656872
2024-08-06,OCB,OCB,10056.236912674933,10384.157160279428,9946.929548622009,10347.7216796875,4313476,2.5270791307430596
2024-08-07,OCB,OCB,10347.721745738001,10457.029110488644,10165.543419338357,10384.1572265625,2088892,0.3521117788326533
2024-08-08,OCB,OCB,10274.84988631138,10457.028196792968,10238.414408670475,10420.591796875,2165615,0.35086689769392443
2024-08-09,OCB,OCB,10457.028456967633,10602.770371157367,10420.592056143114,10529.8994140625,1529150,1.048957864564648
2024-08-12,OCB,OCB,10493.46407076139,10639.205986829536,10493.46407076139,10602.7705078125,1449964,0.6920397895983976
2024-08-13,OCB,OCB,10602.770439720543,10712.077798346769,10493.464003371411,10566.3349609375,2782382,-0.3436417571063388
2024-08-14,OCB,OCB,10602.7705078125,10639.205986829536,10529.899549778427,10602.7705078125,1560254,0.3448267257255999
2024-08-15,OCB,OCB,10602.770302118059,10602.770302118059,10493.4638671875,10493.4638671875,595771,-1.0309252713190276
2024-08-16,OCB,OCB,10639.2058497048,10675.64225052932,10493.463935515067,10529.8994140625,4348209,0.34722134974831675
2024-08-19,OCB,OCB,10639.205918503589,10639.205918503589,10493.464003371411,10566.3349609375,1389830,0.3460198947991877
2024-08-20,OCB,OCB,10566.334892609933,10639.2058497048,10493.463935515067,10529.8994140625,4026801,-0.3448267257255999
2024-08-21,OCB,OCB,10566.3349609375,10566.3349609375,10493.464003371411,10566.3349609375,2763330,0.3460198947991877
2024-08-22,OCB,OCB,10602.770439720543,10712.077798346769,10529.899482154455,10566.3349609375,4176230,0.0
2024-08-23,OCB,OCB,10639.205918503589,10712.077798346769,10529.899482154455,10566.3349609375,4545589,0.0
2024-08-26,OCB,OCB,10602.770371157367,10602.770371157367,10529.8994140625,10529.8994140625,2953324,-0.3448267257255999
2024-08-27,OCB,OCB,10529.900072137643,10566.335552962144,10384.1572265625,10384.1572265625,4032763,-1.384079579196773
2024-08-28,OCB,OCB,10384.156441892856,10493.463798383784,10384.156441892856,10457.0283203125,3221855,0.7017526040880462
2024-08-29,OCB,OCB,10537.186256704308,10668.35434753181,10493.4638671875,10493.4638671875,2384099,0.34843117718468264
2024-08-30,OCB,OCB,10580.909963843533,10580.909963843533,10406.0185546875,10406.0185546875,833543,-0.8333312393959513
2024-09-04,OCB,OCB,10318.57297762828,10362.296291596187,10187.404880278813,10274.8505859375,1377971,-1.2605010077645362
2024-09-05,OCB,OCB,10318.572656058514,10406.018358992027,10187.404562796792,10231.126953125,1181951,-0.4255403272952818
2024-09-06,OCB,OCB,10231.127401677668,10231.127401677668,10099.95930266528,10143.6826171875,957311,-0.8546891885726327
2024-09-09,OCB,OCB,10143.6826171875,10187.405009432585,10099.95930266528,10143.6826171875,522179,0.0
2024-09-10,OCB,OCB,10187.404419542247,10231.126809255633,10056.236328125,10056.236328125,684611,-0.862076351978236
2024-09-11,OCB,OCB,10056.236126463047,10143.68182641332,9881.3447265625,9881.3447265625,1779191,-1.7391357547293151
2024-09-12,OCB,OCB,9968.791015625,10012.513407045408,9925.067701927474,9968.791015625,608471,0.8849634486228553
2024-09-13,OCB,OCB,9968.791015625,10012.513407045408,9925.067701927474,9968.791015625,9128699,0.0
2024-09-16,OCB,OCB,9968.790695104217,10056.23639741056,9925.0673828125,9925.0673828125,979775,-0.4386051703157201
2024-09-17,OCB,OCB,10012.513595897974,10143.6826171875,9881.345496885586,10143.6826171875,928259,2.202657432367472
2024-09-18,OCB,OCB,10143.6826171875,10187.405009432585,10012.513595897974,10143.6826171875,1136807,0.0
2024-09-19,OCB,OCB,10143.6826171875,10187.405009432585,10056.236910420195,10143.6826171875,449171,0.0
2024-09-20,OCB,OCB,10231.126686061923,10274.849997525918,10143.681907688077,10187.404296875,1233359,0.43102373504291247
2024-09-23,OCB,OCB,10143.682297519324,10231.127079253754,10056.236593507783,10099.958984375,811727,-0.8583669593521859
2024-09-24,OCB,OCB,10143.681907688077,10231.126686061923,10056.236207037158,10187.404296875,842723,0.8657986892350866
2024-09-25,OCB,OCB,10231.126686061923,10318.572386712842,10187.404296875,10187.404296875,3769847,0.0
2024-09-26,OCB,OCB,10231.126763255419,10668.35434753181,10187.404373738613,10493.4638671875,5327423,3.0042939437122884
2024-09-27,OCB,OCB,10624.632226961752,10799.523634010255,10493.464132813926,10537.1865234375,4498955,0.41666561969797566
2024-09-30,OCB,OCB,10624.632548195512,10799.523960531824,10493.464450081843,10580.91015625,4809779,0.4149459888106444
2024-10-01,OCB,OCB,10624.632548195512,10668.354940141026,10537.186842027357,10580.91015625,4241483,0.0
2024-10-02,OCB,OCB,10493.464525474283,10580.910232270711,10406.018818677856,10449.7412109375,3313763,-1.2396754473434468
2024-10-03,OCB,OCB,10449.740949472183,11149.3056640625,10449.740949472183,11149.3056640625,26048627,6.694562468138265
2024-10-04,OCB,OCB,11280.474026991904,11455.365440350713,11149.305928111366,11193.0283203125,6433019,0.3921558666288183
2024-10-07,OCB,OCB,11193.02785905093,11280.473562126721,10886.968359424209,10974.4140625,8807399,-1.953128782992275
2024-10-08,OCB,OCB,11018.137375176446,11280.473562126721,10974.4140625,10974.4140625,9315431,0.0
2024-10-09,OCB,OCB,10930.691286156189,11061.859375,10886.967975023541,11061.859375,5803811,0.7968107636725952
2024-10-10,OCB,OCB,11149.30559689719,11149.30559689719,10843.24609375,10843.24609375,7829675,-1.9762796998131216
2024-10-11,OCB,OCB,10843.246221529627,10886.968612947128,10668.354811305378,10712.078125,6265727,-1.20967436887377
2024-10-14,OCB,OCB,10799.523507070644,10843.245897180297,10668.3544921875,10668.3544921875,4447979,-0.40817133988648724
2024-10-15,OCB,OCB,10712.078125,10930.69192664175,10668.354811305378,10712.078125,4931495,0.4098442064755181
2024-10-16,OCB,OCB,10712.078125,10799.523830112124,10624.632419887876,10712.078125,2249855,0.0
2024-10-17,OCB,OCB,10755.80012539492,10886.968217155985,10624.632033633856,10799.5234375,4684499,0.816324446849559
2024-10-18,OCB,OCB,10843.245827327994,11061.859621022131,10799.5234375,10799.5234375,7099919,0.0
2024-10-21,OCB,OCB,10799.523507070644,10843.245897180297,10668.3544921875,10668.3544921875,3651803,-1.2145808661985225
2024-10-22,OCB,OCB,10668.354877985901,10668.354877985901,10231.127271969593,10274.8505859375,10561427,-3.6885154738546144
2024-10-23,OCB,OCB,10274.8505859375,10362.296291596187,10231.127271969593,10274.8505859375,2598803,0.0
2024-10-24,OCB,OCB,10318.572510959491,10362.295822949964,10056.236328125,10056.236328125,5423003,-2.1276636188919618
2024-10-25,OCB,OCB,10143.682425860869,10187.404817281276,9968.791015625,9968.791015625,3898367,-0.8695630218577444
2024-10-28,OCB,OCB,10012.513016134528,10099.958717838386,10012.513016134528,10056.236328125,1746899,0.8771907482355568
2024-10-29,OCB,OCB,10056.236207037158,10231.126686061923,10012.512895573162,10187.404296875,2717711,1.3043445327866054
2024-10-30,OCB,OCB,10187.40468838654,10231.127079253754,10012.51328036346,10099.958984375,3543263,-0.8583669593521859
2024-10-31,OCB,OCB,10143.682694159865,10187.405086736722,10012.513671875,10012.513671875,3272939,-0.8657986892350866
2024-11-01,OCB,OCB,10012.51293861594,10056.236250267899,9750.1767578125,9750.1767578125,7827623,-2.6200904454133256
2024-11-04,OCB,OCB,9793.899342302757,9837.622654825776,9444.117453504075,9487.83984375,7786799,-2.6905862383704737
2024-11-05,OCB,OCB,9531.563282860601,9575.285673687196,9312.949484173403,9356.671875,4954607,-1.3824850641466657
2024-11-06,OCB,OCB,9400.394798485564,9487.839576514434,9356.67148719406,9444.1171875,5754131,0.9345770982270407
2024-11-07,OCB,OCB,9531.563282860601,9531.563282860601,9356.671875,9356.671875,5199119,-0.9259236280521832
2024-11-08,OCB,OCB,9400.395585073142,9400.395585073142,9225.504169827049,9269.2265625,5133671,-0.9345770982270296
2024-11-11,OCB,OCB,9269.22629767378,9269.22629767378,9138.05820112532,9225.50390625,4854599,-0.4716969205056043
2024-11-12,OCB,OCB,9269.226486317419,9487.840292439703,9225.504094003816,9400.3955078125,4492799,1.895740366485743
2024-11-13,OCB,OCB,9400.3955078125,9444.1179001261,9269.226486317419,9400.3955078125,2916539,0.0
2024-11-14,OCB,OCB,9400.395045367757,9400.395045367757,9181.78125,9181.78125,3470255,-2.3255857440339978
2024-11-15,OCB,OCB,9094.33561746417,9181.781320740412,8919.444210911688,9050.6123046875,4088771,-1.428578417858739
2024-11-18,OCB,OCB,9006.889844794956,9269.226030325428,9006.889844794956,9181.78125,1933523,1.4492825556627231
2024-11-19,OCB,OCB,9181.781320740412,9181.781320740412,9050.6123046875,9050.6123046875,1521503,-1.428578417858739
2024-11-20,OCB,OCB,9050.611917650753,9225.503316724249,9050.611917650753,9138.0576171875,12621851,0.9661811770979245
2024-11-21,OCB,OCB,9138.0576171875,9225.503316724249,9050.611917650753,9138.0576171875,2707667,0.0
2024-11-22,OCB,OCB,9138.058329538191,9181.781643853514,9094.3359375,9094.3359375,2633039,-0.4784570367040053
2024-11-25,OCB,OCB,9138.058329538191,9181.781643853514,9094.3359375,9094.3359375,2117663,0.0
2024-11-26,OCB,OCB,9138.05820112532,9269.22629767378,9138.05820112532,9225.50390625,2629367,1.4423039752593292
2024-11-27,OCB,OCB,9225.503640162713,9269.226030325428,9138.057937560192,9181.78125,2440151,-0.4739324452551541
2024-11-28,OCB,OCB,9181.78125,9269.226030325428,9138.057937560192,9181.78125,2310335,0.0
2024-11-29,OCB,OCB,9181.781701690215,9444.1179001261,9138.058387099476,9400.3955078125,7000559,2.380956939183232
2024-12-02,OCB,OCB,9444.1179001261,9444.1179001261,9356.672193221759,9400.3955078125,1721951,0.0
2024-12-03,OCB,OCB,9356.67148719406,9487.839576514434,9269.225786888122,9444.1171875,10688435,0.4651046825760119
2024-12-04,OCB,OCB,9444.117309768544,9444.117309768544,9312.94921875,9312.94921875,4171499,-1.3888854420782804
2024-12-05,OCB,OCB,9312.949360489207,9487.83984375,9225.503657720263,9487.83984375,3553631,1.8779295461837986
2024-12-06,OCB,OCB,9444.117453504075,9531.56315627302,9356.671750735131,9487.83984375,3280391,0.0
2024-12-09,OCB,OCB,9487.840295372636,9750.177416166756,9444.117903045519,9706.4541015625,6669863,2.3041520663579673
2024-12-10,OCB,OCB,9706.453710652842,9793.8994140625,9619.008929520287,9793.8994140625,9127295,0.9008986349188453
2024-12-11,OCB,OCB,9837.622337725896,9968.790426512773,9619.008548988746,9881.3447265625,5816231,0.8928549171583589
2024-12-12,OCB,OCB,9837.623046875,9968.791145117184,9750.177340621167,9837.623046875,5831675,-0.4424668999753578
2024-12-13,OCB,OCB,9837.622985399787,9837.622985399787,9444.117770855115,9531.5634765625,6266375,-3.1111130082354777
2024-12-16,OCB,OCB,9531.5634765625,9575.28586827763,9444.117770855115,9531.5634765625,1781567,0.0
2024-12-17,OCB,OCB,9531.562887805938,9575.285276820374,9444.1171875,9444.1171875,10034711,-0.9174390883250672
2024-12-18,OCB,OCB,9444.117453504075,9531.56315627302,9400.395063258151,9487.83984375,10774079,0.46296181402609715
2024-12-19,OCB,OCB,9356.672193221759,9400.3955078125,9269.226486317419,9400.3955078125,2698595,-0.9216464166509231
2024-12-20,OCB,OCB,9400.395188103703,9400.395188103703,9312.949484173403,9356.671875,2066363,-0.46512545962733576
2024-12-23,OCB,OCB,9356.671750735131,9487.83984375,9356.671750735131,9487.83984375,2110427,1.40186564734055
2024-12-24,OCB,OCB,9487.840162570245,9531.5634765625,9400.395379139985,9531.5634765625,1025783,0.46083864749575376
2024-12-25,OCB,OCB,9487.839774724807,9750.176881123105,9444.117384796968,9619.0087890625,5167799,0.9174288427604038
2024-12-26,OCB,OCB,9662.731573985016,9662.731573985016,9487.840162570245,9531.5634765625,1638359,-0.9090886017219524
2024-12-27,OCB,OCB,9619.008466990947,9706.453243918726,9531.56276778611,9575.28515625,2965787,0.45870417581552747
2024-12-30,OCB,OCB,9575.285476857573,9619.0087890625,9444.117384796968,9619.0087890625,1579931,0.4566300856738481
2024-12-31,OCB,OCB,9531.563412312447,9968.791015625,9531.563412312447,9968.791015625,3763431,3.6363645593112226
2025-01-02,OCB,OCB,9706.453836445406,9793.899540988332,9619.009054179594,9662.7314453125,1644083,-3.0701774150223904
2025-01-03,OCB,OCB,9619.008859041964,9619.008859041964,9444.117453504075,9487.83984375,1687283,-1.8099602845460638
2025-01-06,OCB,OCB,9487.839969756897,9575.285673687196,9356.671875,9356.671875,1559303,-1.3824850641466657
2025-01-07,OCB,OCB,9356.671608330487,9444.117309768544,9312.94921875,9312.94921875,1502387,-0.46728854911352036
2025-01-08,OCB,OCB,9312.949800908158,9487.840292439703,9269.226486317419,9400.3955078125,949535,0.9389752591632439
2025-01-09,OCB,OCB,9444.1175789303,9444.1175789303,9312.949484173403,9356.671875,588491,-0.46512545962733576
2025-01-10,OCB,OCB,9356.672002798461,9400.395316499362,9225.50390625,9225.50390625,1590083,-1.40186564734055
2025-01-13,OCB,OCB,9225.503316724249,9269.225705354092,9050.611917650753,9138.0576171875,2175659,-0.9478754759754349
2025-01-14,OCB,OCB,9138.0576171875,9225.503316724249,9094.335228557657,9138.0576171875,421307,0.0
2025-01-15,OCB,OCB,9138.05820112532,9269.22629767378,9138.05820112532,9225.50390625,11201543,0.9569461336950358
2025-01-16,OCB,OCB,9225.504169827049,9356.672270123046,9225.504169827049,9269.2265625,1384667,0.4739324452551541
2025-01-17,OCB,OCB,9269.22590689243,9400.394920188057,9269.22590689243,9312.94921875,1277423,0.4716969205056154
2025-01-20,OCB,OCB,9400.395585073142,9444.117977746093,9269.2265625,9269.2265625,6244991,-0.46948238654594965
2025-01-21,OCB,OCB,9312.949800908158,9487.840292439703,9269.226486317419,9400.3955078125,1886543,1.4151012970506471
2025-01-22,OCB,OCB,9400.394798485564,9531.562887805938,9356.67148719406,9444.1171875,1813319,0.4651046825760119
2025-01-23,OCB,OCB,9487.840162570245,9575.28586827763,9400.395379139985,9531.5634765625,1891295,0.9259339684840162
2025-01-24,OCB,OCB,9531.56322611063,9793.8994140625,9444.117522700972,9793.8994140625,5010227,2.7522865282811892
2025-02-03,OCB,OCB,9619.009054179594,9706.453836445406,9575.285740769574,9662.7314453125,1847339,-1.3392823757375272
2025-02-04,OCB,OCB,9662.731320086565,9837.62272690588,9619.008929520287,9793.8994140625,10047887,1.3574626335458362
2025-02-05,OCB,OCB,9837.622919086658,10099.959112163342,9750.177213968724,9968.791015625,12130883,1.7857198054472834
2025-02-06,OCB,OCB,9968.790626421141,10143.682029828859,9968.790626421141,10056.236328125,8084555,0.8771907482355568
2025-02-07,OCB,OCB,10056.236328125,10099.958717838386,9968.790626421141,10056.236328125,17053631,0.0
2025-02-10,OCB,OCB,10012.513085118842,10056.23639741056,9881.344992797875,9925.0673828125,7623395,-1.304354243800443
2025-02-11,OCB,OCB,9925.067701927474,10056.236720742934,9925.067701927474,9968.791015625,4193207,0.4405373900858045
2025-02-12,OCB,OCB,10012.513407045408,10012.513407045408,9968.791015625,9968.791015625,2719655,0.0
2025-02-13,OCB,OCB,9968.791145117184,9968.791145117184,9837.623046875,9837.623046875,3492287,-1.3157861223533351
2025-02-14,OCB,OCB,9881.345310507066,10012.513407045408,9881.345310507066,9968.791015625,5206247,1.33332989203796
2025-02-17,OCB,OCB,10012.513671875,10056.236986729004,9925.067964444139,10012.513671875,18595957,0.4385953741177895
2025-02-18,OCB,OCB,10056.236910420195,10274.85071619989,10012.513595897974,10143.6826171875,6199307,1.3100500994166042
2025-02-19,OCB,OCB,10143.681788652564,10406.01796524975,10143.681788652564,10318.572265625,9087659,1.724123822064061
2025-02-20,OCB,OCB,10362.296422967194,10406.01881521228,10143.6826171875,10143.6826171875,11487095,-1.6949016194820143
2025-02-21,OCB,OCB,10231.127079253754,10231.127079253754,10012.51328036346,10099.958984375,9007847,-0.43104298963785315
2025-02-24,OCB,OCB,10099.959379305861,10143.682694159865,9968.791279298142,10012.513671875,2210651,-0.8657986892350866
2025-02-25,OCB,OCB,10056.236986729004,10143.682694159865,10012.513671875,10012.513671875,1776707,0.0
2025-02-26,OCB,OCB,10012.513085118842,10056.23639741056,9881.344992797875,9925.0673828125,2597939,-0.8733699840843712
2025-02-27,OCB,OCB,9968.790695104217,10012.513085118842,9881.344992797875,9925.0673828125,1577987,0.0
2025-02-28,OCB,OCB,9925.067830851702,9968.791145117184,9793.899732609518,9837.623046875,2066039,-0.8810452621100584
2025-03-03,OCB,OCB,9837.62272690588,9881.345117472158,9750.177023496222,9793.8994140625,2051675,-0.4444532241595578
2025-03-04,OCB,OCB,9793.89929049153,9968.790695104217,9706.453588185188,9925.0673828125,2664143,1.3392823757375272
2025-03-05,OCB,OCB,9881.3447265625,10099.95851529965,9881.3447265625,9881.3447265625,2209463,-0.4405275507319506
2025-03-06,OCB,OCB,9881.344992797875,9925.0673828125,9793.89929049153,9925.0673828125,2019275,0.4424767828660636
2025-03-07,OCB,OCB,9968.791279298142,10143.682694159865,9881.345571867281,10012.513671875,5233895,0.8810649408177662
2025-03-10,OCB,OCB,10099.959379305861,10099.959379305861,9968.791279298142,10012.513671875,3139775,0.0
2025-03-11,OCB,OCB,9968.790695104217,9968.790695104217,9837.622602783247,9925.0673828125,3256847,-0.8733699840843712
2025-03-12,OCB,OCB,9968.790820881815,9968.790820881815,9750.177023496222,9793.8994140625,3432131,-1.321582652195863
2025-03-13,OCB,OCB,9793.899271050945,9881.34497318371,9619.0087890625,9619.0087890625,5476571,-1.7857098343167066
2025-03-14,OCB,OCB,9662.731056785662,9793.899147187381,9662.731056785662,9750.1767578125,2143259,1.363632902582923
2025-03-17,OCB,OCB,9837.623179290422,10231.127479313582,9793.89986443642,10012.513671875,5552171,2.690586238370485
2025-03-18,OCB,OCB,10012.512815349377,10056.236126463047,9837.622337725896,9881.3447265625,4447763,-1.3100500994166042
2025-03-19,OCB,OCB,9925.067830851702,9925.067830851702,9750.177340621167,9837.623046875,1841183,-0.4424668999753578
2025-03-20,OCB,OCB,9925.067237589103,9968.790549241061,9750.1767578125,9750.1767578125,3256199,-0.8888965215055444
2025-03-21,OCB,OCB,9793.899271050945,9837.622583255872,9619.0087890625,9619.0087890625,28444283,-1.3452881112632098
2025-03-24,OCB,OCB,9662.731056785662,9750.1767578125,9619.00866741078,9750.1767578125,25639091,1.363632902582923
2025-03-25,OCB,OCB,9837.62272690588,9881.345117472158,9750.177023496222,9793.8994140625,22604615,0.44842937042106623
2025-03-26,OCB,OCB,9793.899732609518,9925.067830851702,9750.177340621167,9837.623046875,35957519,0.4464374297097562
2025-03-27,OCB,OCB,9837.62272690588,9881.345117472158,9706.453710652842,9793.8994140625,1294055,-0.4444532241595578
2025-03-28,OCB,OCB,9706.4541015625,9793.899808493872,9662.731709235382,9706.4541015625,1236275,-0.8928549171583477
2025-03-31,OCB,OCB,9706.453446160542,9793.899147187381,9619.00866741078,9750.1767578125,1958039,0.4504493174594115
2025-04-01,OCB,OCB,9968.790426512773,9968.790426512773,9837.622337725896,9881.3447265625,5543855,1.3452881112631987
2025-04-02,OCB,OCB,9881.3447265625,9968.790426512773,9837.622337725896,9881.3447265625,5108939,0.0
2025-04-03,OCB,OCB,9619.009118172504,9706.453901020064,9225.50390625,9225.50390625,10992671,-6.637161625881793
2025-04-04,OCB,OCB,8587.151887129823,9094.336069038898,8587.151887129823,8963.16796875,7582355,-2.8435946715309024
2025-04-08,OCB,OCB,8919.444445460269,8919.444445460269,8342.3037109375,8342.3037109375,8880083,-6.926839483284675
2025-04-09,OCB,OCB,7765.164115032683,8657.108492200954,7765.164115032683,8377.2822265625,5363819,0.4192908438365839
2025-04-10,OCB,OCB,8963.16796875,8963.16796875,8963.16796875,8963.16796875,633419,6.993744824900205
2025-04-11,OCB,OCB,9050.612680195134,9400.3955078125,8875.722188663589,9400.3955078125,5850791,4.878046920317569
2025-04-14,OCB,OCB,9400.394920188057,9400.394920188057,9138.057815873886,9312.94921875,5076215,-0.9302405307289985
2025-04-15,OCB,OCB,9269.22629767378,9269.22629767378,9050.612496000638,9225.50390625,2235815,-0.9389647730918993
2025-04-16,OCB,OCB,9138.057937560192,9225.503640162713,9094.335547397479,9181.78125,2344895,-0.4739324452551541
2025-04-17,OCB,OCB,9094.335547397479,9181.78125,9006.889844794956,9181.78125,2567483,0.0
2025-04-18,OCB,OCB,9181.7817771541,9269.2265625,9138.058462204002,9269.2265625,10567583,0.952378521324504
2025-04-21,OCB,OCB,9269.226030325428,9312.949342765236,9094.335547397479,9181.78125,2986742,-0.9433938410112086
2025-04-22,OCB,OCB,9181.780928094404,9225.503316724249,8569.661953614228,9138.0576171875,11284174,-0.4761998965342351
2025-04-23,OCB,OCB,9181.78151482622,9269.22629767378,9138.05820112532,9225.50390625,1526589,0.9569461336950358
2025-04-24,OCB,OCB,9181.78125,9225.503640162713,9094.335547397479,9181.78125,1660503,-0.4739324452551541
2025-04-25,OCB,OCB,9181.78104982977,9181.78104982977,9006.8896484375,9006.8896484375,3618029,-1.90476767852098
2025-04-28,OCB,OCB,9138.058329538191,9138.058329538191,9006.890231146484,9094.3359375,25929071,0.9708822076849755
2025-04-29,OCB,OCB,9094.3359375,9138.058329538191,9050.612623184676,9094.3359375,1884622,0.0
2025-05-05,OCB,OCB,9138.058329538191,9138.058329538191,9050.612623184676,9094.3359375,1551185,0.0
2025-05-06,OCB,OCB,9138.0576171875,9225.503316724249,9094.335228557657,9138.0576171875,9464130,0.4807572536133842
2025-05-07,OCB,OCB,9138.057937560192,9181.78125,9094.335547397479,9181.78125,1336236,0.47847841022867765
2025-05-08,OCB,OCB,9181.78125,9225.503640162713,9138.057937560192,9181.78125,2184414,0.0
2025-05-09,OCB,OCB,9181.78151482622,9269.22629767378,9138.05820112532,9225.50390625,2396323,0.4761892606622409
2025-05-12,OCB,OCB,9269.2265625,9312.949877450095,9181.7817771541,9269.2265625,1940270,0.4739324452551541
2025-05-13,OCB,OCB,9312.949800908158,9487.840292439703,9269.226486317419,9400.3955078125,3856312,1.4151012970506471
2025-05-14,OCB,OCB,9400.395379139985,9531.5634765625,9356.67206514773,9531.5634765625,3026591,1.3953452133049993
2025-05-15,OCB,OCB,9531.563086929735,9706.453568918178,9531.563086929735,9619.0087890625,23820933,0.9174288427604038
2025-05-16,OCB,OCB,9619.008859041964,9619.008859041964,9487.83984375,9487.83984375,3155283,-1.363643055006336
2025-05-19,OCB,OCB,9444.1171875,9575.285276820374,9356.67148719406,9444.1171875,2307959,-0.46082835471555894
2025-05-20,OCB,OCB,9487.840162570245,9575.28586827763,9356.67206514773,9531.5634765625,11388913,0.9259339684840162
2025-05-21,OCB,OCB,9487.83984375,9619.008859041964,9444.117453504075,9487.83984375,2304445,-0.45872466694486524
2025-05-22,OCB,OCB,9444.1179001261,9487.840292439703,9400.3955078125,9400.3955078125,2480322,-0.9216464166509231
2025-05-23,OCB,OCB,9400.395188103703,9444.1175789303,9312.949484173403,9356.671875,2042571,-0.46512545962733576
2025-05-26,OCB,OCB,9356.671750735131,9487.83984375,9181.781267474338,9487.83984375,3543964,1.40186564734055
2025-05-27,OCB,OCB,9487.840162570245,9619.009182269887,9444.117770855115,9531.5634765625,4511099,0.46083864749575376
2025-05-28,OCB,OCB,9575.285546518944,9575.285546518944,9444.117453504075,9487.83984375,2417426,-0.45872466694486524
2025-05-29,OCB,OCB,9487.839576514434,9575.285276820374,9400.394798485564,9444.1171875,2050754,-0.46082835471555894
2025-05-30,OCB,OCB,9444.117977746093,9444.117977746093,9269.2265625,9269.2265625,8913364,-1.8518472561043664
2025-06-02,OCB,OCB,9269.225670171598,9662.730855454836,9225.503281707708,9575.28515625,7368338,3.301878443539241
2025-06-03,OCB,OCB,9575.28515625,9662.730855454836,9531.56276778611,9575.28515625,3045208,0.0
2025-06-04,OCB,OCB,9575.28586827763,9619.009182269887,9487.840162570245,9531.5634765625,2387304,-0.4566096881089998
2025-06-05,OCB,OCB,9531.56315627302,9575.285546518944,9444.117453504075,9487.83984375,1139927,-0.45872466694486524
2025-06-06,OCB,OCB,9487.840292439703,9531.563607030443,9400.3955078125,9400.3955078125,1845558,-0.9216464166509231
2025-06-09,OCB,OCB,9400.3955078125,9444.1179001261,9356.672193221759,9400.3955078125,2129300,0.0
2025-06-10,OCB,OCB,9400.39499486913,9750.176881123105,9400.39499486913,9619.0087890625,6236306,2.3255753555083247
2025-06-11,OCB,OCB,9619.009182269887,9662.731573985016,9531.5634765625,9531.5634765625,909221,-0.9090886017219524
2025-06-12,OCB,OCB,9531.56366442098,10056.236986729004,9531.56366442098,10012.513671875,13644136,5.045868880746851
2025-06-13,OCB,OCB,9881.3447265625,9925.067115399104,9750.176637775623,9881.3447265625,8101474,-1.3100500994166042
2025-06-16,OCB,OCB,9881.345571867281,10099.959379305861,9881.345571867281,10012.513671875,6370547,1.3274402314889189
2025-06-17,OCB,OCB,10143.682172468581,10318.572656058514,10012.513156929763,10231.126953125,10263897,2.1834005766611986
2025-06-18,OCB,OCB,10274.849997525918,10362.295698176838,10099.958596224082,10187.404296875,6643723,-0.42734936679331703
2025-06-19,OCB,OCB,10187.404296875,10231.126686061923,10056.236207037158,10187.404296875,3352483,0.0
2025-06-20,OCB,OCB,10274.85071619989,10406.01881521228,10143.6826171875,10143.6826171875,6725951,-0.4291738936964662
2025-06-23,OCB,OCB,10056.236658652546,10580.909963843533,9968.79095407453,10406.0185546875,11552090,2.5862001740422746
2025-06-24,OCB,OCB,10493.463990810284,10493.463990810284,10362.2958984375,10362.2958984375,5436341,-0.42016700258817874
2025-06-25,OCB,OCB,10406.01796524975,10449.740353923593,10318.572265625,10318.572265625,3543064,-0.42194927881853417
2025-06-26,OCB,OCB,10318.572656058514,10406.018358992027,10187.404562796792,10231.126953125,3350070,-0.8474555418031327
2025-06-27,OCB,OCB,10362.295968663819,10449.740749320235,10231.126953125,10231.126953125,4818399,0.0
2025-06-30,OCB,OCB,10274.850265730305,10362.295968663819,10187.404562796792,10231.126953125,2316072,0.0
2025-07-01,OCB,OCB,10318.572265625,10362.295576575905,10187.404177326409,10318.572265625,4063178,0.8546987335866341
2025-07-02,OCB,OCB,10406.018818677856,10580.910232270711,10406.018818677856,10449.7412109375,6560161,1.2711927768289444
2025-07-03,OCB,OCB,10449.740555393613,10537.186256704308,10406.018165876807,10493.4638671875,6720213,0.41840898609275534
2025-07-04,OCB,OCB,10537.186842027357,10580.91015625,10493.464450081843,10580.91015625,4187933,0.8333405457843224
2025-07-07,OCB,OCB,10624.632294684452,10843.24609375,10624.632294684452,10843.24609375,8392876,2.4793324357360813
2025-07-08,OCB,OCB,10886.968217155985,10886.968217155985,10712.077735566927,10799.5234375,7336154,-0.40322478962458996
2025-07-09,OCB,OCB,10843.245847245982,11193.0277333437,10799.523457337677,11105.58203125,9710019,2.834000921626312
2025-07-10,OCB,OCB,11280.474026991904,11280.474026991904,11061.860221431962,11193.0283203125,6342258,0.7874084295306227
2025-07-11,OCB,OCB,11193.028055228157,11236.751368670928,11061.85995945407,11149.3056640625,4642207,-0.3906240116506643
2025-07-14,OCB,OCB,11193.028119053797,11455.365234375,11105.58241394673,11455.365234375,10423688,2.745099825355224
2025-07-15,OCB,OCB,11455.364605428314,11980.037884986878,11411.641294136809,11805.146484375,10107958,3.0534273054025673
2025-07-16,OCB,OCB,11673.978972988458,11892.5927734375,11542.810877174457,11892.5927734375,8549560,0.7407471747872041
2025-07-17,OCB,OCB,11944.4443359375,11944.4443359375,11481.4814453125,11481.4814453125,17353784,-3.4568687918351215
2025-07-18,OCB,OCB,11527.77734375,11574.07421875,11203.7041015625,11296.2958984375,8741959,-1.612906381089041
2025-07-21,OCB,OCB,11342.5927734375,11527.77734375,11250.0,11250.0,5483936,-0.4098325579795059
2025-07-22,OCB,OCB,11250.0,11296.2958984375,11203.7041015625,11296.2958984375,5657664,0.4115190972222127
2025-07-23,OCB,OCB,11388.888671875,11481.4814453125,11296.2958984375,11342.5927734375,7497026,0.4098412029593046
2025-07-24,OCB,OCB,11435.185546875,12129.6298828125,11388.888671875,11990.7412109375,16753726,5.714288174198212
2025-07-25,OCB,OCB,11990.7412109375,12083.3330078125,11851.8515625,11990.7412109375,7600559,0.0
2025-07-28,OCB,OCB,12129.6298828125,12824.07421875,12129.6298828125,12824.07421875,19582688,6.949803962513723
2025-07-29,OCB,OCB,12870.3701171875,12962.962890625,11944.4443359375,11944.4443359375,17158197,-6.859207673068502
2025-07-30,OCB,OCB,11944.4443359375,12361.111328125,11805.5556640625,12314.814453125,11612688,3.1007731022962615
2025-07-31,OCB,OCB,12407.4072265625,12500.0,11944.4443359375,12175.92578125,7636027,-1.1278178197784872
2025-08-01,OCB,OCB,12175.92578125,12175.92578125,11759.2587890625,11759.2587890625,11952478,-3.4220559460795608
2025-08-04,OCB,OCB,11666.6669921875,12361.111328125,11666.6669921875,12361.111328125,8432355,5.118116284865626
2025-08-05,OCB,OCB,12500.0,12777.77734375,11851.8515625,12222.22265625,21167934,-1.1235937302739862
2025-08-06,OCB,OCB,12268.5185546875,12500.0,12222.22265625,12314.814453125,7814923,0.7575692202567819
2025-08-07,OCB,OCB,12500.0,12592.5927734375,12407.4072265625,12592.5927734375,15000324,2.2556435695384014
2025-08-08,OCB,OCB,13400.0,13400.0,12800.0,13000.0,15012990,3.235292635063014
2025-08-11,OCB,OCB,13100.0,13150.0,12800.0,12950.0,11594420,-0.38461538461538325
2025-08-12,OCB,OCB,12950.0,13100.0,12650.0,12800.0,10481910,-1.158301158301156
2025-08-13,OCB,OCB,12900.0,12900.0,12600.0,12700.0,10933080,-0.78125
2025-08-14,OCB,OCB,12850.0,13250.0,12750.0,13200.0,13507050,3.937007874015741
2025-08-15,OCB,OCB,13300.0,13450.0,12850.0,13000.0,9626791,-1.5151515151515138
2025-08-18,OCB,OCB,13000.0,13050.0,12650.0,12750.0,12732690,-1.9230769230769273
2025-08-19,OCB,OCB,12800.0,12950.0,12700.0,12800.0,8283078,0.39215686274509665
2025-08-20,OCB,OCB,12900.0,13650.0,12900.0,13650.0,41740560,6.640625
2025-08-21,OCB,OCB,14050.0,14600.0,14050.0,14600.0,16409770,6.959706959706957
2025-08-22,OCB,OCB,14850.0,15400.0,13800.0,14550.0,37686040,-0.3424657534246589
2025-08-25,OCB,OCB,14750.0,14750.0,13550.0,13550.0,16756920,-6.872852233676974
2025-08-26,OCB,OCB,13150.0,13950.0,13000.0,13950.0,12412960,2.9520295202952074
2025-08-27,OCB,OCB,14050.0,14100.0,13550.0,13600.0,12201890,-2.508960573476704
2025-08-28,OCB,OCB,13600.0,13700.0,13400.0,13600.0,7224132,0.0
2025-08-29,OCB,OCB,13750.0,13900.0,13550.0,13650.0,9394521,0.3676470588235281
2025-09-03,OCB,OCB,13750.0,13950.0,13650.0,13900.0,7761490,1.831501831501825
2025-09-04,OCB,OCB,14050.0,14450.0,13900.0,14150.0,11877000,1.7985611510791477
2025-09-05,OCB,OCB,14300.0,14450.0,13800.0,13800.0,13823270,-2.473498233215543
2025-09-08,OCB,OCB,13800.0,13800.0,13000.0,13000.0,13105720,-5.797101449275366
2025-09-09,OCB,OCB,13150.0,13250.0,13000.0,13150.0,4803039,1.1538461538461497
2025-09-10,OCB,OCB,13400.0,13400.0,13050.0,13200.0,7705537,0.3802281368821214
2025-09-11,OCB,OCB,13150.0,13250.0,12650.0,13050.0,5774622,-1.1363636363636354
2025-09-12,OCB,OCB,13200.0,13200.0,13000.0,13100.0,3434666,0.3831417624521105
2025-09-15,OCB,OCB,13200.0,13200.0,13000.0,13100.0,5675122,0.0
2025-09-16,OCB,OCB,13200.0,13350.0,13150.0,13250.0,6217354,1.1450381679389388
2025-09-17,OCB,OCB,13250.0,13250.0,13000.0,13000.0,3714294,-1.8867924528301883
2025-09-18,OCB,OCB,13050.0,13200.0,12900.0,12950.0,3622378,-0.38461538461538325
2025-09-19,OCB,OCB,13000.0,13050.0,12800.0,12900.0,5005174,-0.38610038610038533
2025-09-22,OCB,OCB,12900.0,12900.0,12600.0,12650.0,3332691,-1.9379844961240345
2025-09-23,OCB,OCB,12700.0,12900.0,12650.0,12700.0,1478725,0.39525691699604515
2025-09-24,OCB,OCB,12600.0,12800.0,12550.0,12800.0,2781370,0.7874015748031482
2025-09-25,OCB,OCB,12900.0,13000.0,12800.0,12900.0,1889004,0.78125
2025-09-26,OCB,OCB,12900.0,12900.0,12750.0,12750.0,6458123,-1.1627906976744207
2025-09-29,OCB,OCB,12750.0,12800.0,12650.0,12800.0,1219040,0.39215686274509665
2025-09-30,OCB,OCB,12800.0,12900.0,12600.0,12650.0,2561549,-1.171875
2025-10-01,OCB,OCB,12700.0,12900.0,12650.0,12800.0,8912680,1.1857707509881354
2025-10-02,OCB,OCB,12850.0,13100.0,12850.0,12900.0,4043210,0.78125
2025-10-03,OCB,OCB,12900.0,12900.0,12700.0,12900.0,2938554,0.0
2025-10-06,OCB,OCB,12900.0,13250.0,12850.0,13250.0,6139038,2.7131782945736482
2025-10-07,OCB,OCB,13300.0,13300.0,12850.0,12900.0,3350320,-2.6415094339622636
2025-10-08,OCB,OCB,13100.0,13150.0,12850.0,13000.0,3658637,0.7751937984496138
2025-10-09,OCB,OCB,13000.0,13100.0,12900.0,13100.0,3261338,0.7692307692307665
2025-10-10,OCB,OCB,13150.0,13400.0,13100.0,13350.0,8204438,1.9083969465648831
2025-10-13,OCB,OCB,13050.0,13300.0,13050.0,13200.0,10493630,-1.1235955056179803
2025-10-14,OCB,OCB,13250.0,13300.0,12950.0,12950.0,7714694,-1.8939393939393923
2025-10-15,OCB,OCB,12950.0,13100.0,12950.0,13050.0,7585759,0.7722007722007707
2025-10-16,OCB,OCB,13050.0,13150.0,12950.0,13000.0,3543203,-0.3831417624521105
2025-10-17,OCB,OCB,13000.0,13100.0,12850.0,12900.0,3453037,-0.7692307692307665
2025-10-20,OCB,OCB,12800.0,12850.0,12000.0,12000.0,6979522,-6.976744186046513
2025-10-21,OCB,OCB,11950.0,12450.0,11850.0,12450.0,5221501,3.750000000000009
2025-10-22,OCB,OCB,12600.0,12750.0,12250.0,12750.0,2668212,2.4096385542168752
2025-10-23,OCB,OCB,12700.0,12900.0,12550.0,12900.0,3114136,1.17647058823529
2025-10-24,OCB,OCB,12850.0,12900.0,12550.0,12900.0,3532631,0.0
2025-10-27,OCB,OCB,12700.0,12900.0,12600.0,12850.0,9843082,-0.3875968992248069
2025-10-28,OCB,OCB,12600.0,13100.0,12450.0,13000.0,5214101,1.1673151750972721
2025-10-29,OCB,OCB,13200.0,13700.0,13200.0,13550.0,16565510,4.230769230769238
2025-10-30,OCB,OCB,13700.0,13750.0,13200.0,13400.0,16077210,-1.1070110701106972
2025-10-31,OCB,OCB,13400.0,13400.0,12750.0,12750.0,5293303,-4.850746268656714
2025-11-03,OCB,OCB,12850.0,12850.0,12350.0,12350.0,5299938,-3.1372549019607843
2025-11-04,OCB,OCB,12300.0,12750.0,12000.0,12600.0,4707252,2.0242914979757165
2025-11-05,OCB,OCB,12550.0,12600.0,12350.0,12450.0,9802981,-1.1904761904761862
2025-11-06,OCB,OCB,12400.0,12450.0,12250.0,12350.0,1665423,-0.8032128514056214
2025-11-07,OCB,OCB,12300.0,12350.0,12100.0,12150.0,2249653,-1.619433198380571
2025-11-10,OCB,OCB,12200.0,12250.0,12000.0,12100.0,2045706,-0.4115226337448541
2025-11-11,OCB,OCB,12200.0,12400.0,12100.0,12400.0,4604364,2.4793388429751984
2025-11-12,OCB,OCB,12350.0,12450.0,12250.0,12400.0,1557354,0.0
2025-11-13,OCB,OCB,12400.0,12400.0,12300.0,12300.0,2091854,-0.8064516129032251
2025-11-14,OCB,OCB,12250.0,12350.0,12200.0,12300.0,1755414,0.0
2025-11-17,OCB,OCB,12350.0,12400.0,12200.0,12350.0,11128590,0.40650406504065817
2025-11-18,OCB,OCB,12350.0,12450.0,12350.0,12450.0,3579332,0.809716599190291
2025-11-19,OCB,OCB,12450.0,12450.0,12200.0,12350.0,2465347,-0.8032128514056214
2025-11-20,OCB,OCB,12350.0,12350.0,12200.0,12250.0,2540835,-0.8097165991902799
2025-11-21,OCB,OCB,12200.0,12300.0,12100.0,12150.0,1971839,-0.8163265306122436
2025-11-24,OCB,OCB,12200.0,12250.0,12000.0,12250.0,2088130,0.8230452674897082
2025-11-25,OCB,OCB,12200.0,12250.0,12100.0,12150.0,888433,-0.8163265306122436
2025-11-26,OCB,OCB,12150.0,12250.0,12100.0,12200.0,1354245,0.4115226337448652
2025-11-27,OCB,OCB,12250.0,12700.0,12200.0,12400.0,7166295,1.6393442622950838
2025-11-28,OCB,OCB,12450.0,12550.0,12300.0,12300.0,1769273,-0.8064516129032251
2025-12-01,OCB,OCB,12300.0,12400.0,12250.0,12300.0,1122724,0.0
2025-12-02,OCB,OCB,12300.0,12350.0,12200.0,12300.0,1420394,0.0
2025-12-03,OCB,OCB,12350.0,12600.0,12350.0,12550.0,4140680,2.0325203252032464
2025-12-04,OCB,OCB,12600.0,12700.0,12550.0,12550.0,1528744,0.0
2025-12-05,OCB,OCB,12600.0,12600.0,12400.0,12400.0,1915710,-1.195219123505975
2025-12-08,OCB,OCB,12400.0,12500.0,12350.0,12400.0,1055419,0.0
2025-12-09,OCB,OCB,12300.0,12400.0,12150.0,12250.0,2280884,-1.2096774193548376
2025-12-10,OCB,OCB,12250.0,12300.0,12200.0,12250.0,1233496,0.0
2025-12-11,OCB,OCB,12300.0,12350.0,12200.0,12200.0,1122323,-0.40816326530612734
2025-12-12,OCB,OCB,12250.0,12300.0,11900.0,11900.0,2535409,-2.4590163934426257
2025-12-15,OCB,OCB,11900.0,11950.0,11750.0,11750.0,1514233,-1.2605042016806678
2025-12-16,OCB,OCB,11900.0,12150.0,11650.0,12000.0,1333354,2.127659574468077
2025-12-17,OCB,OCB,12000.0,12050.0,11900.0,11900.0,785395,-0.8333333333333304
2025-12-18,OCB,OCB,11850.0,11900.0,11800.0,11900.0,699315,0.0
2025-12-19,OCB,OCB,11900.0,12000.0,11900.0,12000.0,895445,0.8403361344537785
2025-12-22,OCB,OCB,12100.0,12400.0,11950.0,12350.0,4389984,2.9166666666666563
2025-12-23,OCB,OCB,12350.0,12450.0,12150.0,12250.0,5673542,-0.8097165991902799
2025-12-24,OCB,OCB,12150.0,12350.0,12150.0,12150.0,2024749,-0.8163265306122436
2025-12-25,OCB,OCB,12200.0,12300.0,12100.0,12100.0,2791203,-0.4115226337448541
2025-12-26,OCB,OCB,12050.0,12100.0,11900.0,12050.0,2011935,-0.4132231404958664
2025-12-29,OCB,OCB,12150.0,12150.0,11950.0,11950.0,981788,-0.8298755186721962
2025-12-30,OCB,OCB,11950.0,12050.0,11950.0,12000.0,1137991,0.4184100418409997
2025-12-31,OCB,OCB,12000.0,12050.0,11900.0,11950.0,981082,-0.4166666666666652
2026-01-05,OCB,OCB,12000.0,12000.0,11700.0,11750.0,2527440,-1.673640167364021
2026-01-06,OCB,OCB,11800.0,11900.0,11650.0,11850.0,1481022,0.8510638297872353
2026-01-07,OCB,OCB,11950.0,12050.0,11900.0,12000.0,1316686,1.2658227848101333
2026-01-08,OCB,OCB,12000.0,12150.0,11800.0,11950.0,7352304,-0.4166666666666652
2026-01-09,OCB,OCB,11950.0,12050.0,11800.0,11800.0,2872396,-1.2552301255230103
2026-01-12,OCB,OCB,12050.0,12250.0,11850.0,12200.0,6497820,3.3898305084745672
2026-01-13,OCB,OCB,12300.0,12350.0,12100.0,12250.0,3887163,0.4098360655737654
2026-01-14,OCB,OCB,12300.0,12300.0,12000.0,12100.0,6131551,-1.224489795918371
2026-01-15,OCB,OCB,12050.0,12200.0,12000.0,12150.0,2593419,0.4132231404958775
2026-01-16,OCB,OCB,12200.0,12200.0,12050.0,12100.0,1515660,-0.4115226337448541
2026-01-19,OCB,OCB,12100.0,12150.0,12000.0,12050.0,1347284,-0.4132231404958664
2026-01-20,OCB,OCB,12050.0,12100.0,11950.0,12000.0,5958196,-0.4149377593360981
2026-01-21,OCB,OCB,12000.0,12000.0,11850.0,11950.0,4001048,-0.4166666666666652
2026-01-22,OCB,OCB,12000.0,12000.0,11900.0,11950.0,1241789,0.0
2026-01-23,OCB,OCB,11900.0,12000.0,11900.0,11900.0,1412572,-0.4184100418409997
2026-01-26,OCB,OCB,11950.0,11950.0,11650.0,11750.0,3161678,-1.2605042016806678
2026-01-27,OCB,OCB,11750.0,11800.0,11650.0,11750.0,1540472,0.0
2026-01-28,OCB,OCB,11750.0,11800.0,11650.0,11700.0,1303282,-0.42553191489361764
2026-01-29,OCB,OCB,11700.0,11800.0,11700.0,11700.0,1308394,0.0
2026-01-30,OCB,OCB,11800.0,11850.0,11700.0,11800.0,1485261,0.8547008547008517
2026-02-02,OCB,OCB,11950.0,11950.0,11750.0,11750.0,876882,-0.4237288135593209
2026-02-03,OCB,OCB,11800.0,11850.0,11750.0,11800.0,936956,0.42553191489360653
2026-02-04,OCB,OCB,11750.0,11800.0,11700.0,11750.0,1405874,-0.4237288135593209
2026-02-05,OCB,OCB,11800.0,11800.0,11650.0,11700.0,1119903,-0.42553191489361764
2026-02-06,OCB,OCB,11650.0,11700.0,11550.0,11550.0,2194535,-1.2820512820512775
2026-02-09,OCB,OCB,11600.0,11600.0,11450.0,11450.0,1466996,-0.8658008658008698
2026-02-10,OCB,OCB,11500.0,11500.0,11350.0,11400.0,1092135,-0.4366812227074246
2026-02-11,OCB,OCB,11400.0,11650.0,11400.0,11600.0,2536662,1.7543859649122862
2026-02-12,OCB,OCB,11600.0,11700.0,11600.0,11600.0,651486,0.0
2026-02-13,OCB,OCB,11600.0,11650.0,11550.0,11600.0,834536,0.0
2024-01-02,MSB,MSB,8333.3330078125,8365.384765625,8269.23046875,8333.3330078125,12877332,
2024-01-03,MSB,MSB,8301.2822265625,8365.384765625,8205.1279296875,8365.384765625,12167532,0.3846211087742635
2024-01-04,MSB,MSB,8365.384765625,8846.154296875,8365.384765625,8621.794921875,35589996,3.065132847249763
2024-01-05,MSB,MSB,8685.8974609375,8717.9482421875,8589.7431640625,8685.8974609375,21859032,0.7434941290456853
2024-01-08,MSB,MSB,8717.9482421875,8814.1025390625,8589.7431640625,8717.9482421875,15239016,0.36899792329048164
2024-01-09,MSB,MSB,8750.0,8910.2568359375,8685.8974609375,8846.154296875,19709976,1.470598942846335
2024-01-10,MSB,MSB,8846.154296875,8942.3076171875,8782.0517578125,8878.205078125,22110036,0.3623131608875729
2024-01-11,MSB,MSB,8878.205078125,9102.564453125,8846.154296875,8910.2568359375,21760596,0.36101619111583716
2024-01-12,MSB,MSB,8846.154296875,8974.359375,8750.0,8942.3076171875,14656668,0.3597065925275089
2024-01-15,MSB,MSB,9006.41015625,9070.5126953125,8782.0517578125,8782.0517578125,12412764,-1.7921085500009148
2024-01-16,MSB,MSB,8782.0517578125,8910.2568359375,8750.0,8910.2568359375,7140900,1.4598533652565804
2024-01-17,MSB,MSB,8910.2568359375,8942.3076171875,8846.154296875,8846.154296875,8706204,-0.7194241450365069
2024-01-18,MSB,MSB,8878.205078125,8878.205078125,8782.0517578125,8878.205078125,6798948,0.3623131608875729
2024-01-19,MSB,MSB,8878.205078125,9006.41015625,8878.205078125,9006.41015625,13960284,1.4440427653657606
2024-01-22,MSB,MSB,9070.5126953125,9102.564453125,8974.359375,9038.4619140625,11654760,0.35587717255201046
2024-01-23,MSB,MSB,9102.564453125,9102.564453125,8910.2568359375,8942.3076171875,7011420,-1.0638347297276085
2024-01-24,MSB,MSB,8974.359375,8974.359375,8846.154296875,8878.205078125,7962240,-0.7168456041401705
2024-01-25,MSB,MSB,8878.205078125,8878.205078125,8814.1025390625,8814.1025390625,14663532,-0.7220213826828803
2024-01-26,MSB,MSB,8814.1025390625,8910.2568359375,8814.1025390625,8878.205078125,4750200,0.7272724452479284
2024-01-29,MSB,MSB,8910.2568359375,8942.3076171875,8846.154296875,8878.205078125,19971120,0.0
2024-01-30,MSB,MSB,8878.205078125,9070.5126953125,8846.154296875,8910.2568359375,10252320,0.36101619111583716
2024-01-31,MSB,MSB,8910.2568359375,8942.3076171875,8685.8974609375,8717.9482421875,8797308,-2.1582833950909985
2024-02-01,MSB,MSB,8717.9482421875,8782.0517578125,8653.845703125,8653.845703125,11118900,-0.7352938705497025
2024-02-02,MSB,MSB,8653.845703125,8717.9482421875,8621.794921875,8653.845703125,8545992,0.0
2024-02-05,MSB,MSB,8717.9482421875,8910.2568359375,8685.8974609375,8910.2568359375,11348688,2.9629732445993096
2024-02-06,MSB,MSB,8974.359375,8974.359375,8878.205078125,8942.3076171875,7538076,0.3597065925275089
2024-02-07,MSB,MSB,8910.2568359375,9038.4619140625,8910.2568359375,9038.4619140625,11643996,1.0752738665597672
2024-02-15,MSB,MSB,9102.564453125,9647.435546875,9102.564453125,9647.435546875,59826624,6.737580338365179
2024-02-16,MSB,MSB,9775.640625,9839.7431640625,9615.384765625,9743.58984375,27183936,0.9966824490073467
2024-02-19,MSB,MSB,9775.640625,10192.3076171875,9711.5380859375,10000.0,49967736,2.631577892356307
2024-02-20,MSB,MSB,10000.0,10032.0517578125,9807.6923828125,10000.0,59062536,0.0
2024-02-21,MSB,MSB,9967.9482421875,10352.564453125,9871.794921875,10160.2568359375,79631448,1.6025683593750006
2024-02-22,MSB,MSB,10160.2568359375,10160.2568359375,9903.845703125,10064.1025390625,22472112,-0.9463766362174608
2024-02-23,MSB,MSB,10064.1025390625,10320.5126953125,9807.6923828125,9871.794921875,41672904,-1.9108272838147533
2024-02-26,MSB,MSB,9807.6923828125,9967.9482421875,9807.6923828125,9967.9482421875,28632864,0.9740206423801689
2024-02-27,MSB,MSB,10000.0,10032.0517578125,9871.794921875,9935.8974609375,19441812,-0.32153839959111474
2024-02-28,MSB,MSB,10000.0,10128.205078125,9807.6923828125,10128.205078125,84461364,1.9354831100416359
2024-02-29,MSB,MSB,10288.4619140625,10544.8720703125,10160.2568359375,10192.3076171875,61376796,0.6329111483035499
2024-03-01,MSB,MSB,10192.3076171875,10256.41015625,10000.0,10096.154296875,29345160,-0.9433910741700413
2024-03-04,MSB,MSB,10096.154296875,10096.154296875,9903.845703125,9967.9482421875,27956292,-1.2698503897388247
2024-03-05,MSB,MSB,9967.9482421875,10064.1025390625,9935.8974609375,10064.1025390625,18787392,0.9646347928257137
2024-03-06,MSB,MSB,10064.1025390625,10192.3076171875,9871.794921875,9935.8974609375,13658268,-1.273884855876506
2024-03-07,MSB,MSB,9967.9482421875,10000.0,9807.6923828125,9839.7431640625,17939953,-0.9677464693353177
2024-03-08,MSB,MSB,9839.7431640625,9903.845703125,9519.23046875,9519.23046875,39576888,-3.2573278587504473
2024-03-11,MSB,MSB,9519.23046875,9551.2822265625,9358.974609375,9423.0771484375,29872752,-1.0100955179954352
2024-03-12,MSB,MSB,9423.0771484375,9487.1796875,9358.974609375,9423.0771484375,13186524,0.0
2024-03-13,MSB,MSB,9455.1279296875,9615.384765625,9391.025390625,9583.3330078125,21390408,1.7006743853474005
2024-03-14,MSB,MSB,9647.435546875,9647.435546875,9423.0771484375,9423.0771484375,18322668,-1.6722351111492895
2024-03-15,MSB,MSB,9423.0771484375,9487.1796875,9262.8203125,9423.0771484375,31335564,0.0
2024-03-18,MSB,MSB,9455.1279296875,9519.23046875,8878.205078125,9102.564453125,40250184,-3.401359134214943
2024-03-19,MSB,MSB,9134.615234375,9198.7177734375,9006.41015625,9198.7177734375,41882271,1.0563322106386108
2024-03-20,MSB,MSB,9198.7177734375,9487.1796875,9166.6669921875,9487.1796875,16777800,3.1358926446843682
2024-03-21,MSB,MSB,9551.2822265625,9583.3330078125,9391.025390625,9551.2822265625,31765968,0.6756753974730634
2024-03-22,MSB,MSB,9615.384765625,9871.794921875,9551.2822265625,9647.435546875,27295320,1.0067058854683841
2024-03-25,MSB,MSB,9615.384765625,9647.435546875,9423.0771484375,9455.1279296875,17505384,-1.99335477550604
2024-03-26,MSB,MSB,9391.025390625,9519.23046875,9391.025390625,9487.1796875,27894360,0.33898809250230144
2024-03-27,MSB,MSB,9551.2822265625,9551.2822265625,9455.1279296875,9455.1279296875,26304564,-0.3378428454847371
2024-03-28,MSB,MSB,9519.23046875,9647.435546875,9455.1279296875,9551.2822265625,26378508,1.0169539491167834
2024-03-29,MSB,MSB,9487.1796875,9487.1796875,9326.9228515625,9326.9228515625,17910828,-2.3489974401138314
2024-04-01,MSB,MSB,9326.9228515625,9358.974609375,9198.7177734375,9230.76953125,15736344,-1.0309222220744707
2024-04-02,MSB,MSB,9198.7177734375,9391.025390625,9102.564453125,9358.974609375,10394592,1.3888883011429654
2024-04-03,MSB,MSB,9391.025390625,9583.3330078125,9326.9228515625,9326.9228515625,23035896,-0.34247082773782855
2024-04-04,MSB,MSB,9358.974609375,9358.974609375,9230.76953125,9230.76953125,12597000,-1.0309222220744707
2024-04-05,MSB,MSB,9198.7177734375,9230.76953125,9102.564453125,9102.564453125,11951628,-1.3888883011429543
2024-04-08,MSB,MSB,9102.564453125,9230.76953125,9102.564453125,9102.564453125,6299280,0.0
2024-04-09,MSB,MSB,9134.615234375,9262.8203125,9134.615234375,9262.8203125,6426576,1.7605572605419173
2024-04-10,MSB,MSB,9326.9228515625,9358.974609375,9198.7177734375,9198.7177734375,6624852,-0.6920412671289178
2024-04-11,MSB,MSB,9134.615234375,9230.76953125,9102.564453125,9198.7177734375,3892044,0.0
2024-04-12,MSB,MSB,9198.7177734375,9455.1279296875,9166.6669921875,9391.025390625,9391356,2.090591557693111
2024-04-15,MSB,MSB,9391.025390625,9455.1279296875,8846.154296875,8846.154296875,27211704,-5.8020404704042345
2024-04-16,MSB,MSB,8910.2568359375,8974.359375,8525.640625,8717.9482421875,21529404,-1.449285761755137
2024-04-17,MSB,MSB,8750.0,8814.1025390625,8461.5380859375,8461.5380859375,27529632,-2.941175482198799
2024-04-19,MSB,MSB,8397.435546875,8685.8974609375,8397.435546875,8621.794921875,15967848,1.8939445087865936
2024-04-22,MSB,MSB,8653.845703125,8717.9482421875,8621.794921875,8685.8974609375,5521464,0.7434941290456853
2024-04-23,MSB,MSB,8717.9482421875,8878.205078125,8653.845703125,8717.9482421875,11225448,0.36899792329048164
2024-04-24,MSB,MSB,8782.0517578125,8878.205078125,8750.0,8814.1025390625,16581240,1.1029464066980132
2024-04-25,MSB,MSB,8846.154296875,8846.154296875,8589.7431640625,8685.8974609375,49364952,-1.454544890495868
2024-04-26,MSB,MSB,8653.845703125,8750.0,8621.794921875,8717.9482421875,5497440,0.36899792329048164
2024-05-02,MSB,MSB,8717.9482421875,8750.0,8653.845703125,8717.9482421875,10070424,0.0
2024-05-03,MSB,MSB,8782.0517578125,8814.1025390625,8653.845703125,8685.8974609375,7613268,-0.3676413344013807
2024-05-06,MSB,MSB,8782.0517578125,8974.359375,8717.9482421875,8974.359375,20864532,3.321037525020065
2024-05-07,MSB,MSB,9038.4619140625,9166.6669921875,8910.2568359375,9070.5126953125,10936068,1.0714226642221991
2024-05-08,MSB,MSB,9038.4619140625,9102.564453125,8910.2568359375,9070.5126953125,23624796,0.0
2024-05-09,MSB,MSB,9070.5126953125,9134.615234375,8974.359375,9070.5126953125,6690216,0.0
2024-05-10,MSB,MSB,9102.564453125,9102.564453125,8878.205078125,9038.4619140625,15411708,-0.35335137413525786
2024-05-13,MSB,MSB,8974.359375,9006.41015625,8910.2568359375,8942.3076171875,4583124,-1.0638347297276085
2024-05-14,MSB,MSB,9006.41015625,9070.5126953125,8910.2568359375,8974.359375,5406492,0.3584282624195856
2024-05-15,MSB,MSB,9006.41015625,9038.4619140625,8910.2568359375,9038.4619140625,18550740,0.7142854033801216
2024-05-16,MSB,MSB,9070.5126953125,9198.7177734375,9038.4619140625,9198.7177734375,11987508,1.773043476851588
2024-05-17,MSB,MSB,9198.7177734375,9230.76953125,9134.615234375,9166.6669921875,6330480,-0.3484266181374873
2024-05-20,MSB,MSB,9230.76953125,9326.9228515625,9166.6669921875,9262.8203125,16788096,1.0489452752505235
2024-05-21,MSB,MSB,9262.8203125,9262.8203125,9102.564453125,9230.76953125,22332960,-0.34601536215430606
2024-05-22,MSB,MSB,9262.8203125,9262.8203125,9102.564453125,9166.6669921875,18839449,-0.6944441505714827
2024-05-23,MSB,MSB,9166.6669921875,9166.6669921875,9038.4619140625,9166.6669921875,5494164,0.0
2024-05-24,MSB,MSB,9134.615234375,9294.8720703125,8974.359375,9134.615234375,15649608,-0.3496555273559854
2024-05-27,MSB,MSB,9070.5126953125,9166.6669921875,9070.5126953125,9166.6669921875,33364500,0.35088240708687213
2024-05-28,MSB,MSB,9198.7177734375,9198.7177734375,9102.564453125,9198.7177734375,22305660,0.3496448739472635
2024-05-29,MSB,MSB,9198.7177734375,9198.7177734375,9102.564453125,9102.564453125,15927600,-1.045290470701854
2024-05-30,MSB,MSB,9070.5126953125,9102.564453125,8942.3076171875,9102.564453125,15772255,0.0
2024-05-31,MSB,MSB,9102.564453125,9166.6669921875,9038.4619140625,9166.6669921875,106077348,0.7042250499033065
2024-06-03,MSB,MSB,9230.76953125,9583.3330078125,9198.7177734375,9455.1279296875,34876608,3.1468464791602813
2024-06-04,MSB,MSB,9487.1796875,9583.3330078125,9423.0771484375,9455.1279296875,45566976,0.0
2024-06-05,MSB,MSB,9519.23046875,9551.2822265625,9358.974609375,9423.0771484375,56153136,-0.3389777641121694
2024-06-06,MSB,MSB,9455.1279296875,9519.23046875,9391.025390625,9487.1796875,11247132,0.6802718268429819
2024-06-07,MSB,MSB,9551.2822265625,9615.384765625,9455.1279296875,9487.1796875,6113172,0.0
2024-06-10,MSB,MSB,9583.3330078125,9711.5380859375,9519.23046875,9551.2822265625,11023740,0.6756753974730634
2024-06-11,MSB,MSB,9615.384765625,9615.384765625,9423.0771484375,9519.23046875,45364066,-0.3355754447645021
2024-06-12,MSB,MSB,9551.2822265625,9583.3330078125,9455.1279296875,9583.3330078125,7527069,0.6734004316098607
2024-06-13,MSB,MSB,9615.384765625,9807.6923828125,9551.2822265625,9743.58984375,15381444,1.6722453013670258
2024-06-14,MSB,MSB,9775.640625,9775.640625,9487.1796875,9487.1796875,7782840,-2.6315778923563182
2024-06-17,MSB,MSB,9487.1796875,9487.1796875,9326.9228515625,9487.1796875,18408156,0.0
2024-06-18,MSB,MSB,9487.1796875,9519.23046875,9326.9228515625,9358.974609375,59080569,-1.3513507949461379
2024-06-19,MSB,MSB,9358.974609375,9391.025390625,9230.76953125,9358.974609375,28701972,0.0
2024-06-20,MSB,MSB,9326.9228515625,9391.025390625,9230.76953125,9262.8203125,21181212,-1.0274020487103463
2024-06-21,MSB,MSB,9262.8203125,9326.9228515625,9230.76953125,9262.8203125,9661704,0.0
2024-06-24,MSB,MSB,9262.8203125,9262.8203125,9070.5126953125,9070.5126953125,30332484,-2.0761238013867644
2024-06-25,MSB,MSB,9070.5126953125,9166.6669921875,9038.4619140625,9134.615234375,33144852,0.7067135146134218
2024-06-26,MSB,MSB,9102.564453125,9198.7177734375,9006.41015625,9134.615234375,55292780,0.0
2024-06-27,MSB,MSB,9198.7177734375,9423.0771484375,9198.7177734375,9294.8720703125,70982964,1.7543906538551202
2024-06-28,MSB,MSB,9358.974609375,9358.974609375,9102.564453125,9166.6669921875,15309897,-1.3793097651605413
2024-07-01,MSB,MSB,9166.6669921875,9294.8720703125,9102.564453125,9294.8720703125,11873004,1.3986008026064978
2024-07-02,MSB,MSB,9294.8720703125,9455.1279296875,9198.7177734375,9423.0771484375,6476496,1.3793097651605413
2024-07-03,MSB,MSB,9423.0771484375,9455.1279296875,9358.974609375,9455.1279296875,8628360,0.3401307316614144
2024-07-04,MSB,MSB,9455.1279296875,9519.23046875,9391.025390625,9455.1279296875,6669624,0.0
2024-07-05,MSB,MSB,9455.1279296875,9487.1796875,9358.974609375,9391.025390625,4526496,-0.6779658566144708
2024-07-08,MSB,MSB,9358.974609375,9391.025390625,9262.8203125,9326.9228515625,21447816,-0.6825936082176187
2024-07-09,MSB,MSB,9262.8203125,9391.025390625,9230.76953125,9326.9228515625,5916768,0.0
2024-07-10,MSB,MSB,9326.9228515625,9391.025390625,9198.7177734375,9230.76953125,12113712,-1.0309222220744707
2024-07-11,MSB,MSB,9262.8203125,9294.8720703125,9198.7177734375,9198.7177734375,4909164,-0.3472273649991142
2024-07-12,MSB,MSB,9198.7177734375,9294.8720703125,9166.6669921875,9262.8203125,7093320,0.6968638525643778
2024-07-15,MSB,MSB,9294.8720703125,9391.025390625,9230.76953125,9358.974609375,10069176,1.0380671721035295
2024-07-16,MSB,MSB,9358.974609375,9455.1279296875,9326.9228515625,9358.974609375,8842080,0.0
2024-07-17,MSB,MSB,9423.0771484375,9679.4873046875,9326.9228515625,9487.1796875,30248322,1.3698624419450356
2024-07-18,MSB,MSB,9519.23046875,9551.2822265625,9391.025390625,9455.1279296875,8727576,-0.3378428454847371
2024-07-19,MSB,MSB,9455.1279296875,9647.435546875,9391.025390625,9583.3330078125,20795736,1.3559317132289417
2024-07-22,MSB,MSB,9615.384765625,9743.58984375,9487.1796875,9615.384765625,17881812,0.3344531363604908
2024-07-23,MSB,MSB,9679.4873046875,9679.4873046875,9070.5126953125,9262.8203125,30913272,-3.666670255208282
2024-07-24,MSB,MSB,9230.76953125,9358.974609375,9102.564453125,9358.974609375,9280908,1.0380671721035295
2024-07-25,MSB,MSB,9294.8720703125,9391.025390625,9198.7177734375,9326.9228515625,13402428,-0.34247082773782855
2024-07-26,MSB,MSB,9358.974609375,9423.0771484375,9262.8203125,9423.0771484375,9263280,1.0309326924355489
2024-07-29,MSB,MSB,9455.1279296875,9455.1279296875,9326.9228515625,9423.0771484375,3533400,0.0
2024-07-30,MSB,MSB,9358.974609375,9391.025390625,9230.76953125,9391.025390625,6203808,-0.34014109518157865
2024-07-31,MSB,MSB,9391.025390625,9519.23046875,9358.974609375,9391.025390625,19790628,0.0
2024-08-01,MSB,MSB,9358.974609375,9423.0771484375,9198.7177734375,9262.8203125,27423864,-1.3651872164352374
2024-08-02,MSB,MSB,9166.6669921875,9326.9228515625,9102.564453125,9294.8720703125,12806040,0.3460259049746117
2024-08-05,MSB,MSB,9134.615234375,9198.7177734375,8685.8974609375,8717.9482421875,18974904,-6.2069044496876336
2024-08-06,MSB,MSB,8750.0,8974.359375,8750.0,8974.359375,8604648,2.94118668394574
2024-08-07,MSB,MSB,8942.3076171875,8974.359375,8878.205078125,8974.359375,7168668,0.0
2024-08-08,MSB,MSB,8942.3076171875,8974.359375,8814.1025390625,8910.2568359375,7559292,-0.7142854033801105
2024-08-09,MSB,MSB,8942.3076171875,9038.4619140625,8910.2568359375,9038.4619140625,5705544,1.4388482900730137
2024-08-12,MSB,MSB,9134.615234375,9358.974609375,9102.564453125,9358.974609375,9166248,3.546097758223987
2024-08-13,MSB,MSB,9358.974609375,9391.025390625,9262.8203125,9262.8203125,4229784,-1.0274020487103463
2024-08-14,MSB,MSB,9326.9228515625,9326.9228515625,9230.76953125,9262.8203125,3376308,0.0
2024-08-15,MSB,MSB,9294.8720703125,9294.8720703125,9166.6669921875,9262.8203125,49946442,0.0
2024-08-16,MSB,MSB,9262.8203125,9455.1279296875,9230.76953125,9423.0771484375,13413036,1.7301084392324473
2024-08-19,MSB,MSB,9551.2822265625,9551.2822265625,9391.025390625,9487.1796875,8479536,0.6802718268429819
2024-08-20,MSB,MSB,9487.1796875,9519.23046875,9391.025390625,9487.1796875,8430240,0.0
2024-08-21,MSB,MSB,9487.1796875,9615.384765625,9423.0771484375,9615.384765625,35318556,1.351350794946149
2024-08-22,MSB,MSB,9679.4873046875,9711.5380859375,9551.2822265625,9615.384765625,9645168,0.0
2024-08-23,MSB,MSB,9583.3330078125,9615.384765625,9487.1796875,9551.2822265625,27800089,-0.6666663958333374
2024-08-26,MSB,MSB,9615.384765625,9647.435546875,9519.23046875,9551.2822265625,44702580,0.0
2024-08-27,MSB,MSB,9551.2822265625,9551.2822265625,9487.1796875,9519.23046875,34117044,-0.3355754447645021
2024-08-28,MSB,MSB,9708.3330078125,9833.3330078125,9583.3330078125,9833.3330078125,19743720,3.299663140772191
2024-08-29,MSB,MSB,9791.6669921875,9833.3330078125,9625.0,9625.0,33965160,-2.1186408275503443
2024-08-30,MSB,MSB,9666.6669921875,9666.6669921875,9583.3330078125,9666.6669921875,4260720,0.43290381493505947
2024-09-04,MSB,MSB,9583.3330078125,9583.3330078125,9458.3330078125,9458.3330078125,5663880,-2.1551790761321743
2024-09-05,MSB,MSB,9500.0,9583.3330078125,9416.6669921875,9458.3330078125,4627080,0.0
2024-09-06,MSB,MSB,9416.6669921875,9500.0,9333.3330078125,9500.0,4739640,0.4405320911526678
2024-09-09,MSB,MSB,9416.6669921875,9500.0,9375.0,9500.0,5378640,0.0
2024-09-10,MSB,MSB,9458.3330078125,9500.0,9375.0,9458.3330078125,10352880,-0.43859991776316054
2024-09-11,MSB,MSB,9416.6669921875,9458.3330078125,9291.6669921875,9416.6669921875,9178680,-0.4405217662624472
2024-09-12,MSB,MSB,9458.3330078125,9500.0,9375.0,9458.3330078125,2001840,0.442470947093776
2024-09-13,MSB,MSB,9458.3330078125,9583.3330078125,9375.0,9500.0,5657640,0.4405320911526678
2024-09-16,MSB,MSB,9500.0,9541.6669921875,9375.0,9500.0,7447200,0.0
2024-09-17,MSB,MSB,9458.3330078125,9541.6669921875,9375.0,9541.6669921875,2188920,0.43859991776316054
2024-09-18,MSB,MSB,9541.6669921875,9583.3330078125,9458.3330078125,9500.0,8168400,-0.4366846193816665
2024-09-19,MSB,MSB,9500.0,9583.3330078125,9458.3330078125,9583.3330078125,3051000,0.877189555921043
2024-09-20,MSB,MSB,9666.6669921875,9750.0,9583.3330078125,9625.0,8271360,0.434786020203326
2024-09-23,MSB,MSB,9625.0,9708.3330078125,9541.6669921875,9541.6669921875,37329480,-0.8657974837662286
2024-09-24,MSB,MSB,9541.6669921875,9666.6669921875,9500.0,9666.6669921875,16366920,1.3100436234291912
2024-09-25,MSB,MSB,9708.3330078125,10083.3330078125,9666.6669921875,9958.3330078125,26823960,3.0172345427924796
2024-09-26,MSB,MSB,9958.3330078125,10625.0,9958.3330078125,10500.0,56787960,5.439333990563999
2024-09-27,MSB,MSB,10625.0,10625.0,10375.0,10500.0,28125480,0.0
2024-09-30,MSB,MSB,10500.0,10958.3330078125,10458.3330078125,10875.0,31826040,3.571428571428581
2024-10-01,MSB,MSB,10875.0,10916.6669921875,10750.0,10833.3330078125,15549360,-0.38314475574712237
2024-10-02,MSB,MSB,10708.3330078125,10875.0,10708.3330078125,10875.0,17196960,0.384618400980119
2024-10-03,MSB,MSB,10875.0,11125.0,10666.6669921875,10708.3330078125,28796040,-1.5325700431034428
2024-10-04,MSB,MSB,10750.0,10750.0,10541.6669921875,10541.6669921875,16041480,-1.5564142010096704
2024-10-07,MSB,MSB,10583.3330078125,10833.3330078125,10500.0,10833.3330078125,24693600,2.766792157645992
2024-10-08,MSB,MSB,10875.0,11000.0,10666.6669921875,10666.6669921875,17909280,-1.5384555750737827
2024-10-09,MSB,MSB,10666.6669921875,10791.6669921875,10625.0,10750.0,12899760,0.781246924400425
2024-10-10,MSB,MSB,10833.3330078125,10916.6669921875,10583.3330078125,10583.3330078125,25216800,-1.5503906249999977
2024-10-11,MSB,MSB,10583.3330078125,10625.0,10500.0,10583.3330078125,15669360,0.0
2024-10-14,MSB,MSB,10666.6669921875,10708.3330078125,10458.3330078125,10583.3330078125,13120320,0.0
2024-10-15,MSB,MSB,10666.6669921875,10791.6669921875,10541.6669921875,10625.0,13594680,0.39370387529846784
2024-10-16,MSB,MSB,10541.6669921875,10583.3330078125,10458.3330078125,10583.3330078125,23015880,-0.39215992647059217
2024-10-17,MSB,MSB,10583.3330078125,11000.0,10500.0,11000.0,42230280,3.937011070897234
2024-10-18,MSB,MSB,10958.3330078125,11000.0,10791.6669921875,10875.0,40368720,-1.1363636363636354
2024-10-21,MSB,MSB,10791.6669921875,10833.3330078125,10666.6669921875,10666.6669921875,20086320,-1.9157058189655185
2024-10-22,MSB,MSB,10666.6669921875,10916.6669921875,10500.0,10625.0,39655200,-0.3906280398367934
2024-10-23,MSB,MSB,10625.0,10791.6669921875,10500.0,10708.3330078125,14277000,0.7843106617646978
2024-10-24,MSB,MSB,10708.3330078125,10750.0,10291.6669921875,10291.6669921875,19605000,-3.8910446221742667
2024-10-25,MSB,MSB,10333.3330078125,10375.0,10083.3330078125,10208.3330078125,20067960,-0.8097228994900396
2024-10-28,MSB,MSB,10250.0,10291.6669921875,10166.6669921875,10291.6669921875,7240080,0.8163329341942971
2024-10-29,MSB,MSB,10291.6669921875,10375.0,10250.0,10291.6669921875,7191360,0.0
2024-10-30,MSB,MSB,10291.6669921875,10291.6669921875,10083.3330078125,10208.3330078125,14362800,-0.8097228994900396
2024-10-31,MSB,MSB,10125.0,10333.3330078125,10083.3330078125,10291.6669921875,22674000,0.8163329341942971
2024-11-01,MSB,MSB,10208.3330078125,10250.0,10041.6669921875,10041.6669921875,11607960,-2.429149720737922
2024-11-04,MSB,MSB,10041.6669921875,10041.6669921875,9750.0,9791.6669921875,18254160,-2.489626475310347
2024-11-05,MSB,MSB,9791.6669921875,9916.6669921875,9791.6669921875,9833.3330078125,7427880,0.42552525181098755
2024-11-06,MSB,MSB,9875.0,10083.3330078125,9875.0,10041.6669921875,10387440,2.118650758694751
2024-11-07,MSB,MSB,10083.3330078125,10083.3330078125,9958.3330078125,9958.3330078125,8369880,-0.8298819751723974
2024-11-08,MSB,MSB,10000.0,10041.6669921875,9833.3330078125,10000.0,8013360,0.418413324346667
2024-11-11,MSB,MSB,9958.3330078125,9958.3330078125,9666.6669921875,9708.3330078125,19250520,-2.9166699218750036
2024-11-12,MSB,MSB,9708.3330078125,9791.6669921875,9666.6669921875,9750.0,11439840,0.4291879167511947
2024-11-13,MSB,MSB,9666.6669921875,9750.0,9541.6669921875,9750.0,11988840,0.0
2024-11-14,MSB,MSB,9750.0,9750.0,9500.0,9666.6669921875,48542436,-0.8546975160256376
2024-11-15,MSB,MSB,9583.3330078125,9625.0,9416.6669921875,9416.6669921875,10501800,-2.5862068094623214
2024-11-18,MSB,MSB,9416.6669921875,9625.0,9291.6669921875,9416.6669921875,8945280,0.0
2024-11-19,MSB,MSB,9458.3330078125,9500.0,9333.3330078125,9333.3330078125,8370672,-0.8849626353372941
2024-11-20,MSB,MSB,9291.6669921875,9541.6669921875,9250.0,9416.6669921875,44091972,0.8928641494442058
2024-11-21,MSB,MSB,9416.6669921875,9583.3330078125,9416.6669921875,9583.3330078125,6055920,1.7699045295248794
2024-11-22,MSB,MSB,9583.3330078125,9625.0,9458.3330078125,9541.6669921875,10311000,-0.4347758299855897
2024-11-25,MSB,MSB,9541.6669921875,9541.6669921875,9416.6669921875,9500.0,19283880,-0.4366846193816665
2024-11-26,MSB,MSB,9500.0,9625.0,9500.0,9500.0,7692240,0.0
2024-11-27,MSB,MSB,9500.0,9541.6669921875,9458.3330078125,9458.3330078125,11699280,-0.43859991776316054
2024-11-28,MSB,MSB,9500.0,9625.0,9458.3330078125,9500.0,5284800,0.4405320911526678
2024-11-29,MSB,MSB,9500.0,9583.3330078125,9458.3330078125,9583.3330078125,5938200,0.877189555921043
2024-12-02,MSB,MSB,9625.0,9666.6669921875,9500.0,9583.3330078125,26517600,0.0
2024-12-03,MSB,MSB,9583.3330078125,9583.3330078125,9500.0,9500.0,19074840,-0.8695618501889268
2024-12-04,MSB,MSB,9500.0,9500.0,9375.0,9375.0,6913320,-1.3157894736842146
2024-12-05,MSB,MSB,9416.6669921875,9708.3330078125,9333.3330078125,9666.6669921875,16422720,3.11111458333333
2024-12-06,MSB,MSB,9666.6669921875,9708.3330078125,9583.3330078125,9625.0,6955446,-0.4310378357004985
2024-12-09,MSB,MSB,9625.0,9708.3330078125,9583.3330078125,9666.6669921875,7712760,0.43290381493505947
2024-12-10,MSB,MSB,9666.6669921875,9750.0,9541.6669921875,9583.3330078125,5755440,-0.862075671401008
2024-12-11,MSB,MSB,9583.3330078125,9666.6669921875,9541.6669921875,9625.0,7973880,0.434786020203326
2024-12-12,MSB,MSB,9625.0,9750.0,9625.0,9625.0,5444760,0.0
2024-12-13,MSB,MSB,9625.0,9666.6669921875,9541.6669921875,9625.0,6657240,0.0
2024-12-16,MSB,MSB,9625.0,9708.3330078125,9541.6669921875,9625.0,11538840,0.0
2024-12-17,MSB,MSB,9625.0,9666.6669921875,9541.6669921875,9541.6669921875,4079880,-0.8657974837662286
2024-12-18,MSB,MSB,9583.3330078125,9583.3330078125,9500.0,9583.3330078125,5433840,0.4366743846658583
2024-12-19,MSB,MSB,9500.0,9541.6669921875,9375.0,9416.6669921875,27643560,-1.7391237003778426
2024-12-20,MSB,MSB,9416.6669921875,9458.3330078125,9375.0,9416.6669921875,3034920,0.0
2024-12-23,MSB,MSB,9458.3330078125,9500.0,9416.6669921875,9458.3330078125,5110560,0.442470947093776
2024-12-24,MSB,MSB,9458.3330078125,9458.3330078125,9375.0,9458.3330078125,10521240,0.0
2024-12-25,MSB,MSB,9416.6669921875,9750.0,9416.6669921875,9583.3330078125,12673680,1.3215859485677939
2024-12-26,MSB,MSB,9583.3330078125,9666.6669921875,9541.6669921875,9625.0,4677360,0.434786020203326
2024-12-27,MSB,MSB,9625.0,9916.6669921875,9625.0,9750.0,13762080,1.298701298701288
2024-12-30,MSB,MSB,9791.6669921875,9791.6669921875,9625.0,9750.0,4294920,0.0
2024-12-31,MSB,MSB,9750.0,9750.0,9625.0,9708.3330078125,4774080,-0.4273537660256399
2025-01-02,MSB,MSB,9666.6669921875,9708.3330078125,9583.3330078125,9625.0,3146760,-0.8583657744892004
2025-01-03,MSB,MSB,9583.3330078125,9625.0,9416.6669921875,9416.6669921875,7778040,-2.1644987824675277
2025-01-06,MSB,MSB,9416.6669921875,9500.0,9250.0,9333.3330078125,6841800,-0.8849626353372941
2025-01-07,MSB,MSB,9333.3330078125,9416.6669921875,9250.0,9250.0,5723880,-0.8928536862741976
2025-01-08,MSB,MSB,9250.0,9333.3330078125,9208.3330078125,9333.3330078125,3190920,0.90089738175676
2025-01-09,MSB,MSB,9333.3330078125,9333.3330078125,9208.3330078125,9250.0,8547120,-0.8928536862741976
2025-01-10,MSB,MSB,9208.3330078125,9250.0,9041.6669921875,9041.6669921875,9956400,-2.2522487331081087
2025-01-13,MSB,MSB,9041.6669921875,9041.6669921875,8916.6669921875,9041.6669921875,9034320,0.0
2025-01-14,MSB,MSB,9041.6669921875,9083.3330078125,8958.3330078125,8958.3330078125,2116800,-0.9216661534538373
2025-01-15,MSB,MSB,9000.0,9083.3330078125,8958.3330078125,9083.3330078125,3903360,1.3953488879123954
2025-01-16,MSB,MSB,9083.3330078125,9166.6669921875,9041.6669921875,9041.6669921875,10688160,-0.45870844533788535
2025-01-17,MSB,MSB,9083.3330078125,9125.0,9000.0,9083.3330078125,10736640,0.46082227603605475
2025-01-20,MSB,MSB,9125.0,9208.3330078125,9125.0,9166.6669921875,28909920,0.9174383929701158
2025-01-21,MSB,MSB,9166.6669921875,9250.0,9083.3330078125,9125.0,5436480,-0.45454898954016
2025-01-22,MSB,MSB,9125.0,9166.6669921875,9041.6669921875,9041.6669921875,15586080,-0.913238441780817
2025-01-23,MSB,MSB,9083.3330078125,9208.3330078125,9041.6669921875,9208.3330078125,6208440,1.843310705525969
2025-01-24,MSB,MSB,9208.3330078125,9291.6669921875,9166.6669921875,9291.6669921875,3204840,0.9049844776931826
2025-02-03,MSB,MSB,9375.0,9416.6669921875,9291.6669921875,9291.6669921875,18817680,0.0
2025-02-04,MSB,MSB,9333.3330078125,9458.3330078125,9291.6669921875,9375.0,7383000,0.8968574517636885
2025-02-05,MSB,MSB,9375.0,9458.3330078125,9375.0,9458.3330078125,16928280,0.8888854166666738
2025-02-06,MSB,MSB,9500.0,9541.6669921875,9375.0,9458.3330078125,7105920,0.0
2025-02-07,MSB,MSB,9458.3330078125,9541.6669921875,9375.0,9458.3330078125,13311960,0.0
2025-02-10,MSB,MSB,9416.6669921875,9500.0,9375.0,9416.6669921875,7959000,-0.4405217662624472
2025-02-11,MSB,MSB,9458.3330078125,9625.0,9375.0,9500.0,13501440,0.8849522647624397
2025-02-12,MSB,MSB,9541.6669921875,9625.0,9458.3330078125,9500.0,9435240,0.0
2025-02-13,MSB,MSB,9500.0,9500.0,9416.6669921875,9458.3330078125,5137800,-0.43859991776316054
2025-02-14,MSB,MSB,9500.0,9583.3330078125,9416.6669921875,9500.0,8030760,0.4405320911526678
2025-02-17,MSB,MSB,9541.6669921875,9583.3330078125,9458.3330078125,9500.0,13734660,0.0
2025-02-18,MSB,MSB,9500.0,9666.6669921875,9500.0,9541.6669921875,9649320,0.43859991776316054
2025-02-19,MSB,MSB,9541.6669921875,9625.0,9500.0,9583.3330078125,8482680,0.4366743846658583
2025-02-20,MSB,MSB,9625.0,9666.6669921875,9583.3330078125,9625.0,15767880,0.434786020203326
2025-02-21,MSB,MSB,9625.0,9666.6669921875,9541.6669921875,9625.0,23045160,0.0
2025-02-24,MSB,MSB,9583.3330078125,9708.3330078125,9583.3330078125,9625.0,7679760,0.0
2025-02-25,MSB,MSB,9666.6669921875,9708.3330078125,9583.3330078125,9625.0,25235760,0.0
2025-02-26,MSB,MSB,9625.0,9666.6669921875,9500.0,9541.6669921875,21747960,-0.8657974837662286
2025-02-27,MSB,MSB,9541.6669921875,9583.3330078125,9416.6669921875,9500.0,22515600,-0.4366846193816665
2025-02-28,MSB,MSB,9500.0,9500.0,9416.6669921875,9458.3330078125,7352494,-0.43859991776316054
2025-03-03,MSB,MSB,9458.3330078125,9500.0,9416.6669921875,9458.3330078125,21257280,0.0
2025-03-04,MSB,MSB,9458.3330078125,9541.6669921875,9375.0,9500.0,18733680,0.4405320911526678
2025-03-05,MSB,MSB,9500.0,9625.0,9416.6669921875,9416.6669921875,20843760,-0.8771895559210541
2025-03-06,MSB,MSB,9458.3330078125,9541.6669921875,9416.6669921875,9541.6669921875,11794320,1.3274335824310812
2025-03-07,MSB,MSB,9583.3330078125,9916.6669921875,9541.6669921875,9875.0,34778040,3.493446250905907
2025-03-10,MSB,MSB,9958.3330078125,9958.3330078125,9750.0,9833.3330078125,31666536,-0.42194422468354587
2025-03-11,MSB,MSB,9750.0,9791.6669921875,9666.6669921875,9791.6669921875,27721800,-0.4237222068234292
2025-03-12,MSB,MSB,9833.3330078125,9875.0,9666.6669921875,9708.3330078125,22061640,-0.8510704504298361
2025-03-13,MSB,MSB,9708.3330078125,9708.3330078125,9500.0,9500.0,19671360,-2.1459194657295955
2025-03-14,MSB,MSB,9500.0,9750.0,9458.3330078125,9666.6669921875,11731080,1.754389391447364
2025-03-17,MSB,MSB,9750.0,10333.3330078125,9708.3330078125,10083.3330078125,38367480,4.310337947523646
2025-03-18,MSB,MSB,10083.3330078125,10125.0,9875.0,10000.0,14993520,-0.8264430793660571
2025-03-19,MSB,MSB,9958.3330078125,10083.3330078125,9875.0,10083.3330078125,14457000,0.8333300781250053
2025-03-20,MSB,MSB,10125.0,10166.6669921875,9791.6669921875,9875.0,27901440,-2.0661125408739878
2025-03-21,MSB,MSB,9875.0,9958.3330078125,9833.3330078125,9833.3330078125,13561200,-0.42194422468354587
2025-03-24,MSB,MSB,9833.3330078125,9916.6669921875,9666.6669921875,9916.6669921875,17625336,0.8474642759356499
2025-03-25,MSB,MSB,10000.0,10083.3330078125,9791.6669921875,9916.6669921875,38344836,0.0
2025-03-26,MSB,MSB,9916.6669921875,9958.3330078125,9791.6669921875,9833.3330078125,5696400,-0.8403426719950535
2025-03-27,MSB,MSB,9791.6669921875,9875.0,9750.0,9833.3330078125,23160120,0.0
2025-03-28,MSB,MSB,9833.3330078125,9958.3330078125,9791.6669921875,9875.0,26171400,0.42373213796782494
2025-03-31,MSB,MSB,9833.3330078125,10208.3330078125,9791.6669921875,10166.6669921875,31928520,2.9535897943038014
2025-04-01,MSB,MSB,10166.6669921875,10208.3330078125,10041.6669921875,10166.6669921875,19591668,0.0
2025-04-02,MSB,MSB,10208.3330078125,10250.0,10041.6669921875,10041.6669921875,7648920,-1.2295081573543754
2025-04-03,MSB,MSB,9666.6669921875,9750.0,9375.0,9375.0,28473240,-6.639007175862055
2025-04-04,MSB,MSB,8750.0,9166.6669921875,8750.0,9125.0,38743788,-2.6666666666666616
2025-04-08,MSB,MSB,8750.0,8875.0,8500.0,8500.0,25867560,-6.849315068493156
2025-04-09,MSB,MSB,7916.66650390625,8583.3330078125,7916.66650390625,8333.3330078125,31795800,-1.9607881433823526
2025-04-10,MSB,MSB,8916.6669921875,8916.6669921875,8916.6669921875,8916.6669921875,5266527,7.000008085937814
2025-04-11,MSB,MSB,9000.0,9250.0,8833.3330078125,9208.3330078125,27350280,3.2710206165661226
2025-04-14,MSB,MSB,9250.0,9291.6669921875,9125.0,9250.0,9735960,0.4524922388465802
2025-04-15,MSB,MSB,9166.6669921875,9250.0,9041.6669921875,9041.6669921875,25108872,-2.2522487331081087
2025-04-16,MSB,MSB,9041.6669921875,9166.6669921875,9000.0,9041.6669921875,26869080,0.0
2025-04-17,MSB,MSB,9000.0,9125.0,8958.3330078125,9083.3330078125,9070281,0.46082227603605475
2025-04-18,MSB,MSB,9125.0,9375.0,9125.0,9291.6669921875,14650680,2.293585231278139
2025-04-21,MSB,MSB,9291.6669921875,9416.6669921875,9250.0,9291.6669921875,16532880,0.0
2025-04-22,MSB,MSB,9250.0,9375.0,8791.6669921875,9250.0,29829252,-0.4484339809264992
2025-04-23,MSB,MSB,9375.0,9541.6669921875,9375.0,9458.3330078125,11570175,2.2522487331080976
2025-04-24,MSB,MSB,9500.0,9500.0,9333.3330078125,9458.3330078125,17496000,0.0
2025-04-25,MSB,MSB,9458.3330078125,9458.3330078125,9375.0,9416.6669921875,9125448,-0.4405217662624472
2025-04-28,MSB,MSB,9458.3330078125,9500.0,9333.3330078125,9375.0,3132493,-0.4424813176686526
2025-04-29,MSB,MSB,9375.0,9375.0,9333.3330078125,9333.3330078125,5336095,-0.44444791666666816
2025-05-05,MSB,MSB,9375.0,9458.3330078125,9333.3330078125,9375.0,4540604,0.4464320747221029
2025-05-06,MSB,MSB,9375.0,9458.3330078125,9333.3330078125,9375.0,7390306,0.0
2025-05-07,MSB,MSB,9375.0,9416.6669921875,9291.6669921875,9333.3330078125,10743106,-0.44444791666666816
2025-05-08,MSB,MSB,9333.3330078125,9500.0,9333.3330078125,9458.3330078125,12192252,1.3392857609962894
2025-05-09,MSB,MSB,9500.0,9500.0,9375.0,9416.6669921875,7927532,-0.4405217662624472
2025-05-12,MSB,MSB,9458.3330078125,9541.6669921875,9375.0,9500.0,10415728,0.8849522647624397
2025-05-13,MSB,MSB,9583.3330078125,9583.3330078125,9500.0,9541.6669921875,10853468,0.43859991776316054
2025-05-14,MSB,MSB,9541.6669921875,9666.6669921875,9541.6669921875,9625.0,14191620,0.8733590040475248
2025-05-15,MSB,MSB,9666.6669921875,10000.0,9666.6669921875,10000.0,32911956,3.8961038961038863
2025-05-16,MSB,MSB,10000.0,10041.6669921875,9750.0,9791.6669921875,20466552,-2.083330078125001
2025-05-19,MSB,MSB,9750.0,9875.0,9666.6669921875,9708.3330078125,7914909,-0.8510704504298361
2025-05-20,MSB,MSB,9750.0,9958.3330078125,9666.6669921875,9875.0,24783696,1.716741607991601
2025-05-21,MSB,MSB,9958.3330078125,10041.6669921875,9750.0,9875.0,30258456,0.0
2025-05-22,MSB,MSB,9875.0,9875.0,9708.3330078125,9708.3330078125,9453037,-1.687767009493668
2025-05-23,MSB,MSB,9708.3330078125,9791.6669921875,9666.6669921875,9666.6669921875,11004297,-0.42917785773799455
2025-05-26,MSB,MSB,9708.3330078125,9750.0,9583.3330078125,9708.3330078125,10469514,0.4310277333301471
2025-05-27,MSB,MSB,9791.6669921875,9916.6669921875,9708.3330078125,9750.0,17747652,0.4291879167511947
2025-05-28,MSB,MSB,9833.3330078125,9833.3330078125,9666.6669921875,9708.3330078125,23136636,-0.4273537660256399
2025-05-29,MSB,MSB,9750.0,9833.3330078125,9708.3330078125,9750.0,16926576,0.4291879167511947
2025-05-30,MSB,MSB,9750.0,9791.6669921875,9625.0,9625.0,6191469,-1.2820512820512775
2025-06-02,MSB,MSB,9625.0,9666.6669921875,9583.3330078125,9625.0,22192416,0.0
2025-06-03,MSB,MSB,9708.3330078125,9916.6669921875,9666.6669921875,9833.3330078125,11932701,2.164498782467539
2025-06-04,MSB,MSB,9833.3330078125,9916.6669921875,9750.0,9791.6669921875,14175084,-0.4237222068234292
2025-06-05,MSB,MSB,9791.6669921875,9791.6669921875,9666.6669921875,9708.3330078125,5962779,-0.8510704504298361
2025-06-06,MSB,MSB,9708.3330078125,9791.6669921875,9666.6669921875,9666.6669921875,9700377,-0.42917785773799455
2025-06-09,MSB,MSB,9666.6669921875,9708.3330078125,9583.3330078125,9625.0,28005684,-0.4310378357004985
2025-06-10,MSB,MSB,9750.0,9750.0,9625.0,9708.3330078125,16963164,0.8657974837662286
2025-06-11,MSB,MSB,9708.3330078125,9791.6669921875,9666.6669921875,9708.3330078125,16017216,0.0
2025-06-12,MSB,MSB,9750.0,10000.0,9708.3330078125,9916.6669921875,36182088,2.145929524742818
2025-06-13,MSB,MSB,9791.6669921875,10000.0,9750.0,9958.3330078125,25920384,0.42016148830876787
2025-06-16,MSB,MSB,9958.3330078125,10250.0,9958.3330078125,10166.6669921875,25180680,2.092056815247667
2025-06-17,MSB,MSB,10250.0,10333.3330078125,10083.3330078125,10166.6669921875,25816956,0.0
2025-06-18,MSB,MSB,10166.6669921875,10208.3330078125,10041.6669921875,10083.3330078125,20890980,-0.8196785085912373
2025-06-19,MSB,MSB,10083.3330078125,10166.6669921875,10000.0,10041.6669921875,10490646,-0.41321669722419463
2025-06-20,MSB,MSB,10125.0,10250.0,10041.6669921875,10041.6669921875,27322572,0.0
2025-06-23,MSB,MSB,10000.0,10083.3330078125,9916.6669921875,10000.0,19354452,-0.4149409875861987
2025-06-24,MSB,MSB,10125.0,10125.0,10000.0,10000.0,7747713,0.0
2025-06-25,MSB,MSB,10041.6669921875,10125.0,10000.0,10000.0,24392400,0.0
2025-06-26,MSB,MSB,10041.6669921875,10083.3330078125,9958.3330078125,10000.0,18142332,0.0
2025-06-27,MSB,MSB,10041.6669921875,10083.3330078125,9958.3330078125,10000.0,8264047,0.0
2025-06-30,MSB,MSB,10041.6669921875,10083.3330078125,9958.3330078125,10000.0,5673184,0.0
2025-07-01,MSB,MSB,10041.6669921875,10333.3330078125,10000.0,10208.3330078125,17178312,2.083330078125001
2025-07-02,MSB,MSB,10208.3330078125,10291.6669921875,10125.0,10208.3330078125,6626360,0.0
2025-07-03,MSB,MSB,10208.3330078125,10291.6669921875,10083.3330078125,10125.0,21265884,-0.8163233678674553
2025-07-04,MSB,MSB,10125.0,10208.3330078125,10083.3330078125,10125.0,12961752,0.0
2025-07-07,MSB,MSB,10166.6669921875,10500.0,10166.6669921875,10416.6669921875,35436132,2.880661651234573
2025-07-08,MSB,MSB,10458.3330078125,10625.0,10458.3330078125,10583.3330078125,16899240,1.5999937000001907
2025-07-09,MSB,MSB,10666.6669921875,10833.3330078125,10541.6669921875,10750.0,26842416,1.5748062738313973
2025-07-10,MSB,MSB,10833.3330078125,10875.0,10666.6669921875,10708.3330078125,11721055,-0.387599927325577
2025-07-11,MSB,MSB,10708.3330078125,10833.3330078125,10541.6669921875,10750.0,26648448,0.38910811007746293
2025-07-14,MSB,MSB,10791.6669921875,10833.3330078125,10625.0,10791.6669921875,9958018,0.387599927325577
2025-07-15,MSB,MSB,10833.3330078125,11125.0,10791.6669921875,10958.3330078125,23711652,1.5443954649977165
2025-07-16,MSB,MSB,10916.6669921875,11000.0,10875.0,11000.0,23629644,0.3802311187093288
2025-07-17,MSB,MSB,11125.0,11166.6669921875,10875.0,11041.6669921875,15601752,0.37879083806817704
2025-07-18,MSB,MSB,11041.6669921875,11125.0,10875.0,11041.6669921875,16547472,0.0
2025-07-21,MSB,MSB,11041.6669921875,11125.0,10958.3330078125,11083.3330078125,19532244,0.37735258321485166
2025-07-22,MSB,MSB,11041.6669921875,11166.6669921875,11000.0,11166.6669921875,11487804,0.7518855953913661
2025-07-23,MSB,MSB,11208.3330078125,11416.6669921875,11166.6669921875,11333.3330078125,16624752,1.4925314396999845
2025-07-24,MSB,MSB,11333.3330078125,11583.3330078125,11291.6669921875,11458.3330078125,19124904,1.1029412081497325
2025-07-25,MSB,MSB,11500.0,11750.0,11458.3330078125,11750.0,24002016,2.545457458677758
2025-07-28,MSB,MSB,11916.6669921875,12375.0,11875.0,12250.0,29480136,4.255319148936176
2025-07-29,MSB,MSB,12291.6669921875,12333.3330078125,11416.6669921875,11500.0,46235388,-6.122448979591832
2025-07-30,MSB,MSB,11500.0,11750.0,11333.3330078125,11666.6669921875,28081224,1.4492781929347887
2025-07-31,MSB,MSB,11666.6669921875,11666.6669921875,11166.6669921875,11500.0,27753960,-1.4285741788902295
2025-08-01,MSB,MSB,11416.6669921875,11583.3330078125,11125.0,11250.0,34449996,-2.1739130434782594
2025-08-04,MSB,MSB,11208.3330078125,11791.6669921875,11125.0,11750.0,25832892,4.444444444444451
2025-08-05,MSB,MSB,11958.3330078125,12166.6669921875,11500.0,11833.3330078125,53504424,0.7092170877659676
2025-08-06,MSB,MSB,11875.0,12250.0,11791.6669921875,12083.3330078125,25937508,2.1126761144552253
2025-08-07,MSB,MSB,12291.6669921875,12791.6669921875,12291.6669921875,12791.6669921875,53253816,5.862074511370552
2025-08-08,MSB,MSB,13041.6669921875,13250.0,12625.0,12833.3330078125,33064188,0.3257278011571607
2025-08-11,MSB,MSB,12875.0,13000.0,12583.3330078125,12791.6669921875,26051136,-0.324670259858717
2025-08-12,MSB,MSB,12791.6669921875,12875.0,12541.6669921875,12833.3330078125,18041724,0.3257278011571607
2025-08-13,MSB,MSB,12916.6669921875,13208.3330078125,12625.0,12916.6669921875,37545624,0.6493557388736804
2025-08-14,MSB,MSB,13083.3330078125,13458.3330078125,12958.3330078125,13458.3330078125,63120420,4.193543241090136
2025-08-15,MSB,MSB,13625.0,13708.3330078125,13166.6669921875,13208.3330078125,38687844,-1.8575851842488666
2025-08-18,MSB,MSB,13333.3330078125,13333.3330078125,12875.0,13041.6669921875,27417516,-1.2618247550725714
2025-08-19,MSB,MSB,13125.0,13250.0,13000.0,13125.0,49113660,0.6389751238274899
2025-08-20,MSB,MSB,13291.6669921875,13791.6669921875,13000.0,13625.0,61861476,3.809523809523818
2025-08-21,MSB,MSB,13833.3330078125,14541.6669921875,13750.0,14541.6669921875,39930468,6.727831135321094
2025-08-22,MSB,MSB,15416.6669921875,15416.6669921875,14333.3330078125,15000.0,83791392,3.1518601550890812
2025-08-25,MSB,MSB,15083.3330078125,15166.6669921875,13958.3330078125,13958.3330078125,66537420,-6.944446614583333
2025-08-26,MSB,MSB,13625.0,14916.6669921875,13416.6669921875,14916.6669921875,95158200,6.86567646608387
2025-08-27,MSB,MSB,15125.0,15291.6669921875,14666.6669921875,14833.3330078125,40274904,-0.5586635702107268
2025-08-28,MSB,MSB,14875.0,14958.3330078125,14541.6669921875,14625.0,57480468,-1.4044922183218955
2025-08-29,MSB,MSB,14708.3330078125,14833.3330078125,14541.6669921875,14750.0,26573196,0.8547008547008517
2025-09-03,MSB,MSB,14791.6669921875,15041.6669921875,14791.6669921875,14833.3330078125,36414984,0.5649695444915226
2025-09-04,MSB,MSB,15000.0,15416.6669921875,14833.3330078125,15416.6669921875,70872096,3.9325887450094132
2025-09-05,MSB,MSB,15541.6669921875,15625.0,14750.0,14750.0,46213560,-4.324326344503248
2025-09-08,MSB,MSB,14800.0,15200.0,13800.0,13850.0,35456280,-6.101694915254241
2025-09-09,MSB,MSB,14000.0,14150.0,13700.0,14000.0,13694480,1.0830324909747224
2025-09-10,MSB,MSB,14100.0,14150.0,13650.0,13750.0,9134545,-1.7857142857142905
2025-09-11,MSB,MSB,13750.0,13750.0,13050.0,13550.0,29169770,-1.4545454545454528
2025-09-12,MSB,MSB,13650.0,13950.0,13500.0,13850.0,32308870,2.2140221402213944
2025-09-15,MSB,MSB,13850.0,13900.0,13600.0,13750.0,9549590,-0.7220216606498187
2025-09-16,MSB,MSB,13850.0,14100.0,13800.0,14000.0,31518680,1.8181818181818077
2025-09-17,MSB,MSB,14000.0,14200.0,13800.0,13950.0,24515560,-0.3571428571428559
2025-09-18,MSB,MSB,14050.0,14050.0,13550.0,13600.0,10744180,-2.508960573476704
2025-09-19,MSB,MSB,13800.0,13800.0,13450.0,13500.0,6212859,-0.7352941176470562
2025-09-22,MSB,MSB,13500.0,13550.0,13000.0,13100.0,17975300,-2.9629629629629672
2025-09-23,MSB,MSB,13100.0,13300.0,13100.0,13100.0,4889058,0.0
2025-09-24,MSB,MSB,13100.0,13450.0,13000.0,13450.0,13597090,2.6717557251908497
2025-09-25,MSB,MSB,13500.0,13500.0,13300.0,13300.0,4262640,-1.115241635687736
2025-09-26,MSB,MSB,13350.0,13350.0,13100.0,13100.0,6325653,-1.5037593984962405
2025-09-29,MSB,MSB,13100.0,13200.0,13050.0,13150.0,25256090,0.3816793893129722
2025-09-30,MSB,MSB,13150.0,13200.0,13000.0,13150.0,16066350,0.0
2025-10-01,MSB,MSB,13150.0,13350.0,13150.0,13250.0,11814850,0.7604562737642651
2025-10-02,MSB,MSB,13300.0,13600.0,13300.0,13300.0,11288550,0.37735849056603765
2025-10-03,MSB,MSB,13300.0,13350.0,13100.0,13100.0,7577525,-1.5037593984962405
2025-10-06,MSB,MSB,13150.0,13550.0,13150.0,13550.0,16473320,3.435114503816794
2025-10-07,MSB,MSB,13650.0,13750.0,13350.0,13400.0,15339710,-1.1070110701106972
2025-10-08,MSB,MSB,13650.0,13750.0,13400.0,13600.0,23747940,1.4925373134328401
2025-10-09,MSB,MSB,13650.0,13800.0,13550.0,13700.0,14125530,0.7352941176470562
2025-10-10,MSB,MSB,13700.0,13800.0,13550.0,13700.0,30216460,0.0
2025-10-13,MSB,MSB,13450.0,13600.0,13400.0,13450.0,16912020,-1.8248175182481785
2025-10-14,MSB,MSB,13500.0,13650.0,13250.0,13250.0,12467120,-1.486988847583648
2025-10-15,MSB,MSB,13300.0,13450.0,13200.0,13250.0,6350605,0.0
2025-10-16,MSB,MSB,13250.0,13300.0,13100.0,13250.0,19107050,0.0
2025-10-17,MSB,MSB,13250.0,13250.0,13050.0,13050.0,17350680,-1.5094339622641506
2025-10-20,MSB,MSB,13050.0,13100.0,12200.0,12200.0,26303390,-6.513409961685824
2025-10-21,MSB,MSB,12250.0,12550.0,12050.0,12350.0,16620420,1.2295081967213184
2025-10-22,MSB,MSB,12700.0,12700.0,12250.0,12450.0,6605827,0.809716599190291
2025-10-23,MSB,MSB,12450.0,12550.0,12350.0,12400.0,3926014,-0.40160642570281624
2025-10-24,MSB,MSB,12350.0,12400.0,12100.0,12300.0,11241450,-0.8064516129032251
2025-10-27,MSB,MSB,12400.0,12400.0,12100.0,12100.0,6379092,-1.6260162601625994
2025-10-28,MSB,MSB,12100.0,12200.0,11900.0,12200.0,9075565,0.8264462809917328
2025-10-29,MSB,MSB,12150.0,12650.0,12100.0,12550.0,10878080,2.868852459016402
2025-10-30,MSB,MSB,12600.0,12650.0,12250.0,12350.0,4419336,-1.5936254980079667
2025-10-31,MSB,MSB,12350.0,12350.0,12050.0,12050.0,10067250,-2.429149797570851
2025-11-03,MSB,MSB,12150.0,12300.0,12000.0,12000.0,6727381,-0.4149377593360981
2025-11-04,MSB,MSB,12000.0,12350.0,11850.0,12300.0,8249385,2.499999999999991
2025-11-05,MSB,MSB,12300.0,12300.0,12150.0,12200.0,3274251,-0.8130081300813052
2025-11-06,MSB,MSB,12200.0,12250.0,12100.0,12100.0,2875679,-0.8196721311475419
2025-11-07,MSB,MSB,12100.0,12200.0,12000.0,12100.0,6565141,0.0
2025-11-10,MSB,MSB,12050.0,12150.0,11950.0,12000.0,3926799,-0.8264462809917328
2025-11-11,MSB,MSB,12050.0,12150.0,11950.0,12100.0,5453595,0.8333333333333304
2025-11-12,MSB,MSB,12150.0,12200.0,12050.0,12200.0,4379133,0.8264462809917328
2025-11-13,MSB,MSB,12250.0,12250.0,12100.0,12100.0,4513299,-0.8196721311475419
2025-11-14,MSB,MSB,12100.0,12150.0,12000.0,12050.0,4856123,-0.4132231404958664
2025-11-17,MSB,MSB,12100.0,12400.0,12100.0,12400.0,8431331,2.9045643153526868
2025-11-18,MSB,MSB,12400.0,12400.0,12250.0,12300.0,4948997,-0.8064516129032251
2025-11-19,MSB,MSB,12300.0,12350.0,12150.0,12150.0,22312920,-1.2195121951219523
2025-11-20,MSB,MSB,12200.0,12250.0,12100.0,12150.0,31626550,0.0
2025-11-21,MSB,MSB,12150.0,12200.0,12050.0,12150.0,7083969,0.0
2025-11-24,MSB,MSB,12150.0,12200.0,12100.0,12150.0,1695340,0.0
2025-11-25,MSB,MSB,12150.0,12200.0,12000.0,12050.0,4722087,-0.8230452674897082
2025-11-26,MSB,MSB,12100.0,12200.0,12050.0,12200.0,3808497,1.2448132780082943
2025-11-27,MSB,MSB,12400.0,13050.0,12350.0,13050.0,23240280,6.9672131147541005
2025-11-28,MSB,MSB,13400.0,13700.0,13050.0,13150.0,23131780,0.766283524904221
2025-12-01,MSB,MSB,13250.0,13300.0,12900.0,12900.0,10431850,-1.9011406844106515
2025-12-02,MSB,MSB,12850.0,12900.0,12550.0,12700.0,14126420,-1.5503875968992276
2025-12-03,MSB,MSB,12850.0,13150.0,12750.0,13050.0,18895080,2.7559055118110187
2025-12-04,MSB,MSB,13100.0,13200.0,12950.0,12950.0,38528410,-0.7662835249042099
2025-12-05,MSB,MSB,13050.0,13400.0,12900.0,13150.0,11951930,1.5444015444015413
2025-12-08,MSB,MSB,13250.0,13250.0,12950.0,13000.0,23257310,-1.1406844106463865
2025-12-09,MSB,MSB,13000.0,13000.0,12650.0,12800.0,9471349,-1.538461538461533
2025-12-10,MSB,MSB,12800.0,12900.0,12750.0,12800.0,13735490,0.0
2025-12-11,MSB,MSB,12850.0,12950.0,12750.0,12800.0,45107850,0.0
2025-12-12,MSB,MSB,12850.0,12850.0,12400.0,12400.0,9396526,-3.125
2025-12-15,MSB,MSB,12300.0,12500.0,12200.0,12250.0,5845610,-1.2096774193548376
2025-12-16,MSB,MSB,12250.0,12600.0,12200.0,12500.0,3273007,2.0408163265306145
2025-12-17,MSB,MSB,12500.0,12550.0,12400.0,12450.0,9374127,-0.40000000000000036
2025-12-18,MSB,MSB,12400.0,12500.0,12350.0,12500.0,2964415,0.40160642570281624
2025-12-19,MSB,MSB,12550.0,12850.0,12500.0,12700.0,5511055,1.6000000000000014
2025-12-22,MSB,MSB,12750.0,12950.0,12700.0,12900.0,6598812,1.5748031496062964
2025-12-23,MSB,MSB,12950.0,13000.0,12500.0,12600.0,41202350,-2.3255813953488413
2025-12-24,MSB,MSB,12500.0,12750.0,12400.0,12600.0,6086570,0.0
2025-12-25,MSB,MSB,12550.0,12600.0,12400.0,12400.0,20507930,-1.5873015873015928
2025-12-26,MSB,MSB,12400.0,12400.0,12150.0,12300.0,16746570,-0.8064516129032251
2025-12-29,MSB,MSB,12300.0,12400.0,12250.0,12300.0,10682590,0.0
2025-12-30,MSB,MSB,12300.0,12500.0,12300.0,12500.0,5700895,1.6260162601626105
2025-12-31,MSB,MSB,12550.0,12550.0,12250.0,12400.0,8972985,-0.8000000000000007
2026-01-05,MSB,MSB,12400.0,12450.0,12250.0,12300.0,5903175,-0.8064516129032251
2026-01-06,MSB,MSB,12300.0,12450.0,12200.0,12400.0,14584210,0.8130081300812941
2026-01-07,MSB,MSB,12400.0,12700.0,12400.0,12600.0,8030486,1.6129032258064502
2026-01-08,MSB,MSB,12600.0,12900.0,12500.0,12650.0,16642410,0.3968253968253954
2026-01-09,MSB,MSB,12700.0,12850.0,12500.0,12500.0,12352850,-1.1857707509881465
2026-01-12,MSB,MSB,12550.0,12950.0,12500.0,12900.0,23237350,3.200000000000003
2026-01-13,MSB,MSB,13000.0,13000.0,12800.0,12850.0,21441410,-0.3875968992248069
2026-01-14,MSB,MSB,12850.0,12900.0,12550.0,12600.0,11814280,-1.945525291828798
2026-01-15,MSB,MSB,12650.0,12700.0,12500.0,12600.0,8363179,0.0
2026-01-16,MSB,MSB,12600.0,12750.0,12550.0,12550.0,10217560,-0.3968253968253954
2026-01-19,MSB,MSB,12600.0,12650.0,12500.0,12650.0,7228845,0.7968127490039834
2026-01-20,MSB,MSB,12700.0,12800.0,12550.0,12550.0,5290163,-0.7905138339920903
2026-01-21,MSB,MSB,12450.0,12600.0,12400.0,12500.0,23095740,-0.3984063745019917
2026-01-22,MSB,MSB,12500.0,12600.0,12500.0,12600.0,6610351,0.8000000000000007
2026-01-23,MSB,MSB,12600.0,12650.0,12450.0,12450.0,3764718,-1.1904761904761862
2026-01-26,MSB,MSB,12450.0,12500.0,12200.0,12250.0,41301700,-1.6064257028112428
2026-01-27,MSB,MSB,12300.0,12300.0,12150.0,12200.0,4260968,-0.40816326530612734
2026-01-28,MSB,MSB,12250.0,12300.0,12100.0,12150.0,4662894,-0.4098360655737654
2026-01-29,MSB,MSB,12150.0,12250.0,12100.0,12150.0,5848533,0.0
2026-01-30,MSB,MSB,12200.0,12400.0,12200.0,12400.0,5286558,2.0576131687242816
2026-02-02,MSB,MSB,12350.0,12350.0,12150.0,12200.0,20078860,-1.6129032258064502
2026-02-03,MSB,MSB,12250.0,12300.0,12150.0,12200.0,5187105,0.0
2026-02-04,MSB,MSB,12200.0,12250.0,12100.0,12200.0,7031056,0.0
2026-02-05,MSB,MSB,12200.0,12250.0,12100.0,12100.0,4509466,-0.8196721311475419
2026-02-06,MSB,MSB,12100.0,12100.0,11900.0,12000.0,63929980,-0.8264462809917328
2026-02-09,MSB,MSB,12000.0,12050.0,11850.0,11850.0,80511810,-1.2499999999999956
2026-02-10,MSB,MSB,11900.0,11950.0,11800.0,11800.0,36197110,-0.42194092827003704
2026-02-11,MSB,MSB,11850.0,12100.0,11800.0,12000.0,16039380,1.6949152542372836
2026-02-12,MSB,MSB,12050.0,12100.0,11950.0,12100.0,2075510,0.8333333333333304
2026-02-13,MSB,MSB,12050.0,12100.0,12000.0,12050.0,2104218,-0.4132231404958664
